"file_name","file_count","unique_hash_count","same_content_all","sample_paths"
"3","54","27","NO","J11B直管\J11BS.0740.A\3 | VJMsg\30 11\30 11.5314\045\3 | VJMsg\30 11\30 11.5314\050\3"
"5","51","28","NO","J11B直管\J11BS.0740.A\新建文件夹\5 | VJMsg\30 11\30 11.5314\035\5 | VJMsg\30 11\30 11.5314\050\5"
"4","43","17","NO","J11B直管\J11BS.0740.A\4 | VJMsg\30 11\30 11.5314\045\4 | VJMsg\30 11\30 11.5314\050\4"
"2","43","24","NO","J11B直管\J11BS.0740.A\2 | VJMsg\30 11\30 11.5314\045\2 | VJMsg\30 11\30 11.5314\050\2"
"9","42","18","NO","J11B直管\J11BS.0740.A\9 | VJMsg\30 11\30 11.5314\035\9 | VJMsg\30 11\30 11.5314\600\9"
"21","42","21","NO","J11B直管\J11BS.0740.A\21 | VJMsg\30 11\30 11.5314\045\21 | VJMsg\30 11\30 11.5314\050\21"
"22","41","24","NO","J11B直管\J11BS.0740.A\新建文件夹\22 | J11B直管\J11BS.5314  5324\22 | VJMsg\22"
"6","41","21","NO","J11B直管\J11BS.0740.A\6 | VJMsg\30 11\30 11.5314\035\6 | VJMsg\30 11\30 11.5314\300\6"
"61","41","19","NO","J11B直管\J11BS.0740.A\61 | VJMsg\30 11\30 11.5314\035\61 | VJMsg\30 11\30 11.5314\210\61"
"12","40","16","NO","J11B直管\J11BS.0740.A\12 | VJMsg\30 11\30 11.5314\045\12 | VJMsg\30 11\30 11.5314\050\12"
"7","39","18","NO","J11B直管\J11BS.0740.A\7 | VJMsg\30 11\30 11.5314\045\7 | VJMsg\30 11\30 11.5314\600\7"
"19","39","22","NO","J11B直管\J11BS.0740.A\新建文件夹 (2)\19 | VJMsg\30 11\30 11.5314\035\19 | VJMsg\30 11\30 11.5314\050\19"
"11","39","18","NO","VJMsg\30 11\30 11.5314\050\11 | VJMsg\30 11\30 11.5314\815\11 | VJMsg\30 11\30 11.5324\600\11"
"66","35","17","NO","VJMsg\30 11\30 11.5314\045\66 | VJMsg\30 11\30 11.5314\210\66 | VJMsg\30 11\30 11.5314\330\66"
"13","34","20","NO","VJMsg\30 11\30 11.5314\050\13 | VJMsg\30 11\30 11.5314\300\13 | VJMsg\30 11\30 11.5314\325\13"
"60","33","14","NO","VJMsg\30 11\30 11.5314\035\60 | VJMsg\30 11\30 11.5314\325\60 | VJMsg\30 11\30 11.5314\720\60"
"57","33","13","NO","J11B直管\J11BS.0740.A\新建文件夹\57 | VJMsg\30 11\30 11.5314\045\57 | VJMsg\30 11\30 11.5314\410\57"
"28","33","18","NO","VJMsg\30 11\30 11.5314\045\28 | VJMsg\30 11\30 11.5314\215\28 | VJMsg\30 11\30 11.5314\325\28"
"58","32","13","NO","VJMsg\30 11\30 11.5314\210\58 | VJMsg\30 11\30 11.5314\330\58 | VJMsg\30 11\30 11.5314\815\58"
"20","32","14","NO","J11B直管\J11BS.0740.A\新建文件夹\20 | VJMsg\30 11\30 11.5314\050\20 | VJMsg\30 11\30 11.5314\300\20"
"55","31","11","NO","J11B直管\J11BS.0740.A\新建文件夹\55 | VJMsg\30 11\30 11.5314\045\55 | VJMsg\30 11\30 11.5324\210\55"
"68","31","14","NO","VJMsg\30 11\30 11.5314\045\68 | VJMsg\30 11\30 11.5314\210\68 | VJMsg\30 11\30 11.5314\330\68"
"15","31","16","NO","VJMsg\30 11\30 11.5314\045\15 | VJMsg\30 11\30 11.5314\050\15 | VJMsg\30 11\30 11.5314\300\15"
"14","30","17","NO","J11B直管\J11BS.0740.A\新建文件夹\14 | VJMsg\30 11\30 11.5314\045\14 | VJMsg\30 11\30 11.5314\050\14"
"27","30","16","NO","J11B直管\J11BS.0740.A\27 | VJMsg\30 11\30 11.5314\215\27 | VJMsg\30 11\30 11.5314\300\27"
"37","29","16","NO","J11B直管\J11BS.0740.A\37 | VJMsg\30 11\30 11.5314\035\37 | VJMsg\30 11\30 11.5314\215\37"
"63","28","15","NO","J11B直管\J11BS.0740.A\63 | VJMsg\30 11\30 11.5314\045\63 | VJMsg\30 11\30 11.5314\210\63"
"25","28","16","NO","J11B直管\J11BS.0740.A\新建文件夹 (2)\25 | J11B直管\J11BS.5314  5324\25 | VJMsg\30 11\30 11.5314\215\25"
"35","27","20","NO","J11B直管\J11BS.0740.A\新建文件夹 (2)\35 | VJMsg\30 11\30 11.5314\035\35 | VJMsg\30 11\30 11.5314\045\35"
"18","27","14","NO","J11B直管\J11BS.0740.A\新建文件夹\18 | VJMsg\30 11\30 11.5314\045\18 | VJMsg\30 11\30 11.5314\300\18"
"69","27","12","NO","J11B直管\J11BS.0740.A\69 | VJMsg\30 11\30 11.5314\035\69 | VJMsg\30 11\30 11.5314\045\69"
"70","26","11","NO","VJMsg\30 11\30 11.5314\210\70 | VJMsg\30 11\30 11.5314\330\70 | VJMsg\30 11\30 11.5314\815\70"
"65","26","12","NO","J11B直管\J11BS.0740.A\65 | VJMsg\30 11\30 11.5314\330\65 | VJMsg\30 11\30 11.5314\815\65"
"56","26","10","NO","VJMsg\30 11\30 11.5314\330\56 | VJMsg\30 11\30 11.5324\900\56 | VJMsg\J11B钢管\5314.B.035\035\220\56"
"8","25","14","NO","J11B直管\J11BS.0740.A\8 | VJMsg\30 11\30 11.5314\045\8 | VJMsg\J11BS.7420.A\J11BS.0740.A\8"
"72","25","11","NO","VJMsg\30 11\30 11.5314\035\72 | VJMsg\30 11\30 11.5324\210\72 | VJMsg\30 11\30 11.5324\325\72"
"1","25","18","NO","J11B直管\J11BS.0740.A\1 | VJMsg\30 11\30 11.5314\045\1 | VJMsg\30 11\30 11.5314\050\1"
"41","24","11","NO","J11B直管\J11BS.0740.A\41 | VJMsg\30 11\30 11.5314\045\41 | VJMsg\30 11\30 11.5314\210\41"
"64","23","14","NO","VJMsg\30 11\30 11.5314\035\64 | VJMsg\30 11\30 11.5314\210\64 | VJMsg\30 11\30 11.5314\815\64"
"29","23","15","NO","J11B直管\J11BS.0740.A\29 | VJMsg\30 11\30 11.5314\035\29 | VJMsg\30 11\30 11.5314\045\29"
"43","23","11","NO","J11B直管\J11BS.0740.A\43 | VJMsg\30 11\30 11.5314\045\43 | VJMsg\30 11\30 11.5314\215\43"
"36","22","16","NO","VJMsg\30 11\30 11.5314\035\36 | VJMsg\30 11\30 11.5314\045\36 | VJMsg\30 11\30 11.5314\215\36"
"38","22","11","NO","VJMsg\30 11\30 11.5314\035\38 | VJMsg\30 11\30 11.5314\045\38 | VJMsg\30 11\30 11.5314\215\38"
"53","22","12","NO","J11B直管\J11BS.0740.A\53 | VJMsg\30 11\30 11.5314\300\53 | VJMsg\30 11\30 11.5314\815\53"
"73","21","11","NO","J11B直管\J11BS.0740.A\73 | VJMsg\30 11\30 11.5314\035\73 | VJMsg\30 11\30 11.5314\045\73"
"31","21","14","NO","J11B直管\J11BS.0740.A\31 | VJMsg\30 11\30 11.5314\215\31 | VJMsg\30 11\30 11.5314\300\31"
"23","21","14","NO","J11B直管\J11BS.0740.A\23 | VJMsg\30 11\30 11.5314\045\23 | VJMsg\30 11\30 11.5314\050\23"
"44","21","9","NO","VJMsg\30 11\30 11.5314\215\44 | VJMsg\30 11\30 11.5314\300\44 | VJMsg\30 11\30 11.5324\045\44"
"30","21","15","NO","VJMsg\30 11\30 11.5314\035\30 | VJMsg\30 11\30 11.5314\045\30 | VJMsg\30 11\30 11.5314\300\30"
"34","21","11","NO","VJMsg\30 11\30 11.5314\035\34 | VJMsg\30 11\30 11.5314\215\34 | VJMsg\30 11\30 11.5314\300\34"
"62","20","9","NO","VJMsg\30 11\30 11.5314\210\62 | VJMsg\30 11\30 11.5314\815\62 | VJMsg\30 11\30 11.5324\900\62"
"24","20","9","NO","VJMsg\30 11\30 11.5314\300\24 | VJMsg\30 11\30 11.5314\600\24 | VJMsg\30 11\30 11.5314\710\24"
"33","20","11","NO","J11B直管\J11BS.0740.A\33 | VJMsg\30 11\30 11.5314\215\33 | VJMsg\30 11\30 11.5324\045\33"
"75","20","8","NO","J11B直管\J11BS.0740.A\75 | VJMsg\30 11\30 11.5314\210\75 | VJMsg\30 11\30 11.5324\210\75"
"32","20","15","NO","VJMsg\30 11\30 11.5314\045\32 | VJMsg\30 11\30 11.5314\215\32 | VJMsg\30 11\30 11.5314\600\32"
"17","19","15","NO","J11B直管\J11BS.0740.A\17 | VJMsg\30 11\30 11.5314\045\17 | VJMsg\30 11\30 11.5314\050\17"
"26","19","10","NO","VJMsg\30 11\30 11.5314\045\26 | VJMsg\30 11\30 11.5314\215\26 | VJMsg\30 11\30 11.5314\300\26"
"48","19","10","NO","VJMsg\30 11\30 11.5314\210\48 | VJMsg\30 11\30 11.5314\215\48 | VJMsg\30 11\30 11.5314\300\48"
"71","19","11","NO","J11B直管\J11BS.0740.A\新建文件夹 (2)\71 | VJMsg\30 11\30 11.5314\210\71 | VJMsg\30 11\30 11.5324\210\71"
"39","19","13","NO","J11B直管\J11BS.0740.A\新建文件夹 (2)\39 | VJMsg\30 11\30 11.5314\045\39 | VJMsg\30 11\30 11.5314\215\39"
"84","18","9","NO","VJMsg\30 11\30 11.5314\035\84 | VJMsg\30 11\30 11.5314\210\84 | VJMsg\30 11\30 11.5314\710\84"
"49","18","8","NO","J11B直管\J11BS.0740.A\49 | VJMsg\30 11\30 11.5314\045\49 | VJMsg\30 11\30 11.5324\040\49"
"45","18","9","NO","J11B直管\J11BS.0740.A\45 | VJMsg\30 11\30 11.5314\300\45 | VJMsg\30 11\30 11.5324\045\45"
"10","18","12","NO","J11B直管\J11BS.0740.A\10 | VJMsg\30 11\30 11.5314\035\10 | VJMsg\30 11\30 11.5314\600\10"
"59","18","10","NO","J11B直管\J11BS.0740.A\新建文件夹\59 | VJMsg\30 11\30 11.5314\210\59 | VJMsg\30 11\30 11.5314\330\59"
"76","18","7","NO","VJMsg\30 11\30 11.5314\330\76 | VJMsg\30 11\30 11.5324\210\76 | VJMsg\J11B钢管\5314.B.035\035\220\76"
"51","17","11","NO","VJMsg\30 11\30 11.5314\045\51 | VJMsg\30 11\30 11.5314\210\51 | VJMsg\30 11\30 11.5314\215\51"
"54","17","11","NO","VJMsg\30 11\30 11.5314\300\54 | VJMsg\30 11\30 11.5314\330\54 | VJMsg\30 11\30 11.5314\815\54"
"83","16","8","NO","J11B直管\J11BS.0740.A\83 | VJMsg\30 11\30 11.5314\210\83 | VJMsg\30 11\30 11.5314\710\83"
"939","16","5","NO","VJMsg\J11B氧气管\J11BS.7800.A.140\939 | VJMsg\J11B钢管\5314.B.035\035\220\939 | VJMsg\J11B钢管\5314.B.035\035\410\220\939"
"16","16","11","NO","J11B直管\J11BS.0740.A\新建文件夹\16 | VJMsg\30 11\30 11.5314\300\16 | VJMsg\30 11\30 11.5324\700\16"
"50","15","10","NO","VJMsg\30 11\30 11.5314\210\50 | VJMsg\30 11\30 11.5324\040\50 | VJMsg\30 11\30 11.5324\325\50"
"912","14","9","NO","VJMsg\30 11\30 11.5314\040\912 | VJMsg\30 11\30 11.5314\600\912 | VJMsg\30 11\30 11.5314\700\912"
"81","14","9","NO","J11B直管\J11BS.0740.A\81 | VJMsg\30 11\30 11.5314\045\81 | VJMsg\30 11\30 11.5314\210\81"
"47","14","6","NO","J11B直管\J11BS.0740.A\47 | VJMsg\30 11\30 11.5314\215\47 | VJMsg\30 11\30 11.5324\045\47"
"972","14","6","NO","VJMsg\30 11\30 11.5314\815\972 | VJMsg\30 11\30 11.5324\900\972 | VJMsg\J11B钢管\5314.B.035\035\815\972"
"78","14","8","NO","VJMsg\30 11\30 11.5314\045\78 | VJMsg\30 11\30 11.5314\210\78 | VJMsg\30 11\30 11.5324\210\78"
"85","13","7","NO","J11B直管\J11BS.0740.A\85 | VJMsg\30 11\30 11.5314\710\85 | VJMsg\30 11\30 11.5324\900\85"
"930","13","5","NO","VJMsg\30 11\30 11.5314\040\930 | VJMsg\30 11\30 11.5314\700\930 | VJMsg\J11B钢管\5314.B.035\035\720\930"
"911","13","8","NO","VJMsg\30 11\30 11.5314\040\911 | VJMsg\30 11\30 11.5324\700\911 | VJMsg\30 11\30 11.5324\S30.5324\911"
"74","13","7","NO","VJMsg\30 11\30 11.5314\035\74 | VJMsg\30 11\30 11.5314\330\74 | VJMsg\30 11\30 11.5324\210\74"
"993","13","6","NO","VJMsg\30 11\30 11.5324\040\993 | VJMsg\30 11\30 11.5324\610655\993 | VJMsg\J11B钢管\5314.B.035\035\810\993"
"52","13","7","NO","VJMsg\30 11\30 11.5314\210\52 | VJMsg\30 11\30 11.5314\300\52 | VJMsg\30 11\30 11.5324\045\52"
"67","13","8","NO","VJMsg\30 11\30 11.5314\045\67 | VJMsg\30 11\30 11.5314\330\67 | VJMsg\30 11\30 11.5314\815\67"
"42","13","6","NO","VJMsg\30 11\30 11.5314\045\42 | VJMsg\30 11\30 11.5314\210\42 | VJMsg\30 11\30 11.5314\215\42"
"91","12","7","NO","J11B直管\J11BS.0740.A\91 | VJMsg\30 11\30 11.5314\035\91 | VJMsg\30 11\30 11.5314\815\91"
"79","12","8","NO","J11B直管\J11BS.0740.A\新建文件夹 (2)\79 | VJMsg\30 11\30 11.5314\210\79 | VJMsg\30 11\30 11.5324\210\79"
"77","12","6","NO","J11B直管\J11BS.0740.A\77 | VJMsg\30 11\30 11.5324\325\77 | VJMsg\J11BS.7420.A\J11BS.0740.A\77"
"901","11","7","NO","VJMsg\30 11\30 11.5314\445\901 | VJMsg\30 11\30 11.5314\600\901 | VJMsg\30 11\30 11.5324\600\901"
"95","11","6","NO","J11B直管\J11BS.0740.A\95 | VJMsg\30 11\30 11.5314\710\95 | VJMsg\30 11\30 11.5324\040\95"
"967","11","5","NO","VJMsg\30 11\30 11.5314\720\967 | VJMsg\30 11\30 11.5324\900\967 | VJMsg\J11B钢管\5314.B.035\035\655\967"
"94","11","6","NO","VJMsg\30 11\30 11.5314\710\94 | VJMsg\30 11\30 11.5314\815\94 | VJMsg\J11B钢管\5314.B.035\035\330\94"
"931","11","6","NO","VJMsg\30 11\30 11.5314\700\931 | VJMsg\30 11\30 11.5324\700\931 | VJMsg\J11B钢管\5314.B.035\035\931"
"902","11","6","NO","VJMsg\30 11\30 11.5314\445\902 | VJMsg\30 11\30 11.5324\700\902 | VJMsg\30 11\30 11.5324\900\902"
"86","10","6","NO","VJMsg\30 11\30 11.5314\045\86 | VJMsg\30 11\30 11.5314\710\86 | VJMsg\J11B钢管\5314.B.035\035\325\86"
"985","10","6","NO","VJMsg\30 11\30 11.5314\045\985 | VJMsg\30 11\30 11.5314\815\985 | VJMsg\30 11\30 11.5324\900\985"
"89","10","6","NO","J11B直管\J11BS.0740.A\新建文件夹 (2)\89 | VJMsg\30 11\30 11.5314\045\89 | VJMsg\30 11\30 11.5314\815\89"
"90","10","5","NO","VJMsg\30 11\30 11.5314\815\90 | VJMsg\J11B钢管\5314.B.035\035\330\90 | VJMsg\J11B钢管\5314.B.035\035\710\90"
"916","10","6","NO","VJMsg\30 11\30 11.5314\700\916 | VJMsg\30 11\30 11.5324\500\916 | VJMsg\30 11\30 11.5324\600\916"
"J11B.5314.B.220.970","10","1","YES","VJMsg\J11B.5314.B.220.970 | VJMsg\J11B钢管\5314.B.035\035\410\220\J11B.5314.B.220.970 | VJMsg\J11B钢管\5314.B.035\035\445\410\220\J11B.5314.B.220.970"
"945","10","2","NO","VJMsg\30 11\30 11.5314\815\945 | VJMsg\J11B钢管\5314.B.035\035\220\945 | VJMsg\J11B钢管\5314.B.035\035\410\220\945"
"903","10","6","NO","VJMsg\30 11\30 11.5314\820\903 | VJMsg\30 11\30 11.5324\300\903 | VJMsg\30 11\30 11.5324\555\903"
"J11B.5314.B.220.905","9","1","YES","VJMsg\J11B.5314.B.220.905 | VJMsg\J11B钢管\5314.B.035\035\410\220\J11B.5314.B.220.905 | VJMsg\J11B钢管\5314.B.035\035\445\410\220\J11B.5314.B.220.905"
"88","9","6","NO","VJMsg\30 11\30 11.5314\045\88 | VJMsg\30 11\30 11.5314\710\88 | VJMsg\J11B钢管\5314.B.035\035\710\88"
"J11B.5314.B.220.938","9","2","NO","VJMsg\J11B.5314.B.220.938 | VJMsg\J11B钢管\5314.B.035\035\410\220\J11B.5314.B.220.938 | VJMsg\J11B钢管\5314.B.035\035\445\410\220\J11B.5314.B.220.938"
"J11B.5314.B.220.904","9","1","YES","VJMsg\J11B.5314.B.220.904 | VJMsg\J11B钢管\5314.B.035\035\410\220\J11B.5314.B.220.904 | VJMsg\J11B钢管\5314.B.035\035\445\410\220\J11B.5314.B.220.904"
"J11B.5314.B.220.962","9","1","YES","VJMsg\J11B.5314.B.220.962 | VJMsg\J11B钢管\5314.B.035\035\220\J11B.5314.B.220.962 | VJMsg\J11B钢管\5314.B.035\035\410\220\J11B.5314.B.220.962"
"J11B.5314.B.220.963","9","1","YES","VJMsg\J11B.5314.B.220.963 | VJMsg\J11B钢管\5314.B.035\035\410\220\J11B.5314.B.220.963 | VJMsg\J11B钢管\5314.B.035\035\445\410\220\J11B.5314.B.220.963"
"J11B.5314.B.220.939","9","1","YES","VJMsg\J11B.5314.B.220.939 | VJMsg\J11B钢管\5314.B.035\035\220\J11B.5314.B.220.939 | VJMsg\J11B钢管\5314.B.035\035\410\220\J11B.5314.B.220.939"
"983","9","5","NO","VJMsg\30 11\30 11.5314\045\983 | VJMsg\30 11\30 11.5314\815\983 | VJMsg\30 11\30 11.5324\900\983"
"J11B.5314.B.220.965","9","1","YES","VJMsg\J11B.5314.B.220.965 | VJMsg\J11B钢管\5314.B.035\035\410\220\J11B.5314.B.220.965 | VJMsg\J11B钢管\5314.B.035\035\445\410\220\J11B.5314.B.220.965"
"J11B.5314.B.220.960","9","1","YES","VJMsg\J11B.5314.B.220.960 | VJMsg\J11B钢管\5314.B.035\035\410\220\J11B.5314.B.220.960 | VJMsg\J11B钢管\5314.B.035\035\445\410\220\J11B.5314.B.220.960"
"J11B.5314.B.220.906","9","1","YES","VJMsg\J11B.5314.B.220.906 | VJMsg\J11B钢管\5314.B.035\035\410\220\J11B.5314.B.220.906 | VJMsg\J11B钢管\5314.B.035\035\445\410\220\J11B.5314.B.220.906"
"J11B.5314.B.220.927","9","1","YES","VJMsg\J11B.5314.B.220.927 | VJMsg\J11B钢管\5314.B.035\035\410\220\J11B.5314.B.220.927 | VJMsg\J11B钢管\5314.B.035\035\445\410\220\J11B.5314.B.220.927"
"J11B.5314.B.220.937","9","1","YES","VJMsg\J11B.5314.B.220.937 | VJMsg\J11B钢管\5314.B.035\035\410\220\J11B.5314.B.220.937 | VJMsg\J11B钢管\5314.B.035\035\445\410\220\J11B.5314.B.220.937"
"46","9","7","NO","VJMsg\30 11\30 11.5314\210\46 | VJMsg\30 11\30 11.5314\300\46 | VJMsg\30 11\30 11.5324\045\46"
"J11B.5314.B.220.902","9","1","YES","VJMsg\J11B.5314.B.220.902 | VJMsg\J11B钢管\5314.B.035\035\410\220\J11B.5314.B.220.902 | VJMsg\J11B钢管\5314.B.035\035\445\410\220\J11B.5314.B.220.902"
"82","9","7","NO","VJMsg\30 11\30 11.5314\035\82 | VJMsg\30 11\30 11.5314\210\82 | VJMsg\30 11\30 11.5314\710\82"
"J11B.5314.B.220.945","9","1","YES","VJMsg\J11B.5314.B.220.945 | VJMsg\J11B钢管\5314.B.035\035\220\J11B.5314.B.220.945 | VJMsg\J11B钢管\5314.B.035\035\410\220\J11B.5314.B.220.945"
"J11B.5314.B.220.947","9","1","YES","VJMsg\J11B.5314.B.220.947 | VJMsg\J11B钢管\5314.B.035\035\410\220\J11B.5314.B.220.947 | VJMsg\J11B钢管\5314.B.035\035\445\410\220\J11B.5314.B.220.947"
"J11B.5314.B.220.957","9","1","YES","VJMsg\J11B.5314.B.220.957 | VJMsg\J11B钢管\5314.B.035\035\410\220\J11B.5314.B.220.957 | VJMsg\J11B钢管\5314.B.035\035\445\410\220\J11B.5314.B.220.957"
"J11B.5314.B.220.956","9","1","YES","VJMsg\J11B.5314.B.220.956 | VJMsg\J11B钢管\5314.B.035\035\410\220\J11B.5314.B.220.956 | VJMsg\J11B钢管\5314.B.035\035\445\410\220\J11B.5314.B.220.956"
"J11B.5314.B.220.955","9","1","YES","VJMsg\J11B.5314.B.220.955 | VJMsg\J11B钢管\5314.B.035\035\410\220\J11B.5314.B.220.955 | VJMsg\J11B钢管\5314.B.035\035\445\410\220\J11B.5314.B.220.955"
"J11B.5314.B.220.961","9","1","YES","VJMsg\J11B.5314.B.220.961 | VJMsg\J11B钢管\5314.B.035\035\220\J11B.5314.B.220.961 | VJMsg\J11B钢管\5314.B.035\035\410\220\J11B.5314.B.220.961"
"J11B.5314.B.220.958","9","1","YES","VJMsg\J11B.5314.B.220.958 | VJMsg\J11B钢管\5314.B.035\035\410\220\J11B.5314.B.220.958 | VJMsg\J11B钢管\5314.B.035\035\445\410\220\J11B.5314.B.220.958"
"921","9","5","NO","VJMsg\30 11\30 11.5314\040\921 | VJMsg\30 11\30 11.5324\700\921 | VJMsg\30 11\30 11.5324\815\921"
"J11B.5314.B.220.941","9","1","YES","VJMsg\J11B.5314.B.220.941 | VJMsg\J11B钢管\5314.B.035\035\410\220\J11B.5314.B.220.941 | VJMsg\J11B钢管\5314.B.035\035\445\410\220\J11B.5314.B.220.941"
"J11B.5314.B.220.942","9","1","YES","VJMsg\J11B.5314.B.220.942 | VJMsg\J11B钢管\5314.B.035\035\410\220\J11B.5314.B.220.942 | VJMsg\J11B钢管\5314.B.035\035\445\410\220\J11B.5314.B.220.942"
"J11B.5314.B.220.903","9","1","YES","VJMsg\J11B.5314.B.220.903 | VJMsg\J11B钢管\5314.B.035\035\220\J11B.5314.B.220.903 | VJMsg\J11B钢管\5314.B.035\035\410\220\J11B.5314.B.220.903"
"J11B.5314.B.220.944","9","1","YES","VJMsg\J11B.5314.B.220.944 | VJMsg\J11B钢管\5314.B.035\035\410\220\J11B.5314.B.220.944 | VJMsg\J11B钢管\5314.B.035\035\445\410\220\J11B.5314.B.220.944"
"J11B.5314.B.220.943","9","1","YES","VJMsg\J11B.5314.B.220.943 | VJMsg\J11B钢管\5314.B.035\035\410\220\J11B.5314.B.220.943 | VJMsg\J11B钢管\5314.B.035\035\445\410\220\J11B.5314.B.220.943"
"J11B.5314.B.220.976","9","1","YES","VJMsg\J11B.5314.B.220.976 | VJMsg\J11B钢管\5314.B.035\035\410\220\J11B.5314.B.220.976 | VJMsg\J11B钢管\5314.B.035\035\445\410\220\J11B.5314.B.220.976"
"J11B.5314.B.220.975","9","2","NO","VJMsg\J11B.5314.B.220.975 | VJMsg\J11B钢管\5314.B.035\035\410\220\J11B.5314.B.220.975 | VJMsg\J11B钢管\5314.B.035\035\445\410\220\J11B.5314.B.220.975"
"93","9","5","NO","J11B直管\J11BS.0740.A\93 | VJMsg\30 11\30 11.5314\815\93 | VJMsg\J11BS.7420.A\J11BS.0740.A\93"
"915","9","7","NO","VJMsg\30 11\30 11.5314\700\915 | VJMsg\30 11\30 11.5314\900\915 | VJMsg\30 11\30 11.5324\500\915"
"J11B.5314.B.220.925","9","1","YES","VJMsg\J11B.5314.B.220.925 | VJMsg\J11B钢管\5314.B.035\035\410\220\J11B.5314.B.220.925 | VJMsg\J11B钢管\5314.B.035\035\445\410\220\J11B.5314.B.220.925"
"87","9","6","NO","J11B直管\J11BS.0740.A\87 | VJMsg\30 11\30 11.5314\045\87 | VJMsg\30 11\30 11.5314\210\87"
"J11B.5314.B.220.968","9","1","YES","VJMsg\J11B.5314.B.220.968 | VJMsg\J11B钢管\5314.B.035\035\410\220\J11B.5314.B.220.968 | VJMsg\J11B钢管\5314.B.035\035\445\410\220\J11B.5314.B.220.968"
"J11B.5314.B.220.966","9","1","YES","VJMsg\J11B.5314.B.220.966 | VJMsg\J11B钢管\5314.B.035\035\410\220\J11B.5314.B.220.966 | VJMsg\J11B钢管\5314.B.035\035\445\410\220\J11B.5314.B.220.966"
"J11B.5314.B.220.969","9","1","YES","VJMsg\J11B.5314.B.220.969 | VJMsg\J11B钢管\5314.B.035\035\410\220\J11B.5314.B.220.969 | VJMsg\J11B钢管\5314.B.035\035\445\410\220\J11B.5314.B.220.969"
"J11B.5314.B.220.972","9","1","YES","VJMsg\J11B.5314.B.220.972 | VJMsg\J11B钢管\5314.B.035\035\410\220\J11B.5314.B.220.972 | VJMsg\J11B钢管\5314.B.035\035\445\410\220\J11B.5314.B.220.972"
"J11B.5314.B.220.909","9","1","YES","VJMsg\J11B.5314.B.220.909 | VJMsg\J11B钢管\5314.B.035\035\410\220\J11B.5314.B.220.909 | VJMsg\J11B钢管\5314.B.035\035\445\410\220\J11B.5314.B.220.909"
"J11B.5314.B.220.918","9","1","YES","VJMsg\J11B.5314.B.220.918 | VJMsg\J11B钢管\5314.B.035\035\410\220\J11B.5314.B.220.918 | VJMsg\J11B钢管\5314.B.035\035\445\410\220\J11B.5314.B.220.918"
"J11B.5314.B.220.921","9","1","YES","VJMsg\J11B.5314.B.220.921 | VJMsg\J11B钢管\5314.B.035\035\410\220\J11B.5314.B.220.921 | VJMsg\J11B钢管\5314.B.035\035\445\410\220\J11B.5314.B.220.921"
"J11B.5314.B.220.924","9","1","YES","VJMsg\J11B.5314.B.220.924 | VJMsg\J11B钢管\5314.B.035\035\410\220\J11B.5314.B.220.924 | VJMsg\J11B钢管\5314.B.035\035\445\410\220\J11B.5314.B.220.924"
"J11B.5314.B.220.920","9","1","YES","VJMsg\J11B.5314.B.220.920 | VJMsg\J11B钢管\5314.B.035\035\410\220\J11B.5314.B.220.920 | VJMsg\J11B钢管\5314.B.035\035\445\410\220\J11B.5314.B.220.920"
"970","9","3","NO","VJMsg\30 11\30 11.5324\900\970 | VJMsg\J11B钢管\5314.B.035\035\815\970 | VJMsg\J11B钢管\5314.B.035\035\905\970"
"J11B.5314.B.220.926","9","1","YES","VJMsg\J11B.5314.B.220.926 | VJMsg\J11B钢管\5314.B.035\035\410\220\J11B.5314.B.220.926 | VJMsg\J11B钢管\5314.B.035\035\445\410\220\J11B.5314.B.220.926"
"J11B.5314.B.220.915","9","2","NO","VJMsg\J11B.5314.B.220.915 | VJMsg\J11B钢管\5314.B.035\035\410\220\J11B.5314.B.220.915 | VJMsg\J11B钢管\5314.B.035\035\445\410\220\J11B.5314.B.220.915"
"J11B.5314.B.220.911","9","1","YES","VJMsg\J11B.5314.B.220.911 | VJMsg\J11B钢管\5314.B.035\035\410\220\J11B.5314.B.220.911 | VJMsg\J11B钢管\5314.B.035\035\445\410\220\J11B.5314.B.220.911"
"J11B.5314.B.220.912","9","1","YES","VJMsg\J11B.5314.B.220.912 | VJMsg\J11B钢管\5314.B.035\035\410\220\J11B.5314.B.220.912 | VJMsg\J11B钢管\5314.B.035\035\445\410\220\J11B.5314.B.220.912"
"220.965","8","1","YES","VJMsg\J11B钢管\5314.B.035\035\220\220.965 | VJMsg\J11B钢管\5314.B.035\035\410\220\220.965 | VJMsg\J11B钢管\5314.B.035\035\445\410\220\220.965"
"J11B.5314.B.410.950","8","1","YES","VJMsg\J11B.5314.B.410.950 | VJMsg\J11B钢管\5314.B.035\035\445\410\J11B.5314.B.410.950 | VJMsg\J11B钢管\5314.B.035\035\零\J11B.5314.B.410.950"
"922","8","4","NO","VJMsg\30 11\30 11.5314\900\922 | VJMsg\30 11\30 11.5324\815\922 | VJMsg\J11B钢管\5314.B.035\035\820\922"
"J11B.5314.B.410.955","8","1","YES","VJMsg\J11B.5314.B.410.955 | VJMsg\J11B钢管\5314.B.035\035\445\410\J11B.5314.B.410.955 | VJMsg\J11B钢管\5314.B.035\035\五\J11B.5314.B.410.955"
"J11B.5314.B.410.958","8","1","YES","VJMsg\J11B.5314.B.410.958 | VJMsg\J11B钢管\5314.B.035\035\445\410\J11B.5314.B.410.958 | VJMsg\J11B钢管\5314.B.035\035\八\J11B.5314.B.410.958"
"J11B.5314.B.410.907","8","1","YES","VJMsg\J11B.5314.B.410.907 | VJMsg\J11B钢管\5314.B.035\035\445\410\J11B.5314.B.410.907 | VJMsg\J11B钢管\5314.B.035\035\七\J11B.5314.B.410.907"
"980","8","5","NO","VJMsg\30 11\30 11.5314\045\980 | VJMsg\30 11\30 11.5314\815\980 | VJMsg\30 11\30 11.5324\900\980"
"910","8","6","NO","VJMsg\30 11\30 11.5314\040\910 | VJMsg\30 11\30 11.5324\900\910 | VJMsg\30 11\30 11.5324\S30.5324\910"
"J11B.5314.B.410.911","8","1","YES","VJMsg\J11B.5314.B.410.911 | VJMsg\J11B钢管\5314.B.035\035\445\410\J11B.5314.B.410.911 | VJMsg\J11B钢管\5314.B.035\035\一\J11B.5314.B.410.911"
"J11B.5314.B.410.913","8","1","YES","VJMsg\J11B.5314.B.410.913 | VJMsg\J11B钢管\5314.B.035\035\445\410\J11B.5314.B.410.913 | VJMsg\J11B钢管\5314.B.035\035\三\J11B.5314.B.410.913"
"J11B.5314.B.410.909","8","2","NO","VJMsg\J11B.5314.B.410.909 | VJMsg\J11B钢管\5314.B.035\035\445\410\J11B.5314.B.410.909 | VJMsg\J11B钢管\5314.B.035\035\九\J11B.5314.B.410.909"
"J11B.5314.B.410.919","8","1","YES","VJMsg\J11B.5314.B.410.919 | VJMsg\J11B钢管\5314.B.035\035\445\410\J11B.5314.B.410.919 | VJMsg\J11B钢管\5314.B.035\035\九\J11B.5314.B.410.919"
"J11B.5314.B.410.904","8","1","YES","VJMsg\J11B.5314.B.410.904 | VJMsg\J11B钢管\5314.B.035\035\445\410\J11B.5314.B.410.904 | VJMsg\J11B钢管\5314.B.035\035\四\J11B.5314.B.410.904"
"40","8","7","NO","VJMsg\30 11\30 11.5314\215\40 | VJMsg\30 11\30 11.5314\300\40 | VJMsg\30 11\30 11.5314\600\40"
"220.961","8","1","YES","VJMsg\J11B钢管\5314.B.035\035\220\220.961 | VJMsg\J11B钢管\5314.B.035\035\410\220\220.961 | VJMsg\J11B钢管\5314.B.035\035\445\410\220\220.961"
"927","7","7","NO","VJMsg\30 11\30 11.5314\600\927 | VJMsg\30 11\30 11.5314\700\927 | VJMsg\30 11\30 11.5314\720\927"
"J11B.7402.B.060.901","7","1","YES","VJMsg\J11B.7402.B.060.901 | VJMsg\7402.B\J11B.7402.B\060\J11B.7402.B.060.901 | VJMsg\J11B铝管\J11B空调管\060\J11B.7402.B.060.901"
"92","7","4","NO","VJMsg\30 11\30 11.5314\035\92 | VJMsg\J11B钢管\5314.B.035\035\330\92 | VJMsg\J11B钢管\5314.B.035\220\330\92"
"J11B.5314.B.410.960","7","1","YES","VJMsg\J11B.5314.B.410.960 | VJMsg\J11B钢管\5314.B.035\035\445\410\J11B.5314.B.410.960 | VJMsg\J11B钢管\5314.B.035\035\零\J11B.5314.B.410.960"
"965","7","3","NO","VJMsg\30 11\30 11.5314\720\965 | VJMsg\J11B钢管\5314.B.035\035\720\965 | VJMsg\J11B钢管\5314.B.035\220\720\965"
"J11B.5314.B.410.961","7","1","YES","VJMsg\J11B.5314.B.410.961 | VJMsg\J11B钢管\5314.B.035\035\445\410\J11B.5314.B.410.961 | VJMsg\J11B钢管\5314.B.035\035\一\J11B.5314.B.410.961"
"J11B.7402.B.155.000","7","1","YES","VJMsg\J11B.7402.B.155.000 | VJMsg\7402.B\J11B.7402.B\J11B.7402.B.155.000 | VJMsg\J11B铝管\J11BS空调管浅灰细\J11B.7402.B.155.000"
"914","7","7","NO","VJMsg\30 11\30 11.5314\700\914 | VJMsg\30 11\30 11.5314\S30.5314\914 | VJMsg\30 11\30 11.5324\500\914"
"978","7","4","NO","VJMsg\30 11\30 11.5314\720\978 | VJMsg\30 11\30 11.5314\815\978 | VJMsg\30 11\30 11.5324\900\978"
"971","7","3","NO","VJMsg\30 11\30 11.5324\900\971 | VJMsg\J11B钢管\5314.B.035\035\905\971 | VJMsg\J11B钢管\5314.B.035\220\905\971"
"J11B.5314.B.410.906","7","1","YES","VJMsg\J11B.5314.B.410.906 | VJMsg\J11B钢管\5314.B.035\035\445\410\J11B.5314.B.410.906 | VJMsg\J11B钢管\5314.B.035\035\六\J11B.5314.B.410.906"
"J11B.5314.B.410.948","7","1","YES","VJMsg\J11B.5314.B.410.948 | VJMsg\J11B钢管\5314.B.035\035\445\410\J11B.5314.B.410.948 | VJMsg\J11B钢管\5314.B.035\035\八\J11B.5314.B.410.948"
"J11B.5314.B.410.901","7","1","YES","VJMsg\J11B.5314.B.410.901 | VJMsg\J11B钢管\5314.B.035\035\445\410\J11B.5314.B.410.901 | VJMsg\J11B钢管\5314.B.035\035\一\J11B.5314.B.410.901"
"J11B.5314.B.410.912","7","1","YES","VJMsg\J11B.5314.B.410.912 | VJMsg\J11B钢管\5314.B.035\035\445\410\J11B.5314.B.410.912 | VJMsg\J11B钢管\5314.B.035\035\二\J11B.5314.B.410.912"
"J11B.5314.B.410.945","7","1","YES","VJMsg\J11B.5314.B.410.945 | VJMsg\J11B钢管\5314.B.035\035\445\410\J11B.5314.B.410.945 | VJMsg\J11B钢管\5314.B.035\035\五\J11B.5314.B.410.945"
"J11B.5314.B.410.903","7","1","YES","VJMsg\J11B.5314.B.410.903 | VJMsg\J11B钢管\5314.B.035\035\445\410\J11B.5314.B.410.903 | VJMsg\J11B钢管\5314.B.035\035\三\J11B.5314.B.410.903"
"943","7","2","NO","VJMsg\J11B钢管\5314.B.035\035\225\943 | VJMsg\J11B钢管\5314.B.035\220\225\943 | VJMsg\J11B钢管\5314.B.035\225\943"
"J11B.5314.B.410.957","7","1","YES","VJMsg\J11B.5314.B.410.957 | VJMsg\J11B钢管\5314.B.035\035\445\410\J11B.5314.B.410.957 | VJMsg\J11B钢管\5314.B.035\035\七\J11B.5314.B.410.957"
"905","7","4","NO","VJMsg\30 11\30 11.5314\900\905 | VJMsg\30 11\30 11.5324\610655\905 | VJMsg\30 11\30 11.5324\700\905"
"948","7","3","NO","VJMsg\J11B钢管\5314.B.035\035\720\948 | VJMsg\J11B钢管\5314.B.035\220\720\948 | VJMsg\J11B钢管\5314.B.035\720\948"
"973","7","3","NO","VJMsg\30 11\30 11.5314\815\973 | VJMsg\J11B钢管\5314.B.035\035\655\973 | VJMsg\J11B钢管\5314.B.035\220\655\973"
"J11B.5314.B.410.949","7","1","YES","VJMsg\J11B.5314.B.410.949 | VJMsg\J11B钢管\5314.B.035\035\445\410\J11B.5314.B.410.949 | VJMsg\J11B钢管\5314.B.035\035\九\J11B.5314.B.410.949"
"J11B.7402.B.060.947","6","1","YES","VJMsg\J11B.7402.B.060.947 | VJMsg\7402.B\J11B.7402.B\060\J11B.7402.B.060.947 | VJMsg\J11B铝管\J11B空调管\060\J11B.7402.B.060.947"
"J11B.7402.B.060.917","6","1","YES","VJMsg\J11B.7402.B.060.917 | VJMsg\7402.B\J11B.7402.B\060\J11B.7402.B.060.917 | VJMsg\J11B铝管\J11B空调管\060\J11B.7402.B.060.917"
"J11B.7402.B.875.000","6","1","YES","VJMsg\J11B.7402.B.875.000 | VJMsg\7402.B\J11B.7402.B\J11B.7402.B.875.000 | VJMsg\J11B铝管\7402.A\J11B.7402.B.875.000"
"J11B.7402.B.060.903","6","1","YES","VJMsg\J11B.7402.B.060.903 | VJMsg\7402.B\J11B.7402.B\060\J11B.7402.B.060.903 | VJMsg\J11B铝管\J11B空调管\060\J11B.7402.B.060.903"
"J11B.7602.B.295.000","6","1","YES","VJMsg\J11B.7602.B.295.000 | VJMsg\7402.B\BLM\J11B.7601.B\J11B.7602.B\J11B.7602.B.295.000 | VJMsg\J11B铝管\J11BS空调管浅灰粗\J11B.7602.B.295.000"
"J11B.7601.B.335.000","6","1","YES","VJMsg\J11B.7601.B.335.000 | VJMsg\J11B铝管\7601\J11B.7601.B.335.000 | VJMsg\J11B铝管\J11BS空调管浅灰粗\J11B.7601.B.335.000"
"961","6","2","NO","VJMsg\J11B钢管\5314.B.035\035\655\961 | VJMsg\J11B钢管\5314.B.035\220\655\961 | VJMsg\J11B钢管\5314.B.035\655\961"
"929","6","3","NO","VJMsg\30 11\30 11.5314\700\929 | VJMsg\30 11\30 11.5324\400\929 | VJMsg\J11B钢管\5314.B.035\035\820\929"
"979","6","3","NO","VJMsg\30 11\30 11.5314\815\979 | VJMsg\30 11\30 11.5324\900\979 | VJMsg\J11B钢管\5314.B.035\035\815\979"
"909","6","5","NO","J11B直管\805\909 | VJMsg\30 11\30 11.5314\040\909 | VJMsg\30 11\30 11.5314\050\909"
"80","6","4","NO","VJMsg\30 11\30 11.5314\210\80 | VJMsg\J11B钢管\5314.B.035\035\330\80 | VJMsg\J11B钢管\5314.B.035\220\330\80"
"926","6","3","NO","VJMsg\30 11\30 11.5314\720\926 | VJMsg\30 11\30 11.5324\700\926 | VJMsg\J11B钢管\5314.B.035\035\335\926"
"924","6","6","NO","VJMsg\30 11\30 11.5314\040\924 | VJMsg\30 11\30 11.5324\700\924 | VJMsg\30 11\30 11.5324\815\924"
"932","6","3","NO","VJMsg\30 11\30 11.5324\815\932 | VJMsg\30 11\30 11.5324\S30.5324\932 | VJMsg\J11B钢管\5314.B.035\035\720\932"
"J11B.7402.B.910.000","5","1","YES","J11B直管\浅灰\J11B.7402.B.910.000 | VJMsg\J11B.7402.B.910.000 | VJMsg\7402.B\J11B.7402.B\J11B.7402.B.910.000"
"J11BS.0740.A.600.943","5","1","YES","J11B直管\0740.A.600深灰\J11BS.0740.A.600.943 | J11B直管\J11BS.0740.A\J11BS.0740.A.600.943 | VJMsg\J11BS.0740.A.600.943"
"J11BS.0740.A.600.945","5","1","YES","J11B直管\0740.A.600深灰\J11BS.0740.A.600.945 | J11B直管\J11BS.0740.A\J11BS.0740.A.600.945 | VJMsg\J11BS.0740.A.600.945"
"J11BS.0740.A.600.939","5","1","YES","J11B直管\0740.A.600深灰\J11BS.0740.A.600.939 | J11B直管\J11BS.0740.A\J11BS.0740.A.600.939 | VJMsg\J11BS.0740.A.600.939"
"J11BS.0740.A.600.937","5","1","YES","J11B直管\0740.A.600深灰\J11BS.0740.A.600.937 | J11B直管\J11BS.0740.A\J11BS.0740.A.600.937 | VJMsg\J11BS.0740.A.600.937"
"J11BS.0740.A.600.941","5","1","YES","J11B直管\0740.A.600深灰\J11BS.0740.A.600.941 | J11B直管\J11BS.0740.A\J11BS.0740.A.600.941 | VJMsg\J11BS.0740.A.600.941"
"J11BS.0740.A.600.935","5","1","YES","J11B直管\0740.A.600深灰\J11BS.0740.A.600.935 | J11B直管\J11BS.0740.A\J11BS.0740.A.600.935 | VJMsg\J11BS.0740.A.600.935"
"J11BS.7420.A.060.991","5","1","YES","J11B直管\J11BS绿\J11BS.7420.A.060.991 | VJMsg\J11BS.7420.A.060.991 | VJMsg\J11BS.7420.A\7402.A\J11BS.7420.A.060.991"
"J11B.5314.B.335.915","5","2","NO","VJMsg\J11B.5314.B.335.915 | VJMsg\J11B钢管\5314.B.035\035\五\J11B.5314.B.335.915 | VJMsg\J11B钢管\5314.B.035\220\335\J11B.5314.B.335.915"
"J11B.5314.B.335.916","5","2","NO","VJMsg\J11B.5314.B.335.916 | VJMsg\J11B钢管\5314.B.035\035\六\J11B.5314.B.335.916 | VJMsg\J11B钢管\5314.B.035\220\335\J11B.5314.B.335.916"
"J11BS.7402.A.060.951","5","1","YES","VJMsg\J11BS.7402.A.060.951 | VJMsg\J11BS.7420.A\7402.A\J11BS.7402.A.060.951 | VJMsg\J11B铝管\7402.A\J11BS.7402.A.060.951"
"J11B.5314.B.335.914","5","2","NO","VJMsg\J11B.5314.B.335.914 | VJMsg\J11B钢管\5314.B.035\035\四\J11B.5314.B.335.914 | VJMsg\J11B钢管\5314.B.035\220\335\J11B.5314.B.335.914"
"J11B.5314.B.335.917","5","1","YES","VJMsg\J11B.5314.B.335.917 | VJMsg\J11B钢管\5314.B.035\035\七\J11B.5314.B.335.917 | VJMsg\J11B钢管\5314.B.035\220\335\J11B.5314.B.335.917"
"J11BS.7420.A.060.988","5","1","YES","J11B直管\J11BS绿\J11BS.7420.A.060.988 | VJMsg\J11BS.7420.A.060.988 | VJMsg\J11BS.7420.A\7402.A\J11BS.7420.A.060.988"
"J11BS.7420.A.060.989","5","1","YES","J11B直管\J11BS绿\J11BS.7420.A.060.989 | VJMsg\J11BS.7420.A.060.989 | VJMsg\J11BS.7420.A\7402.A\J11BS.7420.A.060.989"
"J11B.5314.B.335.918","5","2","NO","VJMsg\J11B.5314.B.335.918 | VJMsg\J11B钢管\5314.B.035\035\八\J11B.5314.B.335.918 | VJMsg\J11B钢管\5314.B.035\220\335\J11B.5314.B.335.918"
"J11BS.7402.A.910.000","5","1","YES","J11B直管\J11BSQH\J11BS.7402.A.910.000 | J11B直管\浅灰\7601.A\J11BS.7402.A.910.000 | VJMsg\J11BS.7402.A.910.000"
"J11B.5314.B.445.907","5","2","NO","VJMsg\J11B.5314.B.445.907 | VJMsg\J11B钢管\5314.B.035\035\六\J11B.5314.B.445.907 | VJMsg\J11B钢管\5314.B.035\220\445\J11B.5314.B.445.907"
"J11B.5314.B.445.908","5","1","YES","VJMsg\J11B.5314.B.445.908 | VJMsg\J11B钢管\5314.B.035\035\八\J11B.5314.B.445.908 | VJMsg\J11B钢管\5314.B.035\220\445\J11B.5314.B.445.908"
"J11B.5314.B.445.902","5","2","NO","VJMsg\J11B.5314.B.445.902 | VJMsg\J11B钢管\5314.B.035\035\二\J11B.5314.B.445.902 | VJMsg\J11B钢管\5314.B.035\220\445\J11B.5314.B.445.902"
"J11B.5324.B.445.920","5","2","NO","VJMsg\J11B.5324.B.445.920 | VJMsg\J11B钢管\5324.B\445\J11B.5324.B.445.920 | VJMsg\J11B钢管\5324BQL\5324.B\445\J11B.5324.B.445.920"
"987","5","3","NO","VJMsg\J11B钢管\5324.B\655\655LV\987 | VJMsg\J11B钢管\5324.B\710\710K\987 | VJMsg\J11B钢管\5324.B\910\910LV\987"
"J11B.5314.B.815.967","5","1","YES","VJMsg\J11B.5314.B.815.967 | VJMsg\J11B钢管\5314.B.035\035\815\J11B.5314.B.815.967 | VJMsg\J11B钢管\5314.B.035\220\815\J11B.5314.B.815.967"
"J11B.7402.B.060.927","5","1","YES","VJMsg\J11B.7402.B.060.927 | VJMsg\7402.B\J11B.7402.B\060\J11B.7402.B.060.927 | VJMsg\J11B铝管\J11B空调管\060\J11B.7402.B.060.927"
"J11B.7402.B.060.905","5","1","YES","VJMsg\J11B.7402.B.060.905 | VJMsg\7402.B\J11B.7402.B\060\J11B.7402.B.060.905 | VJMsg\J11B铝管\J11B空调管\060\J11B.7402.B.060.905"
"J11B.5314.B.445.901","5","2","NO","VJMsg\J11B.5314.B.445.901 | VJMsg\J11B钢管\5314.B.035\035\一\J11B.5314.B.445.901 | VJMsg\J11B钢管\5314.B.035\220\445\J11B.5314.B.445.901"
"J11B.7603.B.040.000","5","1","YES","VJMsg\J11B.7603.B.040.000 | VJMsg\7402.B\7603.B\J11B.7603.B.040.000 | VJMsg\J11B铝管\J11B.7603.B.040.000"
"969","5","2","NO","VJMsg\30 11\30 11.5324\900\969 | VJMsg\J11B钢管\5314.B.035\035\655\969 | VJMsg\J11B钢管\5314.B.035\220\655\969"
"J11BS.0740.A.600.933","5","1","YES","J11B直管\0740.A.600深灰\J11BS.0740.A.600.933 | J11B直管\J11BS.0740.A\J11BS.0740.A.600.933 | VJMsg\J11BS.0740.A.600.933"
"J11B.7603.B.755.000","5","1","YES","VJMsg\J11B.7603.B.755.000 | VJMsg\7402.B\7603.B\J11B.7603.B.755.000 | VJMsg\7402.B\BLM\J11B.7603.B.755.000"
"J11B.7402.B.825.000","5","1","YES","VJMsg\J11B.7402.B.825.000 | VJMsg\7402.B\J11B.7402.B\J11B.7402.B.825.000 | VJMsg\J11B铝管\J11B空调管\XI\J11B.7402.B.825.000"
"J11B.7402.B.310.000","5","1","YES","VJMsg\J11B.7402.B.310.000 | VJMsg\7402.B\J11B.7402.B\J11B.7402.B.310.000 | VJMsg\J11B铝管\J11B空调管\J11B.7402.B.310.000"
"J11B.5314.B.330.952","5","2","NO","VJMsg\J11B.5314.B.330.952 | VJMsg\J11B钢管\5314.B.035\035\二\J11B.5314.B.330.952 | VJMsg\J11B钢管\5314.B.035\220\330\J11B.5314.B.330.952"
"J11B.7601.B.301.900","5","1","YES","VJMsg\J11B.7601.B.301.900 | VJMsg\7402.B\BLM\J11B.7601.B\J11B.7601.B.301.900 | VJMsg\J11B铝管\7601\J11B.7601.B.301.900"
"J11BS.0740.A.600.959","5","1","YES","J11B直管\0740.A.600深灰\J11BS.0740.A.600.959 | J11B直管\J11BS.0740.A\J11BS.0740.A.600.959 | VJMsg\J11BS.0740.A.600.959"
"934","5","3","NO","VJMsg\30 11\30 11.5314\700\934 | VJMsg\30 11\30 11.5324\S30.5324\934 | VJMsg\J11B钢管\5324.B\555\555K\934"
"J11BS.0740.A.600.949","5","1","YES","J11B直管\0740.A.600深灰\J11BS.0740.A.600.949 | J11B直管\J11BS.0740.A\J11BS.0740.A.600.949 | VJMsg\J11BS.0740.A.600.949"
"984","5","3","NO","VJMsg\30 11\30 11.5314\045\984 | VJMsg\30 11\30 11.5324\900\984 | VJMsg\J11B钢管\5314.B.035\035\815\984"
"J11BS.0740.A.600.965","5","1","YES","J11B直管\0740.A.600深灰\J11BS.0740.A.600.965 | J11B直管\J11BS.0740.A\J11BS.0740.A.600.965 | VJMsg\J11BS.0740.A.600.965"
"J11BS.0740.A.600.955","5","1","YES","J11B直管\0740.A.600深灰\J11BS.0740.A.600.955 | J11B直管\J11BS.0740.A\J11BS.0740.A.600.955 | VJMsg\J11BS.0740.A.600.955"
"J11BS.0740.A.600.951","5","1","YES","J11B直管\0740.A.600深灰\J11BS.0740.A.600.951 | J11B直管\J11BS.0740.A\J11BS.0740.A.600.951 | VJMsg\J11BS.0740.A.600.951"
"925","5","4","NO","VJMsg\30 11\30 11.5314\040\925 | VJMsg\30 11\30 11.5324\045\925 | VJMsg\30 11\30 11.5324\700\925"
"992","5","3","NO","VJMsg\30 11\30 11.5314\815\992 | VJMsg\30 11\30 11.5324\040\992 | VJMsg\J11B钢管\5314.B.035\035\815\992"
"920","5","3","NO","VJMsg\30 11\30 11.5324\040\920 | VJMsg\30 11\30 11.5324\815\920 | VJMsg\J11B钢管\5314.B.035\035\335\920"
"J11BS.0740.A.600.953","5","1","YES","J11B直管\0740.A.600深灰\J11BS.0740.A.600.953 | J11B直管\J11BS.0740.A\J11BS.0740.A.600.953 | VJMsg\J11BS.0740.A.600.953"
"986","5","3","NO","VJMsg\30 11\30 11.5314\815\986 | VJMsg\J11B钢管\5324.B\655\655LV\986 | VJMsg\J11B钢管\5324.B\710\710K\986"
"908","5","4","NO","VJMsg\30 11\30 11.5314\040\908 | VJMsg\30 11\30 11.5314\610\908 | VJMsg\30 11\30 11.5324\500\908"
"J11BS.0740.A.600.947","5","1","YES","J11B直管\0740.A.600深灰\J11BS.0740.A.600.947 | J11B直管\J11BS.0740.A\J11BS.0740.A.600.947 | VJMsg\J11BS.0740.A.600.947"
"J11BS.0740.A.600.957","5","1","YES","J11B直管\0740.A.600深灰\J11BS.0740.A.600.957 | J11B直管\J11BS.0740.A\J11BS.0740.A.600.957 | VJMsg\J11BS.0740.A.600.957"
"J11B.5314.B.815.980","4","1","YES","VJMsg\J11B.5314.B.815.980 | VJMsg\J11B钢管\5314.B.035\035\815\J11B.5314.B.815.980 | VJMsg\J11B钢管\5314.B.035\220\815\J11B.5314.B.815.980"
"J11B.5314.B.815.992","4","1","YES","VJMsg\J11B.5314.B.815.992 | VJMsg\J11B钢管\5314.B.035\035\815\J11B.5314.B.815.992 | VJMsg\J11B钢管\5314.B.035\220\815\J11B.5314.B.815.992"
"J11B.5314.B.815.985","4","1","YES","VJMsg\J11B.5314.B.815.985 | VJMsg\J11B钢管\5314.B.035\035\五\J11B.5314.B.815.985 | VJMsg\J11B钢管\5314.B.035\220\815\J11B.5314.B.815.985"
"J11B.5314.B.815.984","4","1","YES","VJMsg\J11B.5314.B.815.984 | VJMsg\J11B钢管\5314.B.035\035\815\J11B.5314.B.815.984 | VJMsg\J11B钢管\5314.B.035\220\815\J11B.5314.B.815.984"
"J11B.5314.B.815.972","4","1","YES","VJMsg\J11B.5314.B.815.972 | VJMsg\J11B钢管\5314.B.035\035\815\J11B.5314.B.815.972 | VJMsg\J11B钢管\5314.B.035\220\815\J11B.5314.B.815.972"
"J11B.5314.B.815.973","4","1","YES","VJMsg\J11B.5314.B.815.973 | VJMsg\J11B钢管\5314.B.035\035\三\J11B.5314.B.815.973 | VJMsg\J11B钢管\5314.B.035\220\815\J11B.5314.B.815.973"
"J11B.5314.B.815.970","4","1","YES","VJMsg\J11B.5314.B.815.970 | VJMsg\J11B钢管\5314.B.035\035\815\J11B.5314.B.815.970 | VJMsg\J11B钢管\5314.B.035\220\815\J11B.5314.B.815.970"
"J11B.6100.B.585.902","4","2","NO","VJMsg\J11B.6100.B.585.902 | VJMsg\7402.B\J11B.6100.B\J11B.6100.B.585.902 | VJMsg\J11B钢管\QL\燃油\J11B.6100.B.585.902"
"J11B.5314.B.815.964","4","1","YES","VJMsg\J11B.5314.B.815.964 | VJMsg\J11B钢管\5314.B.035\035\815\J11B.5314.B.815.964 | VJMsg\J11B钢管\5314.B.035\220\815\J11B.5314.B.815.964"
"J11B.5314.B.815.978","4","1","YES","VJMsg\J11B.5314.B.815.978 | VJMsg\J11B钢管\5314.B.035\035\815\J11B.5314.B.815.978 | VJMsg\J11B钢管\5314.B.035\220\815\J11B.5314.B.815.978"
"J11B.5314.B.815.979","4","1","YES","VJMsg\J11B.5314.B.815.979 | VJMsg\J11B钢管\5314.B.035\035\815\J11B.5314.B.815.979 | VJMsg\J11B钢管\5314.B.035\220\815\J11B.5314.B.815.979"
"J11B.5314.B.815.976","4","1","YES","VJMsg\J11B.5314.B.815.976 | VJMsg\J11B钢管\5314.B.035\035\815\J11B.5314.B.815.976 | VJMsg\J11B钢管\5314.B.035\220\815\J11B.5314.B.815.976"
"J11B.6100.B.585.903","4","2","NO","VJMsg\J11B.6100.B.585.903 | VJMsg\7402.B\J11B.6100.B\J11B.6100.B.585.903 | VJMsg\J11B钢管\QL\燃油\J11B.6100.B.585.903"
"J11B.5314.B.815.974","4","1","YES","VJMsg\J11B.5314.B.815.974 | VJMsg\J11B钢管\5314.B.035\035\四\J11B.5314.B.815.974 | VJMsg\J11B钢管\5314.B.035\220\815\J11B.5314.B.815.974"
"J11B.5314.B.815.993","4","1","YES","VJMsg\J11B.5314.B.815.993 | VJMsg\J11B钢管\5314.B.035\035\815\J11B.5314.B.815.993 | VJMsg\J11B钢管\5314.B.035\220\815\J11B.5314.B.815.993"
"J11B.5314.B.820.921","4","1","YES","VJMsg\J11B.5314.B.820.921 | VJMsg\J11B钢管\5314.B.035\035\820\J11B.5314.B.820.921 | VJMsg\J11B钢管\5314.B.035\220\820\J11B.5314.B.820.921"
"J11B.5324.B.325.973","4","1","YES","VJMsg\J11B.5324.B.325.973 | VJMsg\J11B钢管\5324.B\325\J11B.5324.B.325.973 | VJMsg\J11B钢管\5324BQL\5324.B\325\J11B.5324.B.325.973"
"J11B.5314.B.820.916","4","1","YES","VJMsg\J11B.5314.B.820.916 | VJMsg\J11B钢管\5314.B.035\035\820\J11B.5314.B.820.916 | VJMsg\J11B钢管\5314.B.035\220\820\J11B.5314.B.820.916"
"30 11.7698.K.095.000","4","2","NO","VJMsg\30 11.7698.K.095.000 | VJMsg\30 11\30 11.7698\30 11.7698.K.095.000 | VJMsg\30 11\30 铝管\浅灰LG\30 11.7698.K.095.000"
"J11B.5314.B.820.915","4","1","YES","VJMsg\J11B.5314.B.820.915 | VJMsg\J11B钢管\5314.B.035\035\820\J11B.5314.B.820.915 | VJMsg\J11B钢管\5314.B.035\220\820\J11B.5314.B.820.915"
"J11B.5314.B.820.929","4","1","YES","VJMsg\J11B.5314.B.820.929 | VJMsg\J11B钢管\5314.B.035\035\820\J11B.5314.B.820.929 | VJMsg\J11B钢管\5314.B.035\220\820\J11B.5314.B.820.929"
"J11B.5314.B.820.930","4","1","YES","VJMsg\J11B.5314.B.820.930 | VJMsg\J11B钢管\5314.B.035\035\820\J11B.5314.B.820.930 | VJMsg\J11B钢管\5314.B.035\220\820\J11B.5314.B.820.930"
"J11B.5314.B.820.923","4","1","YES","VJMsg\J11B.5314.B.820.923 | VJMsg\J11B钢管\5314.B.035\035\三\J11B.5314.B.820.923 | VJMsg\J11B钢管\5314.B.035\220\820\J11B.5314.B.820.923"
"J11B.5314.B.820.922","4","1","YES","VJMsg\J11B.5314.B.820.922 | VJMsg\J11B钢管\5314.B.035\035\820\J11B.5314.B.820.922 | VJMsg\J11B钢管\5314.B.035\220\820\J11B.5314.B.820.922"
"J11B.5324.B.505.928","4","2","NO","VJMsg\J11B.5324.B.505.928 | VJMsg\J11B钢管\5324.B\505\J11B.5324.B.505.928 | VJMsg\J11B钢管\5324BQL\5324.B\505\J11B.5324.B.505.928"
"J11B.5324.B.325.981","4","1","YES","VJMsg\J11B.5324.B.325.981 | VJMsg\J11B钢管\5324.B\325\J11B.5324.B.325.981 | VJMsg\J11B钢管\5324BQL\5324.B\325\J11B.5324.B.325.981"
"J11B.5314.B.820.903","4","1","YES","VJMsg\J11B.5314.B.820.903 | VJMsg\J11B钢管\5314.B.035\035\三\J11B.5314.B.820.903 | VJMsg\J11B钢管\5314.B.035\220\820\J11B.5314.B.820.903"
"J11B.5314.B.820.902","4","1","YES","VJMsg\J11B.5314.B.820.902 | VJMsg\J11B钢管\5314.B.035\035\二\J11B.5314.B.820.902 | VJMsg\J11B钢管\5314.B.035\220\820\J11B.5314.B.820.902"
"J11B.5314.B.815.994","4","1","YES","VJMsg\J11B.5314.B.815.994 | VJMsg\J11B钢管\5314.B.035\035\815\J11B.5314.B.815.994 | VJMsg\J11B钢管\5314.B.035\220\815\J11B.5314.B.815.994"
"J11B.5314.B.815.995","4","1","YES","VJMsg\J11B.5314.B.815.995 | VJMsg\J11B钢管\5314.B.035\035\815\J11B.5314.B.815.995 | VJMsg\J11B钢管\5314.B.035\220\815\J11B.5314.B.815.995"
"J11B.5314.B.820.906","4","1","YES","VJMsg\J11B.5314.B.820.906 | VJMsg\J11B钢管\5314.B.035\035\六\J11B.5314.B.820.906 | VJMsg\J11B钢管\5314.B.035\220\820\J11B.5314.B.820.906"
"J11B.5314.B.820.911","4","1","YES","VJMsg\J11B.5314.B.820.911 | VJMsg\J11B钢管\5314.B.035\035\820\J11B.5314.B.820.911 | VJMsg\J11B钢管\5314.B.035\220\820\J11B.5314.B.820.911"
"J11B.5324.B.325.974","4","1","YES","VJMsg\J11B.5324.B.325.974 | VJMsg\J11B钢管\5324.B\325\J11B.5324.B.325.974 | VJMsg\J11B钢管\5324BQL\5324.B\325\J11B.5324.B.325.974"
"J11B.5314.B.820.904","4","1","YES","VJMsg\J11B.5314.B.820.904 | VJMsg\J11B钢管\5314.B.035\035\四\J11B.5314.B.820.904 | VJMsg\J11B钢管\5314.B.035\220\820\J11B.5314.B.820.904"
"J11B.5314.B.820.905","4","1","YES","VJMsg\J11B.5314.B.820.905 | VJMsg\J11B钢管\5314.B.035\035\五\J11B.5314.B.820.905 | VJMsg\J11B钢管\5314.B.035\220\820\J11B.5314.B.820.905"
"J11B.5314.B.720.978","4","1","YES","VJMsg\J11B.5314.B.720.978 | VJMsg\J11B钢管\5314.B.035\035\720\J11B.5314.B.720.978 | VJMsg\J11B钢管\5314.B.035\220\720\J11B.5314.B.720.978"
"30 11.7404.K.875.000","4","2","NO","VJMsg\30 11.7404.K.875.000 | VJMsg\30 11\30 11.7404\30 11.7404.K.875.000 | VJMsg\30 11\30 铝管\浅灰LG\30 11.7404.K.875.000"
"30 11.7404.K.895.000","4","1","YES","VJMsg\30 11.7404.K.895.000 | VJMsg\30 11\30 11.7404\30 11.7404.K.895.000 | VJMsg\30 11\30 铝管\浅灰LG\30 11.7404.K.895.000"
"J11B.5314.B.720.967","4","1","YES","VJMsg\J11B.5314.B.720.967 | VJMsg\J11B钢管\5314.B.035\035\720\J11B.5314.B.720.967 | VJMsg\J11B钢管\5314.B.035\220\720\J11B.5314.B.720.967"
"J11B.6101.B.080.000","4","1","YES","VJMsg\J11B.6101.B.080.000 | VJMsg\7402.B\J11B.6100.B\J11B.6101.B.080.000 | VJMsg\J11B铝管\燃油管\J11B.6100.B\新建文件夹\J11B.6101.B.080.000"
"J11B.5314.B.720.969","4","1","YES","VJMsg\J11B.5314.B.720.969 | VJMsg\J11B钢管\5314.B.035\035\九\J11B.5314.B.720.969 | VJMsg\J11B钢管\5314.B.035\220\720\J11B.5314.B.720.969"
"J11B.5314.B.800.901","4","1","YES","VJMsg\J11B.5314.B.800.901 | VJMsg\J11B钢管\5314.B.035\035\800\J11B.5314.B.800.901 | VJMsg\J11B钢管\5314.B.035\220\800\J11B.5314.B.800.901"
"J11B.5314.B.800.902","4","1","YES","VJMsg\J11B.5314.B.800.902 | VJMsg\J11B钢管\5314.B.035\035\800\J11B.5314.B.800.902 | VJMsg\J11B钢管\5314.B.035\220\800\J11B.5314.B.800.902"
"J11B.5314.B.800.903","4","1","YES","VJMsg\J11B.5314.B.800.903 | VJMsg\J11B钢管\5314.B.035\035\800\J11B.5314.B.800.903 | VJMsg\J11B钢管\5314.B.035\220\800\J11B.5314.B.800.903"
"J11B.5314.B.720.995","4","1","YES","VJMsg\J11B.5314.B.720.995 | VJMsg\J11B钢管\5314.B.035\035\五\J11B.5314.B.720.995 | VJMsg\J11B钢管\5314.B.035\220\720\J11B.5314.B.720.995"
"J11B.5314.B.720.996","4","1","YES","VJMsg\J11B.5314.B.720.996 | VJMsg\J11B钢管\5314.B.035\035\720\J11B.5314.B.720.996 | VJMsg\J11B钢管\5314.B.035\220\720\J11B.5314.B.720.996"
"J11B.5314.B.720.998","4","1","YES","VJMsg\J11B.5314.B.720.998 | VJMsg\J11B钢管\5314.B.035\035\720\J11B.5314.B.720.998 | VJMsg\J11B钢管\5314.B.035\220\720\J11B.5314.B.720.998"
"30 11.7401.X.090.000","4","1","YES","VJMsg\30 11.7401.X.090.000 | VJMsg\30 11\30 11.7401\30 11.7401.X.090.000 | VJMsg\30 11\30 铝管\30 11.7401.X.090.000"
"J11B.5314.B.720.932","4","1","YES","VJMsg\J11B.5314.B.720.932 | VJMsg\J11B钢管\5314.B.035\035\720\J11B.5314.B.720.932 | VJMsg\J11B钢管\5314.B.035\220\720\J11B.5314.B.720.932"
"J11B.5314.B.720.944","4","1","YES","VJMsg\J11B.5314.B.720.944 | VJMsg\J11B钢管\5314.B.035\035\四\J11B.5314.B.720.944 | VJMsg\J11B钢管\5314.B.035\220\720\J11B.5314.B.720.944"
"J11B.5314.B.720.948","4","1","YES","VJMsg\J11B.5314.B.720.948 | VJMsg\J11B钢管\5314.B.035\035\720\J11B.5314.B.720.948 | VJMsg\J11B钢管\5314.B.035\220\720\J11B.5314.B.720.948"
"J11B.5314.B.720.928","4","1","YES","VJMsg\J11B.5314.B.720.928 | VJMsg\J11B钢管\5314.B.035\035\八\J11B.5314.B.720.928 | VJMsg\J11B钢管\5314.B.035\220\720\J11B.5314.B.720.928"
"J11B.5314.B.720.930","4","1","YES","VJMsg\J11B.5314.B.720.930 | VJMsg\J11B钢管\5314.B.035\035\720\J11B.5314.B.720.930 | VJMsg\J11B钢管\5314.B.035\220\720\J11B.5314.B.720.930"
"J11B.5314.B.720.931","4","1","YES","VJMsg\J11B.5314.B.720.931 | VJMsg\J11B钢管\5314.B.035\035\720\J11B.5314.B.720.931 | VJMsg\J11B钢管\5314.B.035\220\720\J11B.5314.B.720.931"
"J11B.5314.B.720.960","4","1","YES","VJMsg\J11B.5314.B.720.960 | VJMsg\J11B钢管\5314.B.035\035\零\J11B.5314.B.720.960 | VJMsg\J11B钢管\5314.B.035\220\720\J11B.5314.B.720.960"
"J11B.5314.B.720.961","4","1","YES","VJMsg\J11B.5314.B.720.961 | VJMsg\J11B钢管\5314.B.035\035\一\J11B.5314.B.720.961 | VJMsg\J11B钢管\5314.B.035\220\720\J11B.5314.B.720.961"
"J11B.5314.B.720.965","4","1","YES","VJMsg\J11B.5314.B.720.965 | VJMsg\J11B钢管\5314.B.035\035\720\J11B.5314.B.720.965 | VJMsg\J11B钢管\5314.B.035\220\720\J11B.5314.B.720.965"
"J11B.5314.B.720.949","4","1","YES","VJMsg\J11B.5314.B.720.949 | VJMsg\J11B钢管\5314.B.035\035\九\J11B.5314.B.720.949 | VJMsg\J11B钢管\5314.B.035\220\720\J11B.5314.B.720.949"
"J11B.5314.B.720.950","4","1","YES","VJMsg\J11B.5314.B.720.950 | VJMsg\J11B钢管\5314.B.035\035\零\J11B.5314.B.720.950 | VJMsg\J11B钢管\5314.B.035\220\720\J11B.5314.B.720.950"
"J11B.5314.B.720.955","4","1","YES","VJMsg\J11B.5314.B.720.955 | VJMsg\J11B钢管\5314.B.035\035\五\J11B.5314.B.720.955 | VJMsg\J11B钢管\5314.B.035\220\720\J11B.5314.B.720.955"
"30 11.7601.K.805.907","4","1","YES","VJMsg\30 11.7601.K.805.907 | VJMsg\30 11\30 11.7601\30 11.7601.K.805.907 | VJMsg\30 11\GG7601\30 11.7601.K.805.907"
"J11B.5314.B.815.915","4","1","YES","VJMsg\J11B.5314.B.815.915 | VJMsg\J11B钢管\5314.B.035\035\五\J11B.5314.B.815.915 | VJMsg\J11B钢管\5314.B.035\220\815\J11B.5314.B.815.915"
"J11B.5314.B.815.930","4","1","YES","VJMsg\J11B.5314.B.815.930 | VJMsg\J11B钢管\5314.B.035\035\815\J11B.5314.B.815.930 | VJMsg\J11B钢管\5314.B.035\220\815\J11B.5314.B.815.930"
"J11B.6100.B.870.913","4","1","YES","VJMsg\J11B.6100.B.870.913 | VJMsg\7402.B\J11B.6100.B\J11B.6100.B.870.913 | VJMsg\J11B钢管\QL\燃油\J11B.6100.B.870.913"
"J11B.6100.B.860.909","4","2","NO","VJMsg\J11B.6100.B.860.909 | VJMsg\7402.B\J11B.6100.B\J11B.6100.B.860.909 | VJMsg\J11B钢管\QL\燃油\J11B.6100.B.860.909"
"J11B.5314.B.810.993","4","1","YES","VJMsg\J11B.5314.B.810.993 | VJMsg\J11B钢管\5314.B.035\035\810\J11B.5314.B.810.993 | VJMsg\J11B钢管\5314.B.035\220\810\J11B.5314.B.810.993"
"J11B.5314.B.815.937","4","1","YES","VJMsg\J11B.5314.B.815.937 | VJMsg\J11B钢管\5314.B.035\035\七\J11B.5314.B.815.937 | VJMsg\J11B钢管\5314.B.035\220\815\J11B.5314.B.815.937"
"J11B.5314.B.815.938","4","1","YES","VJMsg\J11B.5314.B.815.938 | VJMsg\J11B钢管\5314.B.035\035\八\J11B.5314.B.815.938 | VJMsg\J11B钢管\5314.B.035\220\815\J11B.5314.B.815.938"
"30 11.7602.5.020.907","4","1","YES","VJMsg\30 11.7602.5.020.907 | VJMsg\30 11\30 11.7601\30 11.7602.5.020.907 | VJMsg\30 11\30 11.7602\30 11.7602.5.020.907"
"J11B.5314.B.815.931","4","1","YES","VJMsg\J11B.5314.B.815.931 | VJMsg\J11B钢管\5314.B.035\035\一\J11B.5314.B.815.931 | VJMsg\J11B钢管\5314.B.035\220\815\J11B.5314.B.815.931"
"J11B.6100.B.855.907","4","2","NO","VJMsg\J11B.6100.B.855.907 | VJMsg\7402.B\J11B.6100.B\J11B.6100.B.855.907 | VJMsg\J11B钢管\QL\燃油\J11B.6100.B.855.907"
"J11B.5314.B.815.934","4","1","YES","VJMsg\J11B.5314.B.815.934 | VJMsg\J11B钢管\5314.B.035\035\四\J11B.5314.B.815.934 | VJMsg\J11B钢管\5314.B.035\220\815\J11B.5314.B.815.934"
"J11B.6100.B.870.915","4","2","NO","VJMsg\J11B.6100.B.870.915 | VJMsg\7402.B\J11B.6100.B\J11B.6100.B.870.915 | VJMsg\J11B钢管\QL\燃油\J11B.6100.B.870.915"
"J11B.5314.B.800.908","4","1","YES","VJMsg\J11B.5314.B.800.908 | VJMsg\J11B钢管\5314.B.035\035\八\J11B.5314.B.800.908 | VJMsg\J11B钢管\5314.B.035\220\800\J11B.5314.B.800.908"
"J11B.5314.B.800.909","4","1","YES","VJMsg\J11B.5314.B.800.909 | VJMsg\J11B钢管\5314.B.035\035\九\J11B.5314.B.800.909 | VJMsg\J11B钢管\5314.B.035\220\800\J11B.5314.B.800.909"
"J11B.5314.B.810.903","4","1","YES","VJMsg\J11B.5314.B.810.903 | VJMsg\J11B钢管\5314.B.035\035\三\J11B.5314.B.810.903 | VJMsg\J11B钢管\5314.B.035\220\810\J11B.5314.B.810.903"
"J11B.5314.B.800.904","4","1","YES","VJMsg\J11B.5314.B.800.904 | VJMsg\J11B钢管\5314.B.035\035\四\J11B.5314.B.800.904 | VJMsg\J11B钢管\5314.B.035\220\800\J11B.5314.B.800.904"
"J11B.5314.B.800.905","4","1","YES","VJMsg\J11B.5314.B.800.905 | VJMsg\J11B钢管\5314.B.035\035\五\J11B.5314.B.800.905 | VJMsg\J11B钢管\5314.B.035\220\800\J11B.5314.B.800.905"
"J11B.5314.B.800.907","4","1","YES","VJMsg\J11B.5314.B.800.907 | VJMsg\J11B钢管\5314.B.035\035\七\J11B.5314.B.800.907 | VJMsg\J11B钢管\5314.B.035\220\800\J11B.5314.B.800.907"
"J11B.6100.B.875.963","4","1","YES","VJMsg\J11B.6100.B.875.963 | VJMsg\7402.B\J11B.6100.B\J11B.6100.B.875.963 | VJMsg\J11B钢管\QL\燃油\J11B.6100.B.875.963"
"J11B.6100.B.875.953","4","1","YES","VJMsg\J11B.6100.B.875.953 | VJMsg\7402.B\J11B.6100.B\J11B.6100.B.875.953 | VJMsg\J11B钢管\QL\燃油\J11B.6100.B.875.953"
"J11B.6100.B.875.935","4","1","YES","VJMsg\J11B.6100.B.875.935 | VJMsg\7402.B\J11B.6100.B\J11B.6100.B.875.935 | VJMsg\J11B钢管\QL\燃油\J11B.6100.B.875.935"
"J11B.6100.B.875.971","4","1","YES","VJMsg\J11B.6100.B.875.971 | VJMsg\7402.B\J11B.6100.B\J11B.6100.B.875.971 | VJMsg\J11B钢管\QL\燃油\J11B.6100.B.875.971"
"J11B.5314.B.810.912","4","1","YES","VJMsg\J11B.5314.B.810.912 | VJMsg\J11B钢管\5314.B.035\035\810\J11B.5314.B.810.912 | VJMsg\J11B钢管\5314.B.035\220\810\J11B.5314.B.810.912"
"J11B.6100.B.875.967","4","1","YES","VJMsg\J11B.6100.B.875.967 | VJMsg\7402.B\J11B.6100.B\J11B.6100.B.875.967 | VJMsg\J11B钢管\QL\燃油\J11B.6100.B.875.967"
"J11B.5314.B.225.933","4","1","YES","VJMsg\J11B.5314.B.225.933 | VJMsg\J11B钢管\5314.B.035\035\三\J11B.5314.B.225.933 | VJMsg\J11B钢管\5314.B.035\220\225\J11B.5314.B.225.933"
"J11B.5314.B.325.930","4","1","YES","VJMsg\J11B.5314.B.325.930 | VJMsg\J11B钢管\5314.B.035\035\零\J11B.5314.B.325.930 | VJMsg\J11B钢管\5314.B.035\220\325\J11B.5314.B.325.930"
"J11B.5314.B.225.922","4","1","YES","VJMsg\J11B.5314.B.225.922 | VJMsg\J11B钢管\5314.B.035\035\二\J11B.5314.B.225.922 | VJMsg\J11B钢管\5314.B.035\220\225\J11B.5314.B.225.922"
"J11B.5314.B.325.931","4","1","YES","VJMsg\J11B.5314.B.325.931 | VJMsg\J11B钢管\5314.B.035\035\一\J11B.5314.B.325.931 | VJMsg\J11B钢管\5314.B.035\220\325\J11B.5314.B.325.931"
"30 S30.5314.1.010.904","4","1","YES","VJMsg\30 S30.5314.1.010.904 | VJMsg\30 11\30 11.5314\S30.5314\30 S30.5314.1.010.904 | VJMsg\30红牌\5314\30 S30.5314.1.010.904"
"J11B.5314.B.325.929","4","1","YES","VJMsg\J11B.5314.B.325.929 | VJMsg\J11B钢管\5314.B.035\035\九\J11B.5314.B.325.929 | VJMsg\J11B钢管\5314.B.035\220\325\J11B.5314.B.325.929"
"J11B.5314.B.325.922","4","1","YES","VJMsg\J11B.5314.B.325.922 | VJMsg\J11B钢管\5314.B.035\035\二\J11B.5314.B.325.922 | VJMsg\J11B钢管\5314.B.035\220\325\J11B.5314.B.325.922"
"J11B.5314.B.325.921","4","2","NO","VJMsg\J11B.5314.B.325.921 | VJMsg\J11B钢管\5314.B.035\035\一\J11B.5314.B.325.921 | VJMsg\J11B钢管\5314.B.035\220\325\J11B.5314.B.325.921"
"30 11.7810.K.810.909","4","1","YES","VJMsg\30 11.7810.K.810.909 | VJMsg\30 11\30 11.7801\815\860\30 11.7810.K.810.909 | VJMsg\30 11\30氧气管\30 11.7810.K.810.909"
"J11B.5314.B.325.928","4","1","YES","VJMsg\J11B.5314.B.325.928 | VJMsg\J11B钢管\5314.B.035\035\八\J11B.5314.B.325.928 | VJMsg\J11B钢管\5314.B.035\220\325\J11B.5314.B.325.928"
"J11B.5314.B.325.926","4","1","YES","VJMsg\J11B.5314.B.325.926 | VJMsg\J11B钢管\5314.B.035\035\六\J11B.5314.B.325.926 | VJMsg\J11B钢管\5314.B.035\220\325\J11B.5314.B.325.926"
"J11B.5314.B.325.932","4","1","YES","VJMsg\J11B.5314.B.325.932 | VJMsg\J11B钢管\5314.B.035\035\二\J11B.5314.B.325.932 | VJMsg\J11B钢管\5314.B.035\220\325\J11B.5314.B.325.932"
"J11B.5314.B.325.944","4","1","YES","VJMsg\J11B.5314.B.325.944 | VJMsg\J11B钢管\5314.B.035\035\四\J11B.5314.B.325.944 | VJMsg\J11B钢管\5314.B.035\220\325\J11B.5314.B.325.944"
"30 11.0745.K.005.923","4","1","YES","VJMsg\30 11.0745.K.005.923 | VJMsg\30 11\30 11.0740\30 11.0745.K.005.923 | VJMsg\30 11\30 直管\30 11.0745.K.005.923"
"J11B.5314.B.325.945","4","1","YES","VJMsg\J11B.5314.B.325.945 | VJMsg\J11B钢管\5314.B.035\035\五\J11B.5314.B.325.945 | VJMsg\J11B钢管\5314.B.035\220\325\J11B.5314.B.325.945"
"J11B.5314.B.325.949","4","1","YES","VJMsg\J11B.5314.B.325.949 | VJMsg\J11B钢管\5314.B.035\035\九\J11B.5314.B.325.949 | VJMsg\J11B钢管\5314.B.035\220\325\J11B.5314.B.325.949"
"J11B.5314.B.325.948","4","1","YES","VJMsg\J11B.5314.B.325.948 | VJMsg\J11B钢管\5314.B.035\035\八\J11B.5314.B.325.948 | VJMsg\J11B钢管\5314.B.035\220\325\J11B.5314.B.325.948"
"J11B.5314.B.325.943","4","1","YES","VJMsg\J11B.5314.B.325.943 | VJMsg\J11B钢管\5314.B.035\035\三\J11B.5314.B.325.943 | VJMsg\J11B钢管\5314.B.035\220\325\J11B.5314.B.325.943"
"J11B.5314.B.325.934","4","1","YES","VJMsg\J11B.5314.B.325.934 | VJMsg\J11B钢管\5314.B.035\035\四\J11B.5314.B.325.934 | VJMsg\J11B钢管\5314.B.035\220\325\J11B.5314.B.325.934"
"J11B.5314.B.325.933","4","1","YES","VJMsg\J11B.5314.B.325.933 | VJMsg\J11B钢管\5314.B.035\035\三\J11B.5314.B.325.933 | VJMsg\J11B钢管\5314.B.035\220\325\J11B.5314.B.325.933"
"J11B.5314.B.325.939","4","2","NO","VJMsg\J11B.5314.B.325.939 | VJMsg\J11B钢管\5314.B.035\035\九\J11B.5314.B.325.939 | VJMsg\J11B钢管\5314.B.035\220\325\J11B.5314.B.325.939"
"J11B.5314.B.225.914","4","1","YES","VJMsg\J11B.5314.B.225.914 | VJMsg\J11B钢管\5314.B.035\035\四\J11B.5314.B.225.914 | VJMsg\J11B钢管\5314.B.035\220\225\J11B.5314.B.225.914"
"J11B.5314.B.325.941","4","1","YES","VJMsg\J11B.5314.B.325.941 | VJMsg\J11B钢管\5314.B.035\035\一\J11B.5314.B.325.941 | VJMsg\J11B钢管\5314.B.035\220\325\J11B.5314.B.325.941"
"J11B.5314.B.225.960","4","1","YES","VJMsg\J11B.5314.B.225.960 | VJMsg\J11B钢管\5314.B.035\035\225\J11B.5314.B.225.960 | VJMsg\J11B钢管\5314.B.035\220\225\J11B.5314.B.225.960"
"J11B.5314.B.225.959","4","1","YES","VJMsg\J11B.5314.B.225.959 | VJMsg\J11B钢管\5314.B.035\035\九\J11B.5314.B.225.959 | VJMsg\J11B钢管\5314.B.035\220\225\J11B.5314.B.225.959"
"J11B.5314.B.225.941","4","1","YES","VJMsg\J11B.5314.B.225.941 | VJMsg\J11B钢管\5314.B.035\035\一\J11B.5314.B.225.941 | VJMsg\J11B钢管\5314.B.035\220\225\J11B.5314.B.225.941"
"J11B.5314.B.225.970","4","1","YES","VJMsg\J11B.5314.B.225.970 | VJMsg\J11B钢管\5314.B.035\035\零\J11B.5314.B.225.970 | VJMsg\J11B钢管\5314.B.035\220\225\J11B.5314.B.225.970"
"J11B.5314.B.225.968","4","1","YES","VJMsg\J11B.5314.B.225.968 | VJMsg\J11B钢管\5314.B.035\035\八\J11B.5314.B.225.968 | VJMsg\J11B钢管\5314.B.035\220\225\J11B.5314.B.225.968"
"J11B.5314.B.225.956","4","1","YES","VJMsg\J11B.5314.B.225.956 | VJMsg\J11B钢管\5314.B.035\035\六\J11B.5314.B.225.956 | VJMsg\J11B钢管\5314.B.035\220\225\J11B.5314.B.225.956"
"J11B.5314.B.225.951","4","1","YES","VJMsg\J11B.5314.B.225.951 | VJMsg\J11B钢管\5314.B.035\035\一\J11B.5314.B.225.951 | VJMsg\J11B钢管\5314.B.035\220\225\J11B.5314.B.225.951"
"J11B.5314.B.225.943","4","1","YES","VJMsg\J11B.5314.B.225.943 | VJMsg\J11B钢管\5314.B.035\035\225\J11B.5314.B.225.943 | VJMsg\J11B钢管\5314.B.035\220\225\J11B.5314.B.225.943"
"J11B.5314.B.225.952","4","1","YES","VJMsg\J11B.5314.B.225.952 | VJMsg\J11B钢管\5314.B.035\035\二\J11B.5314.B.225.952 | VJMsg\J11B钢管\5314.B.035\220\225\J11B.5314.B.225.952"
"J11B.5314.B.225.955","4","1","YES","VJMsg\J11B.5314.B.225.955 | VJMsg\J11B钢管\5314.B.035\035\五\J11B.5314.B.225.955 | VJMsg\J11B钢管\5314.B.035\220\225\J11B.5314.B.225.955"
"J11B.5314.B.225.953","4","1","YES","VJMsg\J11B.5314.B.225.953 | VJMsg\J11B钢管\5314.B.035\035\三\J11B.5314.B.225.953 | VJMsg\J11B钢管\5314.B.035\220\225\J11B.5314.B.225.953"
"J11B.5314.B.225.939","4","1","YES","VJMsg\J11B.5314.B.225.939 | VJMsg\J11B钢管\5314.B.035\035\九\J11B.5314.B.225.939 | VJMsg\J11B钢管\5314.B.035\220\225\J11B.5314.B.225.939"
"J11B.5314.B.325.913","4","1","YES","VJMsg\J11B.5314.B.325.913 | VJMsg\J11B钢管\5314.B.035\035\三\J11B.5314.B.325.913 | VJMsg\J11B钢管\5314.B.035\220\325\J11B.5314.B.325.913"
"J11B.5314.B.325.912","4","1","YES","VJMsg\J11B.5314.B.325.912 | VJMsg\J11B钢管\5314.B.035\035\二\J11B.5314.B.325.912 | VJMsg\J11B钢管\5314.B.035\220\325\J11B.5314.B.325.912"
"J11B.5314.B.325.914","4","1","YES","VJMsg\J11B.5314.B.325.914 | VJMsg\J11B钢管\5314.B.035\035\四\J11B.5314.B.325.914 | VJMsg\J11B钢管\5314.B.035\220\325\J11B.5314.B.325.914"
"J11B.5314.B.325.918","4","1","YES","VJMsg\J11B.5314.B.325.918 | VJMsg\J11B钢管\5314.B.035\035\八\J11B.5314.B.325.918 | VJMsg\J11B钢管\5314.B.035\220\325\J11B.5314.B.325.918"
"J11B.5314.B.325.917","4","1","YES","VJMsg\J11B.5314.B.325.917 | VJMsg\J11B钢管\5314.B.035\035\七\J11B.5314.B.325.917 | VJMsg\J11B钢管\5314.B.035\220\325\J11B.5314.B.325.917"
"J11B.5314.B.325.911","4","1","YES","VJMsg\J11B.5314.B.325.911 | VJMsg\J11B钢管\5314.B.035\035\一\J11B.5314.B.325.911 | VJMsg\J11B钢管\5314.B.035\220\325\J11B.5314.B.325.911"
"30 11.7810.K.810.903","4","1","YES","VJMsg\30 11.7810.K.810.903 | VJMsg\30 11\30 11.7801\815\860\30 11.7810.K.810.903 | VJMsg\30 11\30氧气管\30 11.7810.K.810.903"
"J11B.5314.B.225.934","4","1","YES","VJMsg\J11B.5314.B.225.934 | VJMsg\J11B钢管\5314.B.035\035\四\J11B.5314.B.225.934 | VJMsg\J11B钢管\5314.B.035\220\225\J11B.5314.B.225.934"
"30 11.7810.K.810.905","4","1","YES","VJMsg\30 11.7810.K.810.905 | VJMsg\30 11\30 11.7801\815\860\30 11.7810.K.810.905 | VJMsg\30 11\30氧气管\30 11.7810.K.810.905"
"30 11.7810.K.810.907","4","1","YES","VJMsg\30 11.7810.K.810.907 | VJMsg\30 11\30 11.7801\815\860\30 11.7810.K.810.907 | VJMsg\30 11\30氧气管\30 11.7810.K.810.907"
"J11B.5314.B.325.907","4","1","YES","VJMsg\J11B.5314.B.325.907 | VJMsg\J11B钢管\5314.B.035\035\七\J11B.5314.B.325.907 | VJMsg\J11B钢管\5314.B.035\220\325\J11B.5314.B.325.907"
"J11B.5314.B.905.968","4","1","YES","VJMsg\J11B.5314.B.905.968 | VJMsg\J11B钢管\5314.B.035\035\八\J11B.5314.B.905.968 | VJMsg\J11B钢管\5314.B.035\220\905\J11B.5314.B.905.968"
"J11B.5314.B.905.970","4","1","YES","VJMsg\J11B.5314.B.905.970 | VJMsg\J11B钢管\5314.B.035\035\905\J11B.5314.B.905.970 | VJMsg\J11B钢管\5314.B.035\220\905\J11B.5314.B.905.970"
"J11B.5314.B.905.962","4","1","YES","VJMsg\J11B.5314.B.905.962 | VJMsg\J11B钢管\5314.B.035\035\二\J11B.5314.B.905.962 | VJMsg\J11B钢管\5314.B.035\220\905\J11B.5314.B.905.962"
"J11B.5324.B.445.944","4","1","YES","VJMsg\J11B.5324.B.445.944 | VJMsg\J11B钢管\5324.B\445\J11B.5324.B.445.944 | VJMsg\J11B钢管\5324BQL\5324.B\445\J11B.5324.B.445.944"
"J11B.5314.B.905.955","4","1","YES","VJMsg\J11B.5314.B.905.955 | VJMsg\J11B钢管\5314.B.035\035\五\J11B.5314.B.905.955 | VJMsg\J11B钢管\5314.B.035\220\905\J11B.5314.B.905.955"
"J11B.5314.B.905.971","4","1","YES","VJMsg\J11B.5314.B.905.971 | VJMsg\J11B钢管\5314.B.035\035\905\J11B.5314.B.905.971 | VJMsg\J11B钢管\5314.B.035\220\905\J11B.5314.B.905.971"
"J11B.5324.B.445.932","4","1","YES","VJMsg\J11B.5324.B.445.932 | VJMsg\J11B钢管\5324.B\445\J11B.5324.B.445.932 | VJMsg\J11B钢管\5324BQL\5324.B\445\J11B.5324.B.445.932"
"J11B.5314.B.905.974","4","1","YES","VJMsg\J11B.5314.B.905.974 | VJMsg\J11B钢管\5314.B.035\035\四\J11B.5314.B.905.974 | VJMsg\J11B钢管\5314.B.035\220\905\J11B.5314.B.905.974"
"J11B.5324.B.445.931","4","1","YES","VJMsg\J11B.5324.B.445.931 | VJMsg\J11B钢管\5324.B\445\J11B.5324.B.445.931 | VJMsg\J11B钢管\5324BQL\5324.B\445\J11B.5324.B.445.931"
"J11B.5314.B.905.972","4","1","YES","VJMsg\J11B.5314.B.905.972 | VJMsg\J11B钢管\5314.B.035\035\905\J11B.5314.B.905.972 | VJMsg\J11B钢管\5314.B.035\220\905\J11B.5314.B.905.972"
"J11B.5314.B.905.973","4","1","YES","VJMsg\J11B.5314.B.905.973 | VJMsg\J11B钢管\5314.B.035\035\三\J11B.5314.B.905.973 | VJMsg\J11B钢管\5314.B.035\220\905\J11B.5314.B.905.973"
"J11B.5324.B.445.930","4","1","YES","VJMsg\J11B.5324.B.445.930 | VJMsg\J11B钢管\5324.B\445\J11B.5324.B.445.930 | VJMsg\J11B钢管\5324BQL\5324.B\445\J11B.5324.B.445.930"
"J11B.5314.B.905.928","4","1","YES","VJMsg\J11B.5314.B.905.928 | VJMsg\J11B钢管\5314.B.035\035\905\J11B.5314.B.905.928 | VJMsg\J11B钢管\5314.B.035\220\905\J11B.5314.B.905.928"
"J11B.5324.B.445.926","4","2","NO","VJMsg\J11B.5324.B.445.926 | VJMsg\J11B钢管\5324.B\445\J11B.5324.B.445.926 | VJMsg\J11B钢管\5324BQL\5324.B\445\J11B.5324.B.445.926"
"J11B.5314.B.905.919","4","1","YES","VJMsg\J11B.5314.B.905.919 | VJMsg\J11B钢管\5314.B.035\035\九\J11B.5314.B.905.919 | VJMsg\J11B钢管\5314.B.035\220\905\J11B.5314.B.905.919"
"30 11.5314.3.655.970","4","2","NO","VJMsg\30 11.5314.3.655.970 | VJMsg\30 11\30 11.5314\655\30 11.5314.3.655.970 | VJMsg\30 11\30 11.5314\710\30 11.5314.3.655.970"
"J11B.5324.B.445.924","4","2","NO","VJMsg\J11B.5324.B.445.924 | VJMsg\J11B钢管\5324.B\445\J11B.5324.B.445.924 | VJMsg\J11B钢管\5324BQL\5324.B\445\J11B.5324.B.445.924"
"J11B.5324.B.445.952","4","1","YES","VJMsg\J11B.5324.B.445.952 | VJMsg\J11B钢管\5324.B\445\J11B.5324.B.445.952 | VJMsg\J11B钢管\5324BQL\5324.B\445\J11B.5324.B.445.952"
"J11B.5324.B.445.929","4","1","YES","VJMsg\J11B.5324.B.445.929 | VJMsg\J11B钢管\5324.B\445\J11B.5324.B.445.929 | VJMsg\J11B钢管\5324BQL\5324.B\445\J11B.5324.B.445.929"
"J11B.5324.B.325.952","4","1","YES","VJMsg\J11B.5324.B.325.952 | VJMsg\J11B钢管\5324.B\325\J11B.5324.B.325.952 | VJMsg\J11B钢管\5324BQL\5324.B\325\J11B.5324.B.325.952"
"J11B.5314.B.905.930","4","1","YES","VJMsg\J11B.5314.B.905.930 | VJMsg\J11B钢管\5314.B.035\035\905\J11B.5314.B.905.930 | VJMsg\J11B钢管\5314.B.035\220\905\J11B.5314.B.905.930"
"J11B.5324.B.325.962","4","1","YES","VJMsg\J11B.5324.B.325.962 | VJMsg\J11B钢管\5324.B\325\J11B.5324.B.325.962 | VJMsg\J11B钢管\5324BQL\5324.B\325\J11B.5324.B.325.962"
"J11B.5324.B.445.950","4","1","YES","VJMsg\J11B.5324.B.445.950 | VJMsg\J11B钢管\5324.B\445\J11B.5324.B.445.950 | VJMsg\J11B钢管\5324BQL\5324.B\445\J11B.5324.B.445.950"
"J11B.5314.B.225.902","4","1","YES","VJMsg\J11B.5314.B.225.902 | VJMsg\J11B钢管\5314.B.035\035\二\J11B.5314.B.225.902 | VJMsg\J11B钢管\5314.B.035\220\225\J11B.5314.B.225.902"
"J11B.5314.B.225.903","4","1","YES","VJMsg\J11B.5314.B.225.903 | VJMsg\J11B钢管\5314.B.035\035\三\J11B.5314.B.225.903 | VJMsg\J11B钢管\5314.B.035\220\225\J11B.5314.B.225.903"
"J11B.5314.B.325.957","4","1","YES","VJMsg\J11B.5314.B.325.957 | VJMsg\J11B钢管\5314.B.035\035\七\J11B.5314.B.325.957 | VJMsg\J11B钢管\5314.B.035\220\325\J11B.5314.B.325.957"
"J11B.5324.B.445.941","4","1","YES","VJMsg\J11B.5324.B.445.941 | VJMsg\J11B钢管\5324.B\445\J11B.5324.B.445.941 | VJMsg\J11B钢管\5324BQL\5324.B\445\J11B.5324.B.445.941"
"J11B.5314.B.325.959","4","1","YES","VJMsg\J11B.5314.B.325.959 | VJMsg\J11B钢管\5314.B.035\035\九\J11B.5314.B.325.959 | VJMsg\J11B钢管\5314.B.035\220\325\J11B.5314.B.325.959"
"J11B.5314.B.225.904","4","1","YES","VJMsg\J11B.5314.B.225.904 | VJMsg\J11B钢管\5314.B.035\035\四\J11B.5314.B.225.904 | VJMsg\J11B钢管\5314.B.035\220\225\J11B.5314.B.225.904"
"J11B.5314.B.325.952","4","1","YES","VJMsg\J11B.5314.B.325.952 | VJMsg\J11B钢管\5314.B.035\035\二\J11B.5314.B.325.952 | VJMsg\J11B钢管\5314.B.035\220\325\J11B.5314.B.325.952"
"J11B.5314.B.325.950","4","1","YES","VJMsg\J11B.5314.B.325.950 | VJMsg\J11B钢管\5314.B.035\035\零\J11B.5314.B.325.950 | VJMsg\J11B钢管\5314.B.035\220\325\J11B.5314.B.325.950"
"J11B.5314.B.325.953","4","1","YES","VJMsg\J11B.5314.B.325.953 | VJMsg\J11B钢管\5314.B.035\035\三\J11B.5314.B.325.953 | VJMsg\J11B钢管\5314.B.035\220\325\J11B.5314.B.325.953"
"J11B.5314.B.225.913","4","1","YES","VJMsg\J11B.5314.B.225.913 | VJMsg\J11B钢管\5314.B.035\035\三\J11B.5314.B.225.913 | VJMsg\J11B钢管\5314.B.035\220\225\J11B.5314.B.225.913"
"J11B.5314.B.325.954","4","1","YES","VJMsg\J11B.5314.B.325.954 | VJMsg\J11B钢管\5314.B.035\035\四\J11B.5314.B.325.954 | VJMsg\J11B钢管\5314.B.035\220\325\J11B.5314.B.325.954"
"J11B.5314.B.325.960","4","1","YES","VJMsg\J11B.5314.B.325.960 | VJMsg\J11B钢管\5314.B.035\035\零\J11B.5314.B.325.960 | VJMsg\J11B钢管\5314.B.035\220\325\J11B.5314.B.325.960"
"J11B.5314.B.330.912","4","1","YES","VJMsg\J11B.5314.B.330.912 | VJMsg\J11B钢管\5314.B.035\035\二\J11B.5314.B.330.912 | VJMsg\J11B钢管\5314.B.035\220\330\J11B.5314.B.330.912"
"J11B.5314.B.330.911","4","1","YES","VJMsg\J11B.5314.B.330.911 | VJMsg\J11B钢管\5314.B.035\035\一\J11B.5314.B.330.911 | VJMsg\J11B钢管\5314.B.035\220\330\J11B.5314.B.330.911"
"J11B.5314.B.330.930","4","1","YES","VJMsg\J11B.5314.B.330.930 | VJMsg\J11B钢管\5314.B.035\035\零\J11B.5314.B.330.930 | VJMsg\J11B钢管\5314.B.035\220\330\J11B.5314.B.330.930"
"J11B.5324.B.325.959","4","1","YES","VJMsg\J11B.5324.B.325.959 | VJMsg\J11B钢管\5324.B\325\J11B.5324.B.325.959 | VJMsg\J11B钢管\5324BQL\5324.B\325\J11B.5324.B.325.959"
"J11B.5314.B.330.951","4","1","YES","VJMsg\J11B.5314.B.330.951 | VJMsg\J11B钢管\5314.B.035\035\一\J11B.5314.B.330.951 | VJMsg\J11B钢管\5314.B.035\220\330\J11B.5314.B.330.951"
"J11B.5314.B.330.906","4","1","YES","VJMsg\J11B.5314.B.330.906 | VJMsg\J11B钢管\5314.B.035\035\六\J11B.5314.B.330.906 | VJMsg\J11B钢管\5314.B.035\220\330\J11B.5314.B.330.906"
"J11B.5314.B.030.925","4","2","NO","VJMsg\J11B.5314.B.030.925 | VJMsg\J11B钢管\5314.B.035\035\五\J11B.5314.B.030.925 | VJMsg\J11B钢管\5314.B.035\220\J11B.5314.B.030\J11B.5314.B.030.925"
"J11B.5314.B.325.961","4","1","YES","VJMsg\J11B.5314.B.325.961 | VJMsg\J11B钢管\5314.B.035\220\325\J11B.5314.B.325.961 | VJMsg\J11B钢管\5314.B.035\325\J11B.5314.B.325.961"
"J11B.5314.B.030.926","4","2","NO","VJMsg\J11B.5314.B.030.926 | VJMsg\J11B钢管\5314.B.035\035\六\J11B.5314.B.030.926 | VJMsg\J11B钢管\5314.B.035\220\J11B.5314.B.030\J11B.5314.B.030.926"
"J11B.5314.B.330.905","4","1","YES","VJMsg\J11B.5314.B.330.905 | VJMsg\J11B钢管\5314.B.035\035\五\J11B.5314.B.330.905 | VJMsg\J11B钢管\5314.B.035\220\330\J11B.5314.B.330.905"
"J11B.5314.B.325.963","4","1","YES","VJMsg\J11B.5314.B.325.963 | VJMsg\J11B钢管\5314.B.035\035\三\J11B.5314.B.325.963 | VJMsg\J11B钢管\5314.B.035\220\325\J11B.5314.B.325.963"
"J11B.5314.B.720.927","4","1","YES","VJMsg\J11B.5314.B.720.927 | VJMsg\J11B钢管\5314.B.035\035\七\J11B.5314.B.720.927 | VJMsg\J11B钢管\5314.B.035\220\720\J11B.5314.B.720.927"
"J11B.5314.B.335.908","4","1","YES","VJMsg\J11B.5314.B.335.908 | VJMsg\J11B钢管\5314.B.035\035\八\J11B.5314.B.335.908 | VJMsg\J11B钢管\5314.B.035\220\335\J11B.5314.B.335.908"
"J11BS.7420.A.060.995","4","1","YES","VJMsg\J11BS.7420.A.060.995 | VJMsg\J11BS.7420.A\J11BS.7420.A.060.995 | VJMsg\J11BS.7420.A\7402.A\J11BS.7420.A.060.995"
"J11BS.7420.A.060.994","4","1","YES","VJMsg\J11BS.7420.A.060.994 | VJMsg\J11BS.7420.A\J11BS.7420.A.060.994 | VJMsg\J11BS.7420.A\7402.A\J11BS.7420.A.060.994"
"J11B.5314.B.330.996","4","1","YES","VJMsg\J11B.5314.B.330.996 | VJMsg\J11B钢管\5314.B.035\035\六\J11B.5314.B.330.996 | VJMsg\J11B钢管\5314.B.035\220\330\J11B.5314.B.330.996"
"J11B.5314.B.335.905","4","1","YES","VJMsg\J11B.5314.B.335.905 | VJMsg\J11B钢管\5314.B.035\035\五\J11B.5314.B.335.905 | VJMsg\J11B钢管\5314.B.035\220\335\J11B.5314.B.335.905"
"J11B.5314.B.335.907","4","1","YES","VJMsg\J11B.5314.B.335.907 | VJMsg\J11B钢管\5314.B.035\035\七\J11B.5314.B.335.907 | VJMsg\J11B钢管\5314.B.035\220\335\J11B.5314.B.335.907"
"J11BS.7420.A.060.985","4","1","YES","VJMsg\J11BS.7420.A.060.985 | VJMsg\J11BS.7420.A\J11BS.7420.A.060.985 | VJMsg\J11BS.7420.A\7402.A\J11BS.7420.A.060.985"
"J11B.5314.B.335.911","4","1","YES","VJMsg\J11B.5314.B.335.911 | VJMsg\J11B钢管\5314.B.035\035\一\J11B.5314.B.335.911 | VJMsg\J11B钢管\5314.B.035\220\335\J11B.5314.B.335.911"
"J11BS.7402.A.825.000","4","2","NO","VJMsg\J11BS.7402.A.825.000 | VJMsg\J11BS.7420.A\7402.A\新建文件夹\J11BS.7402.A.825.000 | VJMsg\J11B铝管\J11BS空调管浅灰细\J11BS.7402.A.825.000"
"J11BS.7402.A.310.000","4","1","YES","VJMsg\J11BS.7402.A.310.000 | VJMsg\J11BS.7420.A\7402.A\新建文件夹\J11BS.7402.A.310.000 | VJMsg\J11B铝管\J11BS空调管浅灰粗\J11BS.7402.A.310.000"
"J11BS.7420.A.060.907","4","1","YES","VJMsg\J11BS.7420.A.060.907 | VJMsg\J11BS.7420.A\J11BS.7420.A.060.907 | VJMsg\J11BS.7420.A\7402.A\J11BS.7420.A.060.907"
"J11BS.7420.A.060.905","4","1","YES","VJMsg\J11BS.7420.A.060.905 | VJMsg\J11BS.7420.A\J11BS.7420.A.060.905 | VJMsg\J11BS.7420.A\7402.A\J11BS.7420.A.060.905"
"J11BS.7420.A.060.902","4","1","YES","VJMsg\J11BS.7420.A.060.902 | VJMsg\J11BS.7420.A\J11BS.7420.A.060.902 | VJMsg\J11BS.7420.A\7402.A\J11BS.7420.A.060.902"
"J11B.5314.B.330.994","4","1","YES","VJMsg\J11B.5314.B.330.994 | VJMsg\J11B钢管\5314.B.035\035\四\J11B.5314.B.330.994 | VJMsg\J11B钢管\5314.B.035\220\330\J11B.5314.B.330.994"
"J11BS.7601.A.685.000","4","1","YES","VJMsg\J11BS.7601.A.685.000 | VJMsg\J11BS.7420.A\J11BS.7601.A\J11BS.7601.A.685.000 | VJMsg\J11B铝管\J11BS空调管浅灰粗\J11BS.7601.A.685.000"
"J11B.5314.B.330.977","4","1","YES","VJMsg\J11B.5314.B.330.977 | VJMsg\J11B钢管\5314.B.035\035\七\J11B.5314.B.330.977 | VJMsg\J11B钢管\5314.B.035\220\330\J11B.5314.B.330.977"
"J11B.5314.B.330.978","4","1","YES","VJMsg\J11B.5314.B.330.978 | VJMsg\J11B钢管\5314.B.035\035\八\J11B.5314.B.330.978 | VJMsg\J11B钢管\5314.B.035\220\330\J11B.5314.B.330.978"
"J11BS.7601.A.710.000","4","2","NO","VJMsg\J11BS.7601.A.710.000 | VJMsg\J11BS.7420.A\J11BS.7601.A\J11BS.7601.A.710.000 | VJMsg\J11B铝管\J11BS空调管浅灰粗\J11BS.7601.A.710.000"
"J11BS.7601.A.705.000","4","1","YES","VJMsg\J11BS.7601.A.705.000 | VJMsg\J11BS.7420.A\J11BS.7601.A\J11BS.7601.A.705.000 | VJMsg\J11B铝管\J11BS空调管浅灰粗\J11BS.7601.A.705.000"
"J11BS.7601.A.695.000","4","1","YES","VJMsg\J11BS.7601.A.695.000 | VJMsg\J11BS.7420.A\J11BS.7601.A\J11BS.7601.A.695.000 | VJMsg\J11B铝管\J11BS空调管浅灰粗\J11BS.7601.A.695.000"
"J11B.5314.B.330.980","4","1","YES","VJMsg\J11B.5314.B.330.980 | VJMsg\J11B钢管\5314.B.035\035\零\J11B.5314.B.330.980 | VJMsg\J11B钢管\5314.B.035\220\330\J11B.5314.B.330.980"
"J11B.5314.B.330.991","4","1","YES","VJMsg\J11B.5314.B.330.991 | VJMsg\J11B钢管\5314.B.035\035\一\J11B.5314.B.330.991 | VJMsg\J11B钢管\5314.B.035\220\330\J11B.5314.B.330.991"
"J11B.5314.B.330.992","4","1","YES","VJMsg\J11B.5314.B.330.992 | VJMsg\J11B钢管\5314.B.035\035\二\J11B.5314.B.330.992 | VJMsg\J11B钢管\5314.B.035\220\330\J11B.5314.B.330.992"
"J11B.5314.B.330.993","4","1","YES","VJMsg\J11B.5314.B.330.993 | VJMsg\J11B钢管\5314.B.035\035\三\J11B.5314.B.330.993 | VJMsg\J11B钢管\5314.B.035\220\330\J11B.5314.B.330.993"
"J11B.5314.B.330.981","4","1","YES","VJMsg\J11B.5314.B.330.981 | VJMsg\J11B钢管\5314.B.035\035\一\J11B.5314.B.330.981 | VJMsg\J11B钢管\5314.B.035\220\330\J11B.5314.B.330.981"
"J11B.5314.B.330.983","4","1","YES","VJMsg\J11B.5314.B.330.983 | VJMsg\J11B钢管\5314.B.035\035\三\J11B.5314.B.330.983 | VJMsg\J11B钢管\5314.B.035\220\330\J11B.5314.B.330.983"
"J11B.5314.B.330.990","4","1","YES","VJMsg\J11B.5314.B.330.990 | VJMsg\J11B钢管\5314.B.035\035\零\J11B.5314.B.330.990 | VJMsg\J11B钢管\5314.B.035\220\330\J11B.5314.B.330.990"
"J11BS.7402.A.295.000","4","1","YES","VJMsg\J11BS.7402.A.295.000 | VJMsg\J11BS.7420.A\7402.A\新建文件夹\J11BS.7402.A.295.000 | VJMsg\J11B铝管\J11BS空调管浅灰粗\J11BS.7402.A.295.000"
"J11BS.7420.A.910.969","4","1","YES","J11B直管\J11BS绿\J11BS.7420.A.910.969 | VJMsg\J11BS.7420.A.910.969 | VJMsg\J11BS.7420.A\ZGJ11BSLV\J11BS.7420.A.910.969"
"J11BS.7420.A.910.982","4","1","YES","J11B直管\J11BS绿\J11BS.7420.A.910.982 | VJMsg\J11BS.7420.A.910.982 | VJMsg\J11BS.7420.A\ZGJ11BSLV\J11BS.7420.A.910.982"
"J11BS.7420.A.910.984","4","1","YES","J11B直管\J11BS绿\J11BS.7420.A.910.984 | VJMsg\J11BS.7420.A.910.984 | VJMsg\J11BS.7420.A\ZGJ11BSLV\J11BS.7420.A.910.984"
"J11BS.7601.A.830.913","4","1","YES","J11B直管\J11BSQH\J11BS.7601.A.830.913 | J11B直管\浅灰\7601.A\J11BS.7601.A.830.913 | VJMsg\J11BS.7601.A.830.913"
"J11BS.7601.A.830.915","4","1","YES","J11B直管\J11BSQH\J11BS.7601.A.830.915 | J11B直管\浅灰\7601.A\J11BS.7601.A.830.915 | VJMsg\J11BS.7601.A.830.915"
"J11BS.7420.A.910.964","4","1","YES","J11B直管\J11BS绿\J11BS.7420.A.910.964 | VJMsg\J11BS.7420.A.910.964 | VJMsg\J11BS.7420.A\ZGJ11BSLV\J11BS.7420.A.910.964"
"J11BS.7420.A.910.988","4","1","YES","J11B直管\J11BS绿\J11BS.7420.A.910.988 | VJMsg\J11BS.7420.A.910.988 | VJMsg\J11BS.7420.A\ZGJ11BSLV\J11BS.7420.A.910.988"
"J11BS.7402.A.060.901","4","1","YES","VJMsg\J11BS.7402.A.060.901 | VJMsg\J11BS.7420.A\7402.A\J11BS.7402.A.060.901 | VJMsg\J11B铝管\J11BS空调管浅灰细\J11BS.7402.A.060.901"
"J11B.5314.B.335.921","4","1","YES","VJMsg\J11B.5314.B.335.921 | VJMsg\J11B钢管\5314.B.035\035\一\J11B.5314.B.335.921 | VJMsg\J11B钢管\5314.B.035\220\335\J11B.5314.B.335.921"
"J11B.5314.B.335.922","4","1","YES","VJMsg\J11B.5314.B.335.922 | VJMsg\J11B钢管\5314.B.035\035\二\J11B.5314.B.335.922 | VJMsg\J11B钢管\5314.B.035\220\335\J11B.5314.B.335.922"
"J11BS.7402.A.060.905","4","1","YES","VJMsg\J11BS.7402.A.060.905 | VJMsg\J11BS.7420.A\7402.A\J11BS.7402.A.060.905 | VJMsg\J11B铝管\J11BS空调管浅灰细\J11BS.7402.A.060.905"
"J11B.0740.B.845.906","4","1","YES","J11B直管\深灰\J11B.0740.B.845.906 | VJMsg\J11B.0740.B.845.906 | VJMsg\J11B钢管\845\J11B.0740.B.845.906"
"J11BS.7402.A.060.903","4","2","NO","VJMsg\J11BS.7402.A.060.903 | VJMsg\J11BS.7420.A\7402.A\J11BS.7402.A.060.903 | VJMsg\J11B铝管\J11BS空调管浅灰细\J11BS.7402.A.060.903"
"J11BS.7601.A.830.907","4","1","YES","J11B直管\J11BSQH\J11BS.7601.A.830.907 | J11B直管\浅灰\7601.A\J11BS.7601.A.830.907 | VJMsg\J11BS.7601.A.830.907"
"J11BS.7402.A.060.927","4","1","YES","VJMsg\J11BS.7402.A.060.927 | VJMsg\J11BS.7420.A\7402.A\J11BS.7402.A.060.927 | VJMsg\J11B铝管\J11BS空调管浅灰细\J11BS.7402.A.060.927"
"J11BS.7402.A.060.921","4","1","YES","VJMsg\J11BS.7402.A.060.921 | VJMsg\J11BS.7420.A\7402.A\J11BS.7402.A.060.921 | VJMsg\J11B铝管\J11BS空调管浅灰细\J11BS.7402.A.060.921"
"J11BS.7402.A.060.919","4","1","YES","VJMsg\J11BS.7402.A.060.919 | VJMsg\J11BS.7420.A\7402.A\J11BS.7402.A.060.919 | VJMsg\J11B铝管\J11BS空调管浅灰细\J11BS.7402.A.060.919"
"J11BS.7402.A.290.000","4","1","YES","VJMsg\J11BS.7402.A.290.000 | VJMsg\J11BS.7420.A\7402.A\新建文件夹\J11BS.7402.A.290.000 | VJMsg\J11B铝管\J11BS空调管浅灰粗\J11BS.7402.A.290.000"
"J11B.5314.B.335.912","4","1","YES","VJMsg\J11B.5314.B.335.912 | VJMsg\J11B钢管\5314.B.035\035\二\J11B.5314.B.335.912 | VJMsg\J11B钢管\5314.B.035\220\335\J11B.5314.B.335.912"
"J11BS.7402.A.060.947","4","1","YES","VJMsg\J11BS.7402.A.060.947 | VJMsg\J11BS.7420.A\7402.A\J11BS.7402.A.060.947 | VJMsg\J11B铝管\J11BS空调管浅灰细\J11BS.7402.A.060.947"
"J11BS.7402.A.060.917","4","2","NO","VJMsg\J11BS.7402.A.060.917 | VJMsg\J11BS.7420.A\7402.A\J11BS.7402.A.060.917 | VJMsg\J11B铝管\J11BS空调管浅灰细\J11BS.7402.A.060.917"
"J11B.5314.B.335.920","4","1","YES","VJMsg\J11B.5314.B.335.920 | VJMsg\J11B钢管\5314.B.035\035\零\J11B.5314.B.335.920 | VJMsg\J11B钢管\5314.B.035\220\335\J11B.5314.B.335.920"
"J11B.7601.B.885.947","4","1","YES","J11B直管\J11BSQH\J11B.7601.B.885.947 | J11B直管\浅灰\J11B.7601.B.885.947 | VJMsg\J11B.7601.B.885.947"
"J11BS.7601.A.830.905","4","1","YES","J11B直管\J11BSQH\J11BS.7601.A.830.905 | J11B直管\浅灰\7601.A\J11BS.7601.A.830.905 | VJMsg\J11BS.7601.A.830.905"
"J11BS.7402.A.060.913","4","1","YES","VJMsg\J11BS.7402.A.060.913 | VJMsg\J11BS.7420.A\7402.A\J11BS.7402.A.060.913 | VJMsg\J11B铝管\J11BS空调管浅灰细\J11BS.7402.A.060.913"
"J11BS.7402.A.060.911","4","2","NO","VJMsg\J11BS.7402.A.060.911 | VJMsg\J11BS.7420.A\7402.A\J11BS.7402.A.060.911 | VJMsg\J11B铝管\J11BS空调管浅灰细\J11BS.7402.A.060.911"
"J11B.5314.B.335.919","4","1","YES","VJMsg\J11B.5314.B.335.919 | VJMsg\J11B钢管\5314.B.035\035\九\J11B.5314.B.335.919 | VJMsg\J11B钢管\5314.B.035\220\335\J11B.5314.B.335.919"
"J11B.5314.B.330.960","4","2","NO","VJMsg\J11B.5314.B.330.960 | VJMsg\J11B钢管\5314.B.035\035\零\J11B.5314.B.330.960 | VJMsg\J11B钢管\5314.B.035\220\330\J11B.5314.B.330.960"
"904","4","4","NO","VJMsg\30 11\30 11.5324\300\904 | VJMsg\30 11\30 11.5324\555\904 | VJMsg\30 11\30 11.5324\900\904"
"J11B.5314.B.030.917","4","1","YES","J11B直管\5314\J11B.5314.B.030.917 | VJMsg\J11B.5314.B.030.917 | VJMsg\J11B钢管\5314.B.035\035\七\J11B.5314.B.030.917"
"956","4","3","NO","VJMsg\30 11\30 11.5324\S30.5324\956 | VJMsg\J11B钢管\5324.B\555\555K\956 | VJMsg\J11B钢管\5324BQL\5324.B\新建文件夹\5324褐8\956"
"J11B.5314.B.330.959","4","1","YES","VJMsg\J11B.5314.B.330.959 | VJMsg\J11B钢管\5314.B.035\035\九\J11B.5314.B.330.959 | VJMsg\J11B钢管\5314.B.035\220\330\J11B.5314.B.330.959"
"952","4","2","NO","VJMsg\30 11\30 11.5324\900\952 | VJMsg\J11B钢管\5314.B.035\035\330\952 | VJMsg\J11B钢管\5314.B.035\220\330\952"
"J11B.5314.B.030.919","4","2","NO","J11B直管\5314\J11B.5314.B.030.919 | VJMsg\J11B.5314.B.030.919 | VJMsg\J11B钢管\5314.B.035\035\九\J11B.5314.B.030.919"
"J11B.5324.B.030.956","4","1","YES","J11B直管\5324\J11B.5324.B.030.956 | VJMsg\J11B.5324.B.030.956 | VJMsg\J11B钢管\5324.B\030\J11B.5324.B.030.956"
"J11B.5324.B.035.907","4","2","NO","J11B直管\5324\J11B.5324.B.035.907 | VJMsg\J11B.5324.B.035.907 | VJMsg\J11B钢管\5324.B\035\J11B.5324.B.035.907"
"J11B.5324.B.325.976","4","1","YES","J11B直管\5324\J11B.5324.B.325.976 | VJMsg\J11B.5324.B.325.976 | VJMsg\J11B钢管\5324.B\325\J11B.5324.B.325.976"
"J11B.5314.B.030.927","4","1","YES","J11B直管\5314\J11B.5314.B.030.927 | VJMsg\J11B.5314.B.030.927 | VJMsg\J11B钢管\5314.B.035\035\七\J11B.5314.B.030.927"
"J11B.5314.B.030.963","4","2","NO","J11B直管\5314\J11B.5314.B.030.963 | VJMsg\J11B.5314.B.030.963 | VJMsg\J11B钢管\5314.B.035\035\三\J11B.5314.B.030.963"
"J11B.5324.B.030.939","4","2","NO","J11B直管\5324\J11B.5324.B.030.939 | VJMsg\J11B.5324.B.030.939 | VJMsg\J11B钢管\5324.B\030\J11B.5324.B.030.939"
"J11B.0740.B.845.931","4","1","YES","J11B直管\0740\J11B.0740.B.845.931 | VJMsg\J11B.0740.B.845.931 | VJMsg\J11B钢管\845\J11B.0740.B.845.931"
"928  2","4","1","YES","VJMsg\J11B钢管\5314.B.035\035\905\928  2 | VJMsg\J11B钢管\5314.B.035\220\905\928  2 | VJMsg\J11B钢管\5314.B.035\905\928  2"
"930  2","4","1","YES","VJMsg\J11B钢管\5314.B.035\035\820\930  2 | VJMsg\J11B钢管\5314.B.035\220\820\930  2 | VJMsg\J11B钢管\5314.B.035\820\930  2"
"995","4","1","YES","VJMsg\J11B钢管\5314.B.035\035\815\995 | VJMsg\J11B钢管\5314.B.035\220\815\995 | VJMsg\J11B钢管\5314.B.035\815\995"
"988","4","2","NO","VJMsg\J11B钢管\5324.B\710\710K\988 | VJMsg\J11B钢管\5324.B\910\910LV\988 | VJMsg\J11B钢管\5324BQL\5324.B\710\710K\988"
"962","4","2","NO","VJMsg\J11B钢管\5324.B\225\225K\962 | VJMsg\J11B钢管\5324.B\915\915LV\962 | VJMsg\J11B钢管\5324BQL\5324.B\新建文件夹\5324褐10\962"
"936","4","2","NO","VJMsg\J11B钢管\5324.B\030\LV\936 | VJMsg\J11B钢管\5324.B\915\915LV\936 | VJMsg\J11B钢管\5324BQL\5324.B\新建文件夹\5324褐12\936"
"994","4","1","YES","VJMsg\J11B钢管\5314.B.035\035\815\994 | VJMsg\J11B钢管\5314.B.035\220\815\994 | VJMsg\J11B钢管\5314.B.035\815\994"
"J11B.5314.B.330.956","4","1","YES","VJMsg\J11B.5314.B.330.956 | VJMsg\J11B钢管\5314.B.035\035\六\J11B.5314.B.330.956 | VJMsg\J11B钢管\5314.B.035\220\330\J11B.5314.B.330.956"
"J11B.5314.B.330.958","4","1","YES","VJMsg\J11B.5314.B.330.958 | VJMsg\J11B钢管\5314.B.035\035\八\J11B.5314.B.330.958 | VJMsg\J11B钢管\5314.B.035\220\330\J11B.5314.B.330.958"
"960","4","1","YES","VJMsg\J11B钢管\5314.B.035\035\225\960 | VJMsg\J11B钢管\5314.B.035\220\225\960 | VJMsg\J11B钢管\5314.B.035\225\960"
"964","4","1","YES","VJMsg\J11B钢管\5314.B.035\035\815\964 | VJMsg\J11B钢管\5314.B.035\220\815\964 | VJMsg\J11B钢管\5314.B.035\815\964"
"998  2","4","1","YES","VJMsg\J11B钢管\5314.B.035\035\720\998  2 | VJMsg\J11B钢管\5314.B.035\220\720\998  2 | VJMsg\J11B钢管\5314.B.035\720\998  2"
"967  2","4","1","YES","VJMsg\J11B钢管\5314.B.035\035\720\967  2 | VJMsg\J11B钢管\5314.B.035\220\720\967  2 | VJMsg\J11B钢管\5314.B.035\720\967  2"
"J11B.5314.B.330.966","4","1","YES","VJMsg\J11B.5314.B.330.966 | VJMsg\J11B钢管\5314.B.035\035\六\J11B.5314.B.330.966 | VJMsg\J11B钢管\5314.B.035\220\330\J11B.5314.B.330.966"
"J11B.5314.B.330.974","4","1","YES","VJMsg\J11B.5314.B.330.974 | VJMsg\J11B钢管\5314.B.035\035\四\J11B.5314.B.330.974 | VJMsg\J11B钢管\5314.B.035\220\330\J11B.5314.B.330.974"
"J11BS.0740.A.600.901","4","1","YES","J11B直管\J11BS.0740.A\J11BS.0740.A.600.901 | J11B直管\J11BSSH\J11BS.0740.A.600.901 | VJMsg\J11BS.0740.A.600.901"
"J11BS.0740.A.600.903","4","1","YES","J11B直管\J11BS.0740.A\J11BS.0740.A.600.903 | J11B直管\J11BSSH\J11BS.0740.A.600.903 | VJMsg\J11BS.0740.A.600.903"
"J11B.5314.B.330.970","4","1","YES","VJMsg\J11B.5314.B.330.970 | VJMsg\J11B钢管\5314.B.035\035\零\J11B.5314.B.330.970 | VJMsg\J11B钢管\5314.B.035\220\330\J11B.5314.B.330.970"
"J11B.5314.B.330.972","4","1","YES","VJMsg\J11B.5314.B.330.972 | VJMsg\J11B钢管\5314.B.035\035\二\J11B.5314.B.330.972 | VJMsg\J11B钢管\5314.B.035\220\330\J11B.5314.B.330.972"
"J11B.5314.B.330.973","4","1","YES","VJMsg\J11B.5314.B.330.973 | VJMsg\J11B钢管\5314.B.035\035\三\J11B.5314.B.330.973 | VJMsg\J11B钢管\5314.B.035\220\330\J11B.5314.B.330.973"
"J11BS.0740.A.600.905","4","3","NO","J11B直管\J11BS.0740.A\J11BS.0740.A.600.905 | J11B直管\J11BSSH\J11BS.0740.A.600.905 | VJMsg\J11BS.0740.A.600.905"
"J11BS.0740.A.600.963","4","1","YES","J11B直管\J11BS.0740.A\J11BS.0740.A.600.963 | J11B直管\J11BSSH\J11BS.0740.A.600.963 | VJMsg\J11BS.0740.A.600.963"
"J11B.5314.B.330.975","4","1","YES","VJMsg\J11B.5314.B.330.975 | VJMsg\J11B钢管\5314.B.035\035\五\J11B.5314.B.330.975 | VJMsg\J11B钢管\5314.B.035\220\330\J11B.5314.B.330.975"
"J11B.5314.B.330.976","4","1","YES","VJMsg\J11B.5314.B.330.976 | VJMsg\J11B钢管\5314.B.035\035\六\J11B.5314.B.330.976 | VJMsg\J11B钢管\5314.B.035\220\330\J11B.5314.B.330.976"
"J11BS.0740.A.600.911","4","1","YES","J11B直管\J11BS.0740.A\J11BS.0740.A.600.911 | J11B直管\J11BSSH\J11BS.0740.A.600.911 | VJMsg\J11BS.0740.A.600.911"
"J11BS.0740.A.600.913","4","1","YES","J11B直管\J11BS.0740.A\J11BS.0740.A.600.913 | J11B直管\J11BSSH\J11BS.0740.A.600.913 | VJMsg\J11BS.0740.A.600.913"
"J11BS.0740.A.600.961","4","1","YES","J11B直管\J11BS.0740.A\J11BS.0740.A.600.961 | J11B直管\J11BSSH\J11BS.0740.A.600.961 | VJMsg\J11BS.0740.A.600.961"
"917","4","4","NO","VJMsg\30 11\30 11.5314\040\917 | VJMsg\30 11\30 11.5314\700\917 | VJMsg\30 11\30 11.5324\700\917"
"947","4","3","NO","VJMsg\30 11\30 11.5314\815\947 | VJMsg\30 11\30 11.5324\900\947 | VJMsg\J11B钢管\5324.B\710\710K\947"
"946","4","3","NO","VJMsg\30 11\30 11.5314\815\946 | VJMsg\30 11\30 11.5324\900\946 | VJMsg\J11B钢管\5324.B\915\915LV\946"
"J11B.5314.B.330.967","4","1","YES","VJMsg\J11B.5314.B.330.967 | VJMsg\J11B钢管\5314.B.035\035\七\J11B.5314.B.330.967 | VJMsg\J11B钢管\5314.B.035\220\330\J11B.5314.B.330.967"
"J11B.6130.B.875.966","4","1","YES","J11B直管\6130\J11B.6130.B.875.966 | VJMsg\J11B.6130.B.875.966 | VJMsg\J11B铝管\燃油管\6103\6130\J11B.6130.B.875.966"
"J11B.6130.B.875.967","4","1","YES","J11B直管\6130\J11B.6130.B.875.967 | VJMsg\J11B.6130.B.875.967 | VJMsg\J11B铝管\燃油管\6103\6130\J11B.6130.B.875.967"
"J11B.6130.B.875.970","4","1","YES","J11B直管\6130\J11B.6130.B.875.970 | VJMsg\J11B.6130.B.875.970 | VJMsg\J11B铝管\燃油管\6103\6130\J11B.6130.B.875.970"
"928","4","4","NO","VJMsg\30 11\30 11.5314\600\928 | VJMsg\30 11\30 11.5314\720\928 | VJMsg\30 11\30 11.5324\700\928"
"J11BS.0740.A.295.945","4","1","YES","J11B直管\J11BS.0740.A\J11BS.0740.A.295.945 | J11B直管\J11BS绿\新建文件夹\J11BS.0740.A.295.945 | VJMsg\J11BS.0740.A.295.945"
"923","4","3","NO","VJMsg\30 11\30 11.5314\040\923 | VJMsg\30 11\30 11.5324\700\923 | VJMsg\J11B钢管\5324.B\815\815K\923"
"919","4","4","NO","VJMsg\30 11\30 11.5314\040\919 | VJMsg\30 11\30 11.5314\900\919 | VJMsg\30 11\30 11.5324\700\919"
"990","4","3","NO","VJMsg\30 11\30 11.5314\045\990 | VJMsg\30 11\30 11.5324\040\990 | VJMsg\J11B钢管\5324.B\910\910LV\990"
"J11B.5314.B.330.968","4","1","YES","VJMsg\J11B.5314.B.330.968 | VJMsg\J11B钢管\5314.B.035\035\八\J11B.5314.B.330.968 | VJMsg\J11B钢管\5314.B.035\220\330\J11B.5314.B.330.968"
"J11B.5314.B.330.969","4","2","NO","VJMsg\J11B.5314.B.330.969 | VJMsg\J11B钢管\5314.B.035\035\九\J11B.5314.B.330.969 | VJMsg\J11B钢管\5314.B.035\220\330\J11B.5314.B.330.969"
"J11B.5314.B.655.958","4","1","YES","VJMsg\J11B.5314.B.655.958 | VJMsg\J11B钢管\5314.B.035\035\八\J11B.5314.B.655.958 | VJMsg\J11B钢管\5314.B.035\220\655\J11B.5314.B.655.958"
"J11B.5314.B.655.960","4","1","YES","VJMsg\J11B.5314.B.655.960 | VJMsg\J11B钢管\5314.B.035\035\零\J11B.5314.B.655.960 | VJMsg\J11B钢管\5314.B.035\220\655\J11B.5314.B.655.960"
"J11B.5314.B.655.961","4","1","YES","VJMsg\J11B.5314.B.655.961 | VJMsg\J11B钢管\5314.B.035\035\655\J11B.5314.B.655.961 | VJMsg\J11B钢管\5314.B.035\220\655\J11B.5314.B.655.961"
"J11B.5314.B.655.935","4","1","YES","VJMsg\J11B.5314.B.655.935 | VJMsg\J11B钢管\5314.B.035\035\五\J11B.5314.B.655.935 | VJMsg\J11B钢管\5314.B.035\220\655\J11B.5314.B.655.935"
"J11B.5314.B.655.936","4","1","YES","VJMsg\J11B.5314.B.655.936 | VJMsg\J11B钢管\5314.B.035\035\六\J11B.5314.B.655.936 | VJMsg\J11B钢管\5314.B.035\220\655\J11B.5314.B.655.936"
"J11B.5314.B.655.956","4","1","YES","VJMsg\J11B.5314.B.655.956 | VJMsg\J11B钢管\5314.B.035\035\六\J11B.5314.B.655.956 | VJMsg\J11B钢管\5314.B.035\220\655\J11B.5314.B.655.956"
"J11B.5314.B.655.965","4","1","YES","VJMsg\J11B.5314.B.655.965 | VJMsg\J11B钢管\5314.B.035\035\五\J11B.5314.B.655.965 | VJMsg\J11B钢管\5314.B.035\220\655\J11B.5314.B.655.965"
"J11B.5314.B.655.969","4","1","YES","VJMsg\J11B.5314.B.655.969 | VJMsg\J11B钢管\5314.B.035\035\655\J11B.5314.B.655.969 | VJMsg\J11B钢管\5314.B.035\220\655\J11B.5314.B.655.969"
"J11B.6170.B.810.901","4","1","YES","VJMsg\J11B.6170.B.810.901 | VJMsg\J11B钢管\QL\6170.B\新建文件夹\J11B.6170.B.810.901 | VJMsg\J11B铝管\燃油管\6170\J11B.6170.B.810.901"
"J11B.5314.B.655.970","4","2","NO","VJMsg\J11B.5314.B.655.970 | VJMsg\J11B钢管\5314.B.035\035\零\J11B.5314.B.655.970 | VJMsg\J11B钢管\5314.B.035\220\655\J11B.5314.B.655.970"
"J11B.5314.B.655.966","4","1","YES","VJMsg\J11B.5314.B.655.966 | VJMsg\J11B钢管\5314.B.035\035\六\J11B.5314.B.655.966 | VJMsg\J11B钢管\5314.B.035\220\655\J11B.5314.B.655.966"
"J11B.5314.B.655.967","4","1","YES","VJMsg\J11B.5314.B.655.967 | VJMsg\J11B钢管\5314.B.035\035\655\J11B.5314.B.655.967 | VJMsg\J11B钢管\5314.B.035\220\655\J11B.5314.B.655.967"
"J11B.5314.B.655.968","4","1","YES","VJMsg\J11B.5314.B.655.968 | VJMsg\J11B钢管\5314.B.035\035\八\J11B.5314.B.655.968 | VJMsg\J11B钢管\5314.B.035\220\655\J11B.5314.B.655.968"
"J11B.5314.B.655.928","4","1","YES","VJMsg\J11B.5314.B.655.928 | VJMsg\J11B钢管\5314.B.035\035\八\J11B.5314.B.655.928 | VJMsg\J11B钢管\5314.B.035\220\655\J11B.5314.B.655.928"
"J11B.5314.B.610.978","4","1","YES","VJMsg\J11B.5314.B.610.978 | VJMsg\J11B钢管\5314.B.035\035\八\J11B.5314.B.610.978 | VJMsg\J11B钢管\5314.B.035\220\610\J11B.5314.B.610.978"
"J11B.5314.B.610.983","4","1","YES","VJMsg\J11B.5314.B.610.983 | VJMsg\J11B钢管\5314.B.035\035\610\J11B.5314.B.610.983 | VJMsg\J11B钢管\5314.B.035\220\610\J11B.5314.B.610.983"
"J11B.5314.B.610.984","4","1","YES","VJMsg\J11B.5314.B.610.984 | VJMsg\J11B钢管\5314.B.035\035\四\J11B.5314.B.610.984 | VJMsg\J11B钢管\5314.B.035\220\610\J11B.5314.B.610.984"
"J11B.5314.B.610.977","4","1","YES","VJMsg\J11B.5314.B.610.977 | VJMsg\J11B钢管\5314.B.035\035\七\J11B.5314.B.610.977 | VJMsg\J11B钢管\5314.B.035\220\610\J11B.5314.B.610.977"
"J11B.6170.B.975.901","4","2","NO","VJMsg\J11B.6170.B.975.901 | VJMsg\J11B钢管\QL\6170.B\新建文件夹\J11B.6170.B.975.901 | VJMsg\J11B铝管\燃油管\6170\J11B.6170.B.975.901"
"J11B.6170.B.890.901","4","2","NO","VJMsg\J11B.6170.B.890.901 | VJMsg\J11B钢管\QL\6170.B\新建文件夹\J11B.6170.B.890.901 | VJMsg\J11B铝管\燃油管\6170\J11B.6170.B.890.901"
"J11B.5314.B.610.993","4","1","YES","VJMsg\J11B.5314.B.610.993 | VJMsg\J11B钢管\5314.B.035\035\三\J11B.5314.B.610.993 | VJMsg\J11B钢管\5314.B.035\220\610\J11B.5314.B.610.993"
"J11B.5314.B.615.903","4","1","YES","VJMsg\J11B.5314.B.615.903 | VJMsg\J11B钢管\5314.B.035\035\三\J11B.5314.B.615.903 | VJMsg\J11B钢管\5314.B.035\220\615\J11B.5314.B.615.903"
"J11B.5314.B.615.904","4","1","YES","VJMsg\J11B.5314.B.615.904 | VJMsg\J11B钢管\5314.B.035\035\四\J11B.5314.B.615.904 | VJMsg\J11B钢管\5314.B.035\220\615\J11B.5314.B.615.904"
"J11B.5314.B.615.905","4","1","YES","VJMsg\J11B.5314.B.615.905 | VJMsg\J11B钢管\5314.B.035\035\615\J11B.5314.B.615.905 | VJMsg\J11B钢管\5314.B.035\220\615\J11B.5314.B.615.905"
"J11B.5314.B.610.994","4","1","YES","VJMsg\J11B.5314.B.610.994 | VJMsg\J11B钢管\5314.B.035\035\四\J11B.5314.B.610.994 | VJMsg\J11B钢管\5314.B.035\220\610\J11B.5314.B.610.994"
"J11B.5314.B.610.995","4","1","YES","VJMsg\J11B.5314.B.610.995 | VJMsg\J11B钢管\5314.B.035\035\五\J11B.5314.B.610.995 | VJMsg\J11B钢管\5314.B.035\220\610\J11B.5314.B.610.995"
"J11B.5314.B.610.996","4","1","YES","VJMsg\J11B.5314.B.610.996 | VJMsg\J11B钢管\5314.B.035\035\六\J11B.5314.B.610.996 | VJMsg\J11B钢管\5314.B.035\220\610\J11B.5314.B.610.996"
"J11B.6170.B.800.907","4","1","YES","VJMsg\J11B.6170.B.800.907 | VJMsg\J11B钢管\QL\6170.B\新建文件夹\J11B.6170.B.800.907 | VJMsg\J11B铝管\燃油管\6170\J11B.6170.B.800.907"
"J11B.5314.B.710.987","4","1","YES","VJMsg\J11B.5314.B.710.987 | VJMsg\J11B钢管\5314.B.035\035\七\J11B.5314.B.710.987 | VJMsg\J11B钢管\5314.B.035\220\710\J11B.5314.B.710.987"
"J11B.5314.B.710.988","4","1","YES","VJMsg\J11B.5314.B.710.988 | VJMsg\J11B钢管\5314.B.035\035\八\J11B.5314.B.710.988 | VJMsg\J11B钢管\5314.B.035\220\710\J11B.5314.B.710.988"
"J11B.5314.B.710.989","4","1","YES","VJMsg\J11B.5314.B.710.989 | VJMsg\J11B钢管\5314.B.035\035\九\J11B.5314.B.710.989 | VJMsg\J11B钢管\5314.B.035\220\710\J11B.5314.B.710.989"
"J11B.5314.B.710.984","4","1","YES","VJMsg\J11B.5314.B.710.984 | VJMsg\J11B钢管\5314.B.035\035\四\J11B.5314.B.710.984 | VJMsg\J11B钢管\5314.B.035\220\710\J11B.5314.B.710.984"
"J11B.5314.B.710.985","4","1","YES","VJMsg\J11B.5314.B.710.985 | VJMsg\J11B钢管\5314.B.035\035\五\J11B.5314.B.710.985 | VJMsg\J11B钢管\5314.B.035\220\710\J11B.5314.B.710.985"
"J11B.5314.B.710.986","4","1","YES","VJMsg\J11B.5314.B.710.986 | VJMsg\J11B钢管\5314.B.035\035\六\J11B.5314.B.710.986 | VJMsg\J11B钢管\5314.B.035\220\710\J11B.5314.B.710.986"
"J11B.5314.B.710.990","4","1","YES","VJMsg\J11B.5314.B.710.990 | VJMsg\J11B钢管\5314.B.035\035\零\J11B.5314.B.710.990 | VJMsg\J11B钢管\5314.B.035\220\710\J11B.5314.B.710.990"
"J11B.5314.B.720.922","4","1","YES","VJMsg\J11B.5314.B.720.922 | VJMsg\J11B钢管\5314.B.035\035\二\J11B.5314.B.720.922 | VJMsg\J11B钢管\5314.B.035\220\720\J11B.5314.B.720.922"
"J11B.5314.B.720.923","4","1","YES","VJMsg\J11B.5314.B.720.923 | VJMsg\J11B钢管\5314.B.035\035\720\J11B.5314.B.720.923 | VJMsg\J11B钢管\5314.B.035\220\720\J11B.5314.B.720.923"
"J11B.5314.B.720.926","4","1","YES","VJMsg\J11B.5314.B.720.926 | VJMsg\J11B钢管\5314.B.035\035\六\J11B.5314.B.720.926 | VJMsg\J11B钢管\5314.B.035\220\720\J11B.5314.B.720.926"
"J11B.5314.B.710.994","4","1","YES","VJMsg\J11B.5314.B.710.994 | VJMsg\J11B钢管\5314.B.035\035\四\J11B.5314.B.710.994 | VJMsg\J11B钢管\5314.B.035\220\710\J11B.5314.B.710.994"
"J11B.5314.B.710.995","4","1","YES","VJMsg\J11B.5314.B.710.995 | VJMsg\J11B钢管\5314.B.035\035\五\J11B.5314.B.710.995 | VJMsg\J11B钢管\5314.B.035\220\710\J11B.5314.B.710.995"
"J11B.5314.B.720.920","4","1","YES","VJMsg\J11B.5314.B.720.920 | VJMsg\J11B钢管\5314.B.035\035\零\J11B.5314.B.720.920 | VJMsg\J11B钢管\5314.B.035\220\720\J11B.5314.B.720.920"
"J11B.5314.B.710.983","4","1","YES","VJMsg\J11B.5314.B.710.983 | VJMsg\J11B钢管\5314.B.035\035\三\J11B.5314.B.710.983 | VJMsg\J11B钢管\5314.B.035\220\710\J11B.5314.B.710.983"
"J11B.5314.B.655.973","4","1","YES","VJMsg\J11B.5314.B.655.973 | VJMsg\J11B钢管\5314.B.035\035\655\J11B.5314.B.655.973 | VJMsg\J11B钢管\5314.B.035\220\655\J11B.5314.B.655.973"
"J11B.5314.B.710.924","4","1","YES","VJMsg\J11B.5314.B.710.924 | VJMsg\J11B钢管\5314.B.035\035\四\J11B.5314.B.710.924 | VJMsg\J11B钢管\5314.B.035\220\710\J11B.5314.B.710.924"
"J11B.5314.B.710.925","4","1","YES","VJMsg\J11B.5314.B.710.925 | VJMsg\J11B钢管\5314.B.035\035\五\J11B.5314.B.710.925 | VJMsg\J11B钢管\5314.B.035\220\710\J11B.5314.B.710.925"
"J11B.6170.B.800.905","4","1","YES","VJMsg\J11B.6170.B.800.905 | VJMsg\J11B钢管\QL\6170.B\新建文件夹\J11B.6170.B.800.905 | VJMsg\J11B铝管\燃油管\6170\J11B.6170.B.800.905"
"J11B.5314.B.655.971","4","1","YES","VJMsg\J11B.5314.B.655.971 | VJMsg\J11B钢管\5314.B.035\035\一\J11B.5314.B.655.971 | VJMsg\J11B钢管\5314.B.035\220\655\J11B.5314.B.655.971"
"J11B.5314.B.655.972","4","1","YES","VJMsg\J11B.5314.B.655.972 | VJMsg\J11B钢管\5314.B.035\035\二\J11B.5314.B.655.972 | VJMsg\J11B钢管\5314.B.035\220\655\J11B.5314.B.655.972"
"J11B.6130.B.880.901","4","2","NO","VJMsg\J11B.6130.B.880.901 | VJMsg\J11B铝管\燃油管\6103\6130\J11B.6130.B.880.901 | VJMsg\J11B铝管\燃油管\6130\J11B.6130.B.880.901"
"J11B.5314.B.710.934","4","1","YES","VJMsg\J11B.5314.B.710.934 | VJMsg\J11B钢管\5314.B.035\035\四\J11B.5314.B.710.934 | VJMsg\J11B钢管\5314.B.035\220\710\J11B.5314.B.710.934"
"J11B.5314.B.710.981","4","1","YES","VJMsg\J11B.5314.B.710.981 | VJMsg\J11B钢管\5314.B.035\035\一\J11B.5314.B.710.981 | VJMsg\J11B钢管\5314.B.035\220\710\J11B.5314.B.710.981"
"J11B.5314.B.710.982","4","1","YES","VJMsg\J11B.5314.B.710.982 | VJMsg\J11B钢管\5314.B.035\035\二\J11B.5314.B.710.982 | VJMsg\J11B钢管\5314.B.035\220\710\J11B.5314.B.710.982"
"J11B.5314.B.710.928","4","1","YES","VJMsg\J11B.5314.B.710.928 | VJMsg\J11B钢管\5314.B.035\035\八\J11B.5314.B.710.928 | VJMsg\J11B钢管\5314.B.035\220\710\J11B.5314.B.710.928"
"J11B.5314.B.710.929","4","1","YES","VJMsg\J11B.5314.B.710.929 | VJMsg\J11B钢管\5314.B.035\035\九\J11B.5314.B.710.929 | VJMsg\J11B钢管\5314.B.035\220\710\J11B.5314.B.710.929"
"J11B.5314.B.710.933","4","1","YES","VJMsg\J11B.5314.B.710.933 | VJMsg\J11B钢管\5314.B.035\035\三\J11B.5314.B.710.933 | VJMsg\J11B钢管\5314.B.035\220\710\J11B.5314.B.710.933"
"J11B.7601.B.933.900","4","1","YES","VJMsg\J11B.7601.B.933.900 | VJMsg\7402.B\BLM\J11B.7601.B\J11B.7601.B.933.900 | VJMsg\J11B铝管\7601\J11B.7601.B.933.900"
"30 11.6102.K.800.911","4","1","YES","VJMsg\30 11.6102.K.800.911 | VJMsg\30 11\30 11.6170\30 11.6102.K.800.911 | VJMsg\30 11\30 铝管\燃油管黄\6102\30 11.6102.K.800.911"
"30 11.6102.K.800.913","4","1","YES","VJMsg\30 11.6102.K.800.913 | VJMsg\30 11\30 11.6170\30 11.6102.K.800.913 | VJMsg\30 11\30 铝管\燃油管黄\6102\30 11.6102.K.800.913"
"J11B.7603.B.065.000","4","1","YES","VJMsg\J11B.7603.B.065.000 | VJMsg\7402.B\7603.B\J11B.7603.B.065.000 | VJMsg\玻璃棉\J11BS玻璃棉\GGBLM\J11B.7603.B.065.000"
"J11B.7603.B.015.000","4","2","NO","VJMsg\J11B.7603.B.015.000 | VJMsg\7402.B\7603.B\J11B.7603.B.015.000 | VJMsg\玻璃棉\J11BS玻璃棉\GGBLM\J11B.7603.B.015.000"
"30 11.6101.3.810.953","4","1","YES","VJMsg\30 11.6101.3.810.953 | VJMsg\30 11\30 11.6100\30 11.6101.3.810.953 | VJMsg\30 11\30 11.6101\30 11.6101.3.810.953"
"30 11.6102.K.800.915","4","1","YES","VJMsg\30 11.6102.K.800.915 | VJMsg\30 11\30 11.6170\30 11.6102.K.800.915 | VJMsg\30 11\30 铝管\燃油管黄\6102\30 11.6102.K.800.915"
"30 11.6102.K.801.900","4","1","YES","VJMsg\30 11.6102.K.801.900 | VJMsg\30 11\30 11.6170\30 11.6102.K.801.900 | VJMsg\30 11\30 铝管\燃油管黄\6102\30 11.6102.K.801.900"
"J11B.5314.B.330.954","4","1","YES","VJMsg\J11B.5314.B.330.954 | VJMsg\J11B钢管\5314.B.035\035\四\J11B.5314.B.330.954 | VJMsg\J11B钢管\5314.B.035\220\330\J11B.5314.B.330.954"
"J11B.7402.B.295.000","4","1","YES","VJMsg\J11B.7402.B.295.000 | VJMsg\7402.B\J11B.7402.B\J11B.7402.B.295.000 | VJMsg\J11B铝管\J11B空调管\J11B.7402.B.295.000"
"30 11.6102.K.800.917","4","1","YES","VJMsg\30 11.6102.K.800.917 | VJMsg\30 11\30 11.6170\30 11.6102.K.800.917 | VJMsg\30 11\30 铝管\燃油管黄\6102\30 11.6102.K.800.917"
"J11B.7601.B.470.000","4","1","YES","VJMsg\J11B.7601.B.470.000 | VJMsg\J11B铝管\7601\J11B.7601.B.470.000 | VJMsg\J11B铝管\J11B空调管\J11B.7601.B.470.000"
"J11B.7601.B.440.000","4","1","YES","VJMsg\J11B.7601.B.440.000 | VJMsg\J11B铝管\7601\J11B.7601.B.440.000 | VJMsg\J11B铝管\J11B空调管\J11B.7601.B.440.000"
"J11B.7603.B.705.000","4","1","YES","VJMsg\J11B.7603.B.705.000 | VJMsg\7402.B\7603.B\J11B.7603.B.705.000 | VJMsg\玻璃棉\J11BS玻璃棉\GGBLM\J11B.7603.B.705.000"
"J11B.5314.B.335.927","4","1","YES","VJMsg\J11B.5314.B.335.927 | VJMsg\J11B钢管\5314.B.035\035\七\J11B.5314.B.335.927 | VJMsg\J11B钢管\5314.B.035\220\335\J11B.5314.B.335.927"
"J11B.5314.B.335.928","4","1","YES","VJMsg\J11B.5314.B.335.928 | VJMsg\J11B钢管\5314.B.035\035\八\J11B.5314.B.335.928 | VJMsg\J11B钢管\5314.B.035\220\335\J11B.5314.B.335.928"
"J11B.7402.B.085.915","4","1","YES","J11B直管\黑\J11B.7402.B.085.915 | VJMsg\J11B.7402.B.085.915 | VJMsg\7402.B\J11B.7402.B\J11B.7402.B.085.915"
"J11B.5314.B.335.923","4","1","YES","VJMsg\J11B.5314.B.335.923 | VJMsg\J11B钢管\5314.B.035\035\三\J11B.5314.B.335.923 | VJMsg\J11B钢管\5314.B.035\220\335\J11B.5314.B.335.923"
"J11B.5314.B.335.924","4","1","YES","VJMsg\J11B.5314.B.335.924 | VJMsg\J11B钢管\5314.B.035\035\四\J11B.5314.B.335.924 | VJMsg\J11B钢管\5314.B.035\220\335\J11B.5314.B.335.924"
"J11B.5314.B.335.926","4","1","YES","VJMsg\J11B.5314.B.335.926 | VJMsg\J11B钢管\5314.B.035\035\六\J11B.5314.B.335.926 | VJMsg\J11B钢管\5314.B.035\220\335\J11B.5314.B.335.926"
"J11B.8102.B.057.900","4","2","NO","VJMsg\J11B.8102.B.057.900 | VJMsg\J11B钢管\5314.B.035\220\445\J11B.8102.B.057.900 | VJMsg\J11B钢管\5314.B.035\445\J11B.8102.B.057.900"
"J11B.7603.B.745.000","4","1","YES","VJMsg\J11B.7603.B.745.000 | VJMsg\7402.B\7603.B\J11B.7603.B.745.000 | VJMsg\玻璃棉\J11BS玻璃棉\GGBLM\J11B.7603.B.745.000"
"J11B.7603.B.715.000","4","1","YES","VJMsg\J11B.7603.B.715.000 | VJMsg\7402.B\7603.B\J11B.7603.B.715.000 | VJMsg\玻璃棉\J11BS玻璃棉\GGBLM\J11B.7603.B.715.000"
"J11B.7603.B.710.000","4","1","YES","VJMsg\J11B.7603.B.710.000 | VJMsg\7402.B\7603.B\J11B.7603.B.710.000 | VJMsg\玻璃棉\J11BS玻璃棉\GGBLM\J11B.7603.B.710.000"
"J11B.7603.B.955.000","4","1","YES","VJMsg\J11B.7603.B.955.000 | VJMsg\7402.B\7603.B\J11B.7603.B.955.000 | VJMsg\玻璃棉\J11BS玻璃棉\GGBLM\J11B.7603.B.955.000"
"J11B.7603.B.945.000","4","1","YES","VJMsg\J11B.7603.B.945.000 | VJMsg\7402.B\7603.B\J11B.7603.B.945.000 | VJMsg\玻璃棉\J11BS玻璃棉\GGBLM\J11B.7603.B.945.000"
"J11B.7603.B.810.000","4","1","YES","VJMsg\J11B.7603.B.810.000 | VJMsg\7402.B\7603.B\J11B.7603.B.810.000 | VJMsg\玻璃棉\J11BS玻璃棉\GGBLM\J11B.7603.B.810.000"
"J11B.7402.B.290.000","4","1","YES","VJMsg\J11B.7402.B.290.000 | VJMsg\7402.B\J11B.7402.B\J11B.7402.B.290.000 | VJMsg\J11B铝管\J11B空调管\J11B.7402.B.290.000"
"J11B.5314.B.445.914","4","1","YES","VJMsg\J11B.5314.B.445.914 | VJMsg\J11B钢管\5314.B.035\035\四\J11B.5314.B.445.914 | VJMsg\J11B钢管\5314.B.035\220\445\J11B.5314.B.445.914"
"J11B.5314.B.445.919","4","1","YES","VJMsg\J11B.5314.B.445.919 | VJMsg\J11B钢管\5314.B.035\035\九\J11B.5314.B.445.919 | VJMsg\J11B钢管\5314.B.035\220\445\J11B.5314.B.445.919"
"J11B.5314.B.445.920","4","1","YES","VJMsg\J11B.5314.B.445.920 | VJMsg\J11B钢管\5314.B.035\035\零\J11B.5314.B.445.920 | VJMsg\J11B钢管\5314.B.035\220\445\J11B.5314.B.445.920"
"J11B.7401.B.790.000","4","2","NO","VJMsg\J11B.7401.B.790.000 | VJMsg\J11B铝管\J11B.7401.B.790.000 | VJMsg\J11B铝管\J11B空调管\XI\J11B.7401.B.790.000"
"J11B.5314.B.445.912","4","1","YES","VJMsg\J11B.5314.B.445.912 | VJMsg\J11B钢管\5314.B.035\035\二\J11B.5314.B.445.912 | VJMsg\J11B钢管\5314.B.035\220\445\J11B.5314.B.445.912"
"J11B.5314.B.445.913","4","1","YES","VJMsg\J11B.5314.B.445.913 | VJMsg\J11B钢管\5314.B.035\035\三\J11B.5314.B.445.913 | VJMsg\J11B钢管\5314.B.035\220\445\J11B.5314.B.445.913"
"J11B.5314.B.445.921","4","1","YES","VJMsg\J11B.5314.B.445.921 | VJMsg\J11B钢管\5314.B.035\035\一\J11B.5314.B.445.921 | VJMsg\J11B钢管\5314.B.035\220\445\J11B.5314.B.445.921"
"J11B.5314.B.610.968","4","1","YES","VJMsg\J11B.5314.B.610.968 | VJMsg\J11B钢管\5314.B.035\035\八\J11B.5314.B.610.968 | VJMsg\J11B钢管\5314.B.035\220\610\J11B.5314.B.610.968"
"J11B.5314.B.610.971","4","1","YES","VJMsg\J11B.5314.B.610.971 | VJMsg\J11B钢管\5314.B.035\035\一\J11B.5314.B.610.971 | VJMsg\J11B钢管\5314.B.035\220\610\J11B.5314.B.610.971"
"J11B.5314.B.610.976","4","1","YES","VJMsg\J11B.5314.B.610.976 | VJMsg\J11B钢管\5314.B.035\035\六\J11B.5314.B.610.976 | VJMsg\J11B钢管\5314.B.035\220\610\J11B.5314.B.610.976"
"J11B.5314.B.445.922","4","1","YES","VJMsg\J11B.5314.B.445.922 | VJMsg\J11B钢管\5314.B.035\035\二\J11B.5314.B.445.922 | VJMsg\J11B钢管\5314.B.035\220\445\J11B.5314.B.445.922"
"J11B.5314.B.555.901","4","1","YES","VJMsg\J11B.5314.B.555.901 | VJMsg\J11B钢管\5314.B.035\035\一\J11B.5314.B.555.901 | VJMsg\J11B钢管\5314.B.035\220\555\J11B.5314.B.555.901"
"J11B.5314.B.555.913","4","1","YES","VJMsg\J11B.5314.B.555.913 | VJMsg\J11B钢管\5314.B.035\035\三\J11B.5314.B.555.913 | VJMsg\J11B钢管\5314.B.035\220\555\J11B.5314.B.555.913"
"J11B.5314.B.445.910","4","1","YES","VJMsg\J11B.5314.B.445.910 | VJMsg\J11B钢管\5314.B.035\035\零\J11B.5314.B.445.910 | VJMsg\J11B钢管\5314.B.035\220\445\J11B.5314.B.445.910"
"J11B.7402.B.060.937","4","1","YES","VJMsg\J11B.7402.B.060.937 | VJMsg\7402.B\J11B.7402.B\060\J11B.7402.B.060.937 | VJMsg\J11B铝管\J11B空调管\060\J11B.7402.B.060.937"
"J11B.7402.B.060.929","4","1","YES","VJMsg\J11B.7402.B.060.929 | VJMsg\7402.B\J11B.7402.B\060\J11B.7402.B.060.929 | VJMsg\J11B铝管\J11B空调管\060\J11B.7402.B.060.929"
"J11B.7402.B.060.925","4","1","YES","VJMsg\J11B.7402.B.060.925 | VJMsg\7402.B\J11B.7402.B\060\J11B.7402.B.060.925 | VJMsg\J11B铝管\J11B空调管\060\J11B.7402.B.060.925"
"J11B.5314.B.445.909","4","1","YES","VJMsg\J11B.5314.B.445.909 | VJMsg\J11B钢管\5314.B.035\035\九\J11B.5314.B.445.909 | VJMsg\J11B钢管\5314.B.035\220\445\J11B.5314.B.445.909"
"J11B.7402.B.225.000","4","1","YES","VJMsg\J11B.7402.B.225.000 | VJMsg\7402.B\J11B.7402.B\J11B.7402.B.225.000 | VJMsg\J11B铝管\J11B.7402.B.225.000"
"J11B.5314.B.445.906","4","1","YES","VJMsg\J11B.5314.B.445.906 | VJMsg\J11B钢管\5314.B.035\035\六\J11B.5314.B.445.906 | VJMsg\J11B钢管\5314.B.035\220\445\J11B.5314.B.445.906"
"J11B.7402.B.085.902","4","2","NO","VJMsg\J11B.7402.B.085.902 | VJMsg\7402.B\J11B.7402.B\J11B.7402.B.085.902 | VJMsg\J11B钢管\新建文件夹\J11B.7402.B.085.902"
"J11B.7402.B.060.911","4","1","YES","VJMsg\J11B.7402.B.060.911 | VJMsg\7402.B\J11B.7402.B\060\J11B.7402.B.060.911 | VJMsg\J11B铝管\J11B空调管\060\J11B.7402.B.060.911"
"J11B.7402.B.060.919","4","1","YES","VJMsg\J11B.7402.B.060.919 | VJMsg\7402.B\J11B.7402.B\060\J11B.7402.B.060.919 | VJMsg\J11B铝管\J11B空调管\060\J11B.7402.B.060.919"
"J11B.7402.B.060.913","4","1","YES","VJMsg\J11B.7402.B.060.913 | VJMsg\7402.B\J11B.7402.B\060\J11B.7402.B.060.913 | VJMsg\J11B铝管\J11B空调管\060\J11B.7402.B.060.913"
"J11B.7402.B.060.907","4","1","YES","VJMsg\J11B.7402.B.060.907 | VJMsg\7402.B\J11B.7402.B\060\J11B.7402.B.060.907 | VJMsg\J11B铝管\J11B空调管\060\J11B.7402.B.060.907"
"J11B.7402.B.060.923","4","1","YES","VJMsg\J11B.7402.B.060.923 | VJMsg\7402.B\J11B.7402.B\060\J11B.7402.B.060.923 | VJMsg\J11B铝管\J11B空调管\060\J11B.7402.B.060.923"
"J11B.7402.B.060.921","4","1","YES","VJMsg\J11B.7402.B.060.921 | VJMsg\7402.B\J11B.7402.B\060\J11B.7402.B.060.921 | VJMsg\J11B铝管\J11B空调管\060\J11B.7402.B.060.921"
"J11B.5314.B.030.971","3","1","YES","VJMsg\J11B.5314.B.030.971 | VJMsg\J11B钢管\5314.B.035\220\J11B.5314.B.030\J11B.5314.B.030.971 | VJMsg\J11B钢管\5314.B.035\820\J11B.5314.B.030\J11B.5314.B.030.971"
"J11B.5314.B.030.970","3","1","YES","VJMsg\J11B.5314.B.030.970 | VJMsg\J11B钢管\5314.B.035\035\零\J11B.5314.B.030.970 | VJMsg\J11B钢管\5314.B.035\220\J11B.5314.B.030\J11B.5314.B.030.970"
"J11B.5314.B.030.972","3","1","YES","VJMsg\J11B.5314.B.030.972 | VJMsg\J11B钢管\5314.B.035\220\J11B.5314.B.030\J11B.5314.B.030.972 | VJMsg\J11B钢管\5314.B.035\820\J11B.5314.B.030\J11B.5314.B.030.972"
"J11B.5314.B.030.984","3","1","YES","VJMsg\J11B.5314.B.030.984 | VJMsg\J11B钢管\5314.B.035\035\四\J11B.5314.B.030.984 | VJMsg\J11B钢管\5314.B.035\220\J11B.5314.B.030\J11B.5314.B.030.984"
"30 11.5314.K.700.901","3","2","NO","VJMsg\30 11.5314.K.700.901 | VJMsg\30 11\30 11.5314\700\30 11.5314.K.700.901 | VJMsg\30 11\30 11.5314\新建文件夹 (2)\30 11.5314.K.700.901"
"J11B.5314.B.030.973","3","1","YES","VJMsg\J11B.5314.B.030.973 | VJMsg\J11B钢管\5314.B.035\035\三\J11B.5314.B.030.973 | VJMsg\J11B钢管\5314.B.035\220\J11B.5314.B.030\J11B.5314.B.030.973"
"J11B.5314.B.030.979","3","1","YES","VJMsg\J11B.5314.B.030.979 | VJMsg\J11B钢管\5314.B.035\035\九\J11B.5314.B.030.979 | VJMsg\J11B钢管\5314.B.035\220\J11B.5314.B.030\J11B.5314.B.030.979"
"30 11.6700.3.895.926","3","1","YES","VJMsg\30 11.6700.3.895.926 | VJMsg\30 11\30 6700\30 11.6700.3.895.926 | VJMsg\30 11\30氧气管\810895\30 11.6700.3.895.926"
"30 11.6700.3.895.924","3","1","YES","VJMsg\30 11.6700.3.895.924 | VJMsg\30 11\30 6700\30 11.6700.3.895.924 | VJMsg\30 11\30氧气管\810895\30 11.6700.3.895.924"
"30 11.6700.3.895.927","3","1","YES","VJMsg\30 11.6700.3.895.927 | VJMsg\30 11\30 6700\30 11.6700.3.895.927 | VJMsg\30 11\30氧气管\810895\30 11.6700.3.895.927"
"30 11.6700.3.895.933","3","1","YES","VJMsg\30 11.6700.3.895.933 | VJMsg\30 11\30 6700\30 11.6700.3.895.933 | VJMsg\30 11\30氧气管\810895\30 11.6700.3.895.933"
"30 11.6700.3.895.932","3","1","YES","VJMsg\30 11.6700.3.895.932 | VJMsg\30 11\30 6700\30 11.6700.3.895.932 | VJMsg\30 11\30氧气管\810895\30 11.6700.3.895.932"
"30 11.6700.3.895.917","3","1","YES","VJMsg\30 11.6700.3.895.917 | VJMsg\30 11\30 6700\30 11.6700.3.895.917 | VJMsg\30 11\30氧气管\810895\30 11.6700.3.895.917"
"30 11.6700.3.895.915","3","1","YES","VJMsg\30 11.6700.3.895.915 | VJMsg\30 11\30 6700\30 11.6700.3.895.915 | VJMsg\30 11\30氧气管\810895\30 11.6700.3.895.915"
"30 11.6700.3.895.919","3","1","YES","VJMsg\30 11.6700.3.895.919 | VJMsg\30 11\30 6700\30 11.6700.3.895.919 | VJMsg\30 11\30氧气管\810895\30 11.6700.3.895.919"
"30 11.6700.3.895.923","3","1","YES","VJMsg\30 11.6700.3.895.923 | VJMsg\30 11\30 6700\30 11.6700.3.895.923 | VJMsg\30 11\30氧气管\810895\30 11.6700.3.895.923"
"30 11.6700.3.895.921","3","1","YES","VJMsg\30 11.6700.3.895.921 | VJMsg\30 11\30 6700\30 11.6700.3.895.921 | VJMsg\30 11\30氧气管\810895\30 11.6700.3.895.921"
"30 11.6700.3.895.946","3","1","YES","VJMsg\30 11.6700.3.895.946 | VJMsg\30 11\30 6700\30 11.6700.3.895.946 | VJMsg\30 11\30氧气管\810895\30 11.6700.3.895.946"
"30 11.6700.3.895.944","3","1","YES","VJMsg\30 11.6700.3.895.944 | VJMsg\30 11\30 6700\30 11.6700.3.895.944 | VJMsg\30 11\30氧气管\810895\30 11.6700.3.895.944"
"30 11.6700.3.895.947","3","1","YES","VJMsg\30 11.6700.3.895.947 | VJMsg\30 11\30 6700\30 11.6700.3.895.947 | VJMsg\30 11\30氧气管\810895\30 11.6700.3.895.947"
"30 11.6700.3.895.961","3","1","YES","VJMsg\30 11.6700.3.895.961 | VJMsg\30 11\30 6700\30 11.6700.3.895.961 | VJMsg\30 11\30氧气管\810895\30 11.6700.3.895.961"
"30 11.6700.3.895.951","3","1","YES","VJMsg\30 11.6700.3.895.951 | VJMsg\30 11\30 6700\30 11.6700.3.895.951 | VJMsg\30 11\30氧气管\810895\30 11.6700.3.895.951"
"30 11.6700.3.895.935","3","1","YES","VJMsg\30 11.6700.3.895.935 | VJMsg\30 11\30 6700\30 11.6700.3.895.935 | VJMsg\30 11\30氧气管\810895\30 11.6700.3.895.935"
"30 11.6700.3.895.934","3","1","YES","VJMsg\30 11.6700.3.895.934 | VJMsg\30 11\30 6700\30 11.6700.3.895.934 | VJMsg\30 11\30氧气管\810895\30 11.6700.3.895.934"
"30 11.6700.3.895.937","3","1","YES","VJMsg\30 11.6700.3.895.937 | VJMsg\30 11\30 6700\30 11.6700.3.895.937 | VJMsg\30 11\30氧气管\810895\30 11.6700.3.895.937"
"30 11.6700.3.895.942","3","1","YES","VJMsg\30 11.6700.3.895.942 | VJMsg\30 11\30 6700\30 11.6700.3.895.942 | VJMsg\30 11\30氧气管\810895\30 11.6700.3.895.942"
"30 11.6700.3.895.941","3","1","YES","VJMsg\30 11.6700.3.895.941 | VJMsg\30 11\30 6700\30 11.6700.3.895.941 | VJMsg\30 11\30氧气管\810895\30 11.6700.3.895.941"
"30 11.6700.3.805.915","3","1","YES","VJMsg\30 11.6700.3.805.915 | VJMsg\30 11\30 6700\30 11.6700.3.805.915 | VJMsg\30 11\30氧气管\805\30 11.6700.3.805.915"
"30 11.6700.3.805.913","3","1","YES","VJMsg\30 11.6700.3.805.913 | VJMsg\30 11\30 6700\30 11.6700.3.805.913 | VJMsg\30 11\30氧气管\805\30 11.6700.3.805.913"
"30 11.6700.3.805.916","3","1","YES","VJMsg\30 11.6700.3.805.916 | VJMsg\30 11\30 6700\30 11.6700.3.805.916 | VJMsg\30 11\30氧气管\805\30 11.6700.3.805.916"
"30 11.6700.3.805.922","3","1","YES","VJMsg\30 11.6700.3.805.922 | VJMsg\30 11\30 6700\30 11.6700.3.805.922 | VJMsg\30 11\30氧气管\805\30 11.6700.3.805.922"
"30 11.6700.3.805.921","3","1","YES","VJMsg\30 11.6700.3.805.921 | VJMsg\30 11\30 6700\30 11.6700.3.805.921 | VJMsg\30 11\30氧气管\805\30 11.6700.3.805.921"
"30 11.6700.3.805.901","3","1","YES","VJMsg\30 11.6700.3.805.901 | VJMsg\30 11\30 6700\30 11.6700.3.805.901 | VJMsg\30 11\30氧气管\805\30 11.6700.3.805.901"
"30 11.6200.5.800.907","3","1","YES","VJMsg\30 11.6200.5.800.907 | VJMsg\30 11\6200\30 11.6200.5.800.907 | VJMsg\30 11\62006201\30 11.6200.5.800.907"
"30 11.6700.3.805.907","3","1","YES","VJMsg\30 11.6700.3.805.907 | VJMsg\30 11\30 6700\30 11.6700.3.805.907 | VJMsg\30 11\30氧气管\805\30 11.6700.3.805.907"
"30 11.6700.3.805.911","3","1","YES","VJMsg\30 11.6700.3.805.911 | VJMsg\30 11\30 6700\30 11.6700.3.805.911 | VJMsg\30 11\30氧气管\805\30 11.6700.3.805.911"
"30 11.6700.3.805.910","3","1","YES","VJMsg\30 11.6700.3.805.910 | VJMsg\30 11\30 6700\30 11.6700.3.805.910 | VJMsg\30 11\30氧气管\805\30 11.6700.3.805.910"
"30 11.6700.3.895.901","3","1","YES","VJMsg\30 11.6700.3.895.901 | VJMsg\30 11\30 6700\30 11.6700.3.895.901 | VJMsg\30 11\30氧气管\810895\30 11.6700.3.895.901"
"30 11.6700.3.810.919","3","1","YES","VJMsg\30 11.6700.3.810.919 | VJMsg\30 11\30 6700\30 11.6700.3.810.919 | VJMsg\30 11\30氧气管\810895\30 11.6700.3.810.919"
"30 11.6700.3.895.903","3","1","YES","VJMsg\30 11.6700.3.895.903 | VJMsg\30 11\30 6700\30 11.6700.3.895.903 | VJMsg\30 11\30氧气管\810895\30 11.6700.3.895.903"
"30 11.6700.3.895.909","3","1","YES","VJMsg\30 11.6700.3.895.909 | VJMsg\30 11\30 6700\30 11.6700.3.895.909 | VJMsg\30 11\30氧气管\810895\30 11.6700.3.895.909"
"30 11.6700.3.895.905","3","1","YES","VJMsg\30 11.6700.3.895.905 | VJMsg\30 11\30 6700\30 11.6700.3.895.905 | VJMsg\30 11\30氧气管\810895\30 11.6700.3.895.905"
"30 11.6700.3.805.961","3","1","YES","VJMsg\30 11.6700.3.805.961 | VJMsg\30 11\30 6700\30 11.6700.3.805.961 | VJMsg\30 11\30氧气管\805\30 11.6700.3.805.961"
"30 11.6700.3.805.924","3","1","YES","VJMsg\30 11.6700.3.805.924 | VJMsg\30 11\30 6700\30 11.6700.3.805.924 | VJMsg\30 11\30氧气管\805\30 11.6700.3.805.924"
"30 11.6700.3.805.963","3","1","YES","VJMsg\30 11.6700.3.805.963 | VJMsg\30 11\30 6700\30 11.6700.3.805.963 | VJMsg\30 11\30氧气管\805\30 11.6700.3.805.963"
"30 11.6700.3.805.995","3","1","YES","VJMsg\30 11.6700.3.805.995 | VJMsg\30 11\30 6700\30 11.6700.3.805.995 | VJMsg\30 11\30氧气管\805\30 11.6700.3.805.995"
"30 11.6700.3.805.965","3","1","YES","VJMsg\30 11.6700.3.805.965 | VJMsg\30 11\30 6700\30 11.6700.3.805.965 | VJMsg\30 11\30氧气管\805\30 11.6700.3.805.965"
"30 11.7401.X.100.000","3","1","YES","VJMsg\30 11.7401.X.100.000 | VJMsg\30 11\30 11.7401\30 11.7401.X.100.000 | VJMsg\30 11\30 铝管\黑\30 11.7401.X.100.000"
"30 11.7401.X.095.000","3","1","YES","VJMsg\30 11.7401.X.095.000 | VJMsg\30 11\30 11.7401\30 11.7401.X.095.000 | VJMsg\30 11\30 铝管\黑\30 11.7401.X.095.000"
"30 11.7402.3.085.915","3","1","YES","VJMsg\30 11.7402.3.085.915 | VJMsg\30 11\30 11.7401\30 11.7402.3.085.915 | VJMsg\30 11\30 直管\ZG30黑\30 11.7402.3.085.915"
"30 11.7410.K.945.983","3","1","YES","VJMsg\30 11.7410.K.945.983 | VJMsg\30 11\30 铝管\黑\30 11.7410.K.945.983 | VJMsg\30 11\7410\30 11.7410.K.945.983"
"30 11.7410.K.945.902","3","1","YES","VJMsg\30 11.7410.K.945.902 | VJMsg\30 11\30 直管\ZG30黑\30 11.7410.K.945.902 | VJMsg\30 11\7410\30 11.7410.K.945.902"
"30 11.7401.X.035.000","3","1","YES","VJMsg\30 11.7401.X.035.000 | VJMsg\30 11\30 铝管\浅灰LG\30 11.7401.X.035.000 | VJMsg\30 11\30BLM\LGBLM\30 11.7401.X.035.000"
"30 11.7401.X.025.000","3","1","YES","VJMsg\30 11.7401.X.025.000 | VJMsg\30 11\30 铝管\浅灰LG\30 11.7401.X.025.000 | VJMsg\30 11\30BLM\LGBLM\30 11.7401.X.025.000"
"30 11.7401.X.040.000","3","1","YES","VJMsg\30 11.7401.X.040.000 | VJMsg\30 11\30 铝管\浅灰LG\30 11.7401.X.040.000 | VJMsg\30 11\30BLM\LGBLM\30 11.7401.X.040.000"
"30 11.7401.X.065.000","3","1","YES","VJMsg\30 11.7401.X.065.000 | VJMsg\30 11\30 铝管\浅灰LG\30 11.7401.X.065.000 | VJMsg\30 11\30BLM\LGBLM\30 11.7401.X.065.000"
"30 11.7401.X.050.000","3","1","YES","VJMsg\30 11.7401.X.050.000 | VJMsg\30 11\30 铝管\浅灰LG\30 11.7401.X.050.000 | VJMsg\30 11\30BLM\LGBLM\30 11.7401.X.050.000"
"30 11.7420.K.060.953","3","1","YES","VJMsg\30 11.7420.K.060.953 | VJMsg\30 11\7420\30 11.7420.K.060.953 | VJMsg\J11B铝管\7420\30 11.7420.K.060.953"
"30 11.7420.K.060.938","3","1","YES","VJMsg\30 11.7420.K.060.938 | VJMsg\30 11\30 铝管\7420绿\30 11.7420.K.060.938 | VJMsg\30 11\7420\30 11.7420.K.060.938"
"30 11.7420.K.060.988","3","1","YES","VJMsg\30 11.7420.K.060.988 | VJMsg\30 11\30 铝管\7420绿\30 11.7420.K.060.988 | VJMsg\30 11\7420\30 11.7420.K.060.988"
"30 11.7520.K.115.901","3","1","YES","VJMsg\30 11.7520.K.115.901 | VJMsg\30 11\30BLM\GGBLM\30 11.7520.K.115.901 | VJMsg\30 11\GG7601\30 11.7520.K.115.901"
"30 11.7420.K.865.000","3","1","YES","VJMsg\30 11.7420.K.865.000 | VJMsg\30 11\30 铝管\7420绿\30 11.7420.K.865.000 | VJMsg\30 11\7420\30 11.7420.K.865.000"
"30 11.7420.3.965.925","3","1","YES","VJMsg\30 11.7420.3.965.925 | VJMsg\30 11\30 直管\ZGBPQ\30 11.7420.3.965.925 | VJMsg\30 11\7420\30 11.7420.3.965.925"
"30 11.7420.3.060.938","3","1","YES","VJMsg\30 11.7420.3.060.938 | VJMsg\30 11\7410\30 11.7420.3.060.938 | VJMsg\30 11\7420\30 11.7420.3.060.938"
"30 11.7420.3.965.927","3","1","YES","VJMsg\30 11.7420.3.965.927 | VJMsg\30 11\30 直管\ZGBPQ\30 11.7420.3.965.927 | VJMsg\30 11\30 铝管\7420绿\不喷漆\30 11.7420.3.965.927"
"30 11.7420.K.060.926","3","1","YES","VJMsg\30 11.7420.K.060.926 | VJMsg\30 11\30 直管\7420LV\30 11.7420.K.060.926 | VJMsg\30 11\7420\30 11.7420.K.060.926"
"30 11.7420.3.975.000","3","1","YES","VJMsg\30 11.7420.3.975.000 | VJMsg\30 11\30 铝管\7420绿\30 11.7420.3.975.000 | VJMsg\30 11\7420\30 11.7420.3.975.000"
"30 11.7401.K.220.000","3","1","YES","VJMsg\30 11.7401.K.220.000 | VJMsg\30 11\30 11.7401\30 11.7401.K.220.000 | VJMsg\30 11\30 铝管\浅灰LG\30 11.7401.K.220.000"
"30 11.7401.K.180.000","3","2","NO","VJMsg\30 11.7401.K.180.000 | VJMsg\30 11\30 11.7401\30 11.7401.K.180.000 | VJMsg\30 11\30 铝管\黑\30 11.7401.K.180.000"
"30 11.7401.K.230.000","3","2","NO","VJMsg\30 11.7401.K.230.000 | VJMsg\30 11\30 铝管\浅灰LG\30 11.7401.K.230.000 | VJMsg\30 11\30BLM\LGBLM\30 11.7401.K.230.000"
"30 11.7401.K.270.000","3","1","YES","VJMsg\30 11.7401.K.270.000 | VJMsg\30 11\30 铝管\浅灰LG\30 11.7401.K.270.000 | VJMsg\30 11\30BLM\LGBLM\30 11.7401.K.270.000"
"30 11.7401.K.235.000","3","1","YES","VJMsg\30 11.7401.K.235.000 | VJMsg\30 11\30 铝管\浅灰LG\30 11.7401.K.235.000 | VJMsg\30 11\30BLM\LGBLM\30 11.7401.K.235.000"
"30 11.7401.K.005.000","3","1","YES","VJMsg\30 11.7401.K.005.000 | VJMsg\30 11\30 铝管\浅灰LG\30 11.7401.K.005.000 | VJMsg\30 11\30BLM\LGBLM\30 11.7401.K.005.000"
"30 11.6700.3.895.963","3","1","YES","VJMsg\30 11.6700.3.895.963 | VJMsg\30 11\30 6700\30 11.6700.3.895.963 | VJMsg\30 11\30氧气管\810895\30 11.6700.3.895.963"
"30 11.7401.K.125.000","3","1","YES","VJMsg\30 11.7401.K.125.000 | VJMsg\30 11\30 11.7401\30 11.7401.K.125.000 | VJMsg\30 11\30 铝管\黑\30 11.7401.K.125.000"
"30 11.7401.K.160.000","3","1","YES","VJMsg\30 11.7401.K.160.000 | VJMsg\30 11\30 直管\浅灰\30 11.7401.K.160.000 | VJMsg\30 11\30BLM\LGBLM\30 11.7401.K.160.000"
"30 11.7401.K.135.000","3","1","YES","VJMsg\30 11.7401.K.135.000 | VJMsg\30 11\30 11.7401\30 11.7401.K.135.000 | VJMsg\30 11\30 铝管\黑\30 11.7401.K.135.000"
"30 11.7401.K.820.000","3","2","NO","VJMsg\30 11.7401.K.820.000 | VJMsg\30 11\30 11.7401\30 11.7401.K.820.000 | VJMsg\30 11\30 铝管\黑\30 11.7401.K.820.000"
"30 11.7401.K.815.000","3","1","YES","VJMsg\30 11.7401.K.815.000 | VJMsg\30 11\30 11.7401\30 11.7401.K.815.000 | VJMsg\30 11\30 铝管\黑\30 11.7401.K.815.000"
"30 11.7401.K.830.000","3","1","YES","VJMsg\30 11.7401.K.830.000 | VJMsg\30 11\30 铝管\浅灰LG\30 11.7401.K.830.000 | VJMsg\30 11\30BLM\LGBLM\30 11.7401.K.830.000"
"30 11.7401.K.890.000","3","2","NO","VJMsg\30 11.7401.K.890.000 | VJMsg\30 11\30 铝管\浅灰LG\30 11.7401.K.890.000 | VJMsg\30 11\30BLM\LGBLM\30 11.7401.K.890.000"
"30 11.7401.K.870.000","3","2","NO","VJMsg\30 11.7401.K.870.000 | VJMsg\30 11\30 铝管\浅灰LG\30 11.7401.K.870.000 | VJMsg\30 11\30BLM\LGBLM\30 11.7401.K.870.000"
"30 11.7401.K.280.000","3","1","YES","VJMsg\30 11.7401.K.280.000 | VJMsg\30 11\30 铝管\浅灰LG\30 11.7401.K.280.000 | VJMsg\30 11\30BLM\LGBLM\30 11.7401.K.280.000"
"30 11.7401.K.275.000","3","1","YES","VJMsg\30 11.7401.K.275.000 | VJMsg\30 11\30 铝管\浅灰LG\30 11.7401.K.275.000 | VJMsg\30 11\30BLM\LGBLM\30 11.7401.K.275.000"
"30 11.7401.K.285.000","3","2","NO","VJMsg\30 11.7401.K.285.000 | VJMsg\30 11\30 11.7401\30 11.7401.K.285.000 | VJMsg\30 11\30 铝管\黑\30 11.7401.K.285.000"
"30 11.7401.K.810.000","3","2","NO","VJMsg\30 11.7401.K.810.000 | VJMsg\30 11\30 11.7401\30 11.7401.K.810.000 | VJMsg\30 11\30 铝管\黑\30 11.7401.K.810.000"
"30 11.7401.K.805.000","3","1","YES","VJMsg\30 11.7401.K.805.000 | VJMsg\30 11\30 11.7401\30 11.7401.K.805.000 | VJMsg\30 11\30 铝管\浅灰LG\30 11.7401.K.805.000"
"30 11.6100.3.015.903","3","1","YES","VJMsg\30 11.6100.3.015.903 | VJMsg\30 11\30 11.6100\30 11.6100.3.015.903 | VJMsg\30 11\30 铝管\燃油管黄\30 11.6100\30 11.6100.3.015.903"
"30 11.5334.И.010.901","3","1","YES","VJMsg\30 11.5334.И.010.901 | VJMsg\30红牌\30 11.5334.И.010.901 | VJMsg\QL30\30 11.5334\30 11.5334.И.010.901"
"30 11.6100.3.075.000","3","1","YES","VJMsg\30 11.6100.3.075.000 | VJMsg\30 11\30 11.6100\30 11.6100.3.075.000 | VJMsg\30 11\30 铝管\燃油管黄\30 11.6100\30 11.6100.3.075.000"
"30 11.6100.3.515.000","3","1","YES","VJMsg\30 11.6100.3.515.000 | VJMsg\30 11\30 11.6100\30 11.6100.3.515.000 | VJMsg\30 11\30 铝管\燃油管黄\30 11.6100\30 11.6100.3.515.000"
"30 11.6100.3.505.000","3","1","YES","VJMsg\30 11.6100.3.505.000 | VJMsg\30 11\30 11.6100\30 11.6100.3.505.000 | VJMsg\30 11\30 铝管\燃油管黄\30 11.6100\30 11.6100.3.505.000"
"30 11.5334.3.315.956","3","1","YES","VJMsg\30 11.5334.3.315.956 | VJMsg\30红牌\30 11.5334.3.315.956 | VJMsg\QL30\30 11.5334\315\30 11.5334.3.315.956"
"30 11.5334.3.315.953","3","1","YES","VJMsg\30 11.5334.3.315.953 | VJMsg\30红牌\30 11.5334.3.315.953 | VJMsg\QL30\30 11.5334\315\30 11.5334.3.315.953"
"30 11.5334.3.315.958","3","1","YES","VJMsg\30 11.5334.3.315.958 | VJMsg\30红牌\30 11.5334.3.315.958 | VJMsg\QL30\30 11.5334\315\30 11.5334.3.315.958"
"30 11.5334.7.300.959","3","1","YES","VJMsg\30 11.5334.7.300.959 | VJMsg\30红牌\30 11.5334.7.300.959 | VJMsg\QL30\30 11.5334\30 11.5334.7.300.959"
"30 11.5334.7.300.958","3","1","YES","VJMsg\30 11.5334.7.300.958 | VJMsg\30红牌\30 11.5334.7.300.958 | VJMsg\QL30\30 11.5334\30 11.5334.7.300.958"
"30 11.6100.3.890.000","3","2","NO","VJMsg\30 11.6100.3.890.000 | VJMsg\30 11\30 11.6100\30 11.6100.3.890.000 | VJMsg\30 11\30 铝管\燃油管黄\30 11.6100\30 11.6100.3.890.000"
"30 11.6100.3.875.953","3","2","NO","VJMsg\30 11.6100.3.875.953 | VJMsg\30 11\30 11.6100\30 11.6100.3.875.953 | VJMsg\QL30\HUANG\30 11.6100.3.875.953"
"30 11.6100.3.930.000","3","1","YES","VJMsg\30 11.6100.3.930.000 | VJMsg\30 11\30 11.6100\30 11.6100.3.930.000 | VJMsg\30 11\30 铝管\燃油管黄\30 11.6100\30 11.6100.3.930.000"
"30 11.6100.3.980.905","3","1","YES","VJMsg\30 11.6100.3.980.905 | VJMsg\30 11\30 11.6100\30 11.6100.3.980.905 | VJMsg\30 11\30 铝管\燃油管黄\30 11.6100\30 11.6100.3.980.905"
"30 11.6100.3.960.901","3","1","YES","VJMsg\30 11.6100.3.960.901 | VJMsg\30 11\30 11.6100\30 11.6100.3.960.901 | VJMsg\30 11\30 铝管\燃油管黄\30 11.6100\30 11.6100.3.960.901"
"30 11.6100.3.820.901","3","1","YES","VJMsg\30 11.6100.3.820.901 | VJMsg\30 11\30 11.6100\30 11.6100.3.820.901 | VJMsg\30 11\30 铝管\燃油管黄\30 11.6100\30 11.6100.3.820.901"
"30 11.6100.3.585.902","3","1","YES","VJMsg\30 11.6100.3.585.902 | VJMsg\30 11\30 11.6100\30 11.6100.3.585.902 | VJMsg\30 11\30 铝管\燃油管黄\30 11.6100\30 11.6100.3.585.902"
"30 11.6100.3.825.901","3","1","YES","VJMsg\30 11.6100.3.825.901 | VJMsg\30 11\30 11.6100\30 11.6100.3.825.901 | VJMsg\30 11\30 铝管\燃油管黄\30 11.6100\30 11.6100.3.825.901"
"30 11.6100.3.875.935","3","1","YES","VJMsg\30 11.6100.3.875.935 | VJMsg\30 11\30 11.6100\30 11.6100.3.875.935 | VJMsg\QL30\HUANG\30 11.6100.3.875.935"
"30 11.6100.3.835.964","3","1","YES","VJMsg\30 11.6100.3.835.964 | VJMsg\30 11\30 11.6100\30 11.6100.3.835.964 | VJMsg\30 11\30 铝管\燃油管黄\30 11.6100\30 11.6100.3.835.964"
"30 11.5324.3.445.931","3","1","YES","VJMsg\30 11.5324.3.445.931 | VJMsg\30 11\30 11.5324\445\30 11.5324.3.445.931 | VJMsg\结构部钢管\30\30 11.5324.3.445.931"
"30 11.5324.3.445.930","3","1","YES","VJMsg\30 11.5324.3.445.930 | VJMsg\30 11\30 11.5324\445\30 11.5324.3.445.930 | VJMsg\结构部钢管\30\30 11.5324.3.445.930"
"30 11.5324.3.445.934","3","1","YES","VJMsg\30 11.5324.3.445.934 | VJMsg\30 11\30 11.5324\445\30 11.5324.3.445.934 | VJMsg\结构部钢管\30\30 11.5324.3.445.934"
"30 11.5324.7.655.918","3","1","YES","VJMsg\30 11.5324.7.655.918 | VJMsg\30 11\30 11.5324\610655\30 11.5324.7.655.918 | VJMsg\30 11\30 11.5324\7555655\30 11.5324.7.655.918"
"30 11.5324.3.610.993","3","1","YES","VJMsg\30 11.5324.3.610.993 | VJMsg\30 11\30 11.5324\3610655\30 11.5324.3.610.993 | VJMsg\30 11\30 11.5324\610655\30 11.5324.3.610.993"
"30 11.5314.K.700.918","3","2","NO","VJMsg\30 11.5314.K.700.918 | VJMsg\30 11\30 11.5314\700\30 11.5314.K.700.918 | VJMsg\30 11\30 11.5314\新建文件夹 (2)\30 11.5314.K.700.918"
"30 11.5314.K.700.906","3","2","NO","VJMsg\30 11.5314.K.700.906 | VJMsg\30 11\30 11.5314\700\30 11.5314.K.700.906 | VJMsg\30 11\30 11.5314\新建文件夹 (2)\30 11.5314.K.700.906"
"30 11.5314.K.900.922","3","1","YES","VJMsg\30 11.5314.K.900.922 | VJMsg\30 11\30 11.5314\005\30 11.5314.K.900.922 | VJMsg\30 11\30 11.5314\900\LV\30 11.5314.K.900.922"
"30 11.5324.3.445.929","3","1","YES","VJMsg\30 11.5324.3.445.929 | VJMsg\30 11\30 11.5324\445\30 11.5324.3.445.929 | VJMsg\结构部钢管\30\30 11.5324.3.445.929"
"30 11.5314.n.005.901","3","1","YES","VJMsg\30 11.5314.n.005.901 | VJMsg\30 11\30 11.5314\005\30 11.5314.n.005.901 | VJMsg\30 11\30 11.5314\900\30 11.5314.n.005.901"
"30 11.5324.7.655.925","3","1","YES","VJMsg\30 11.5324.7.655.925 | VJMsg\30 11\30 11.5324\610655\30 11.5324.7.655.925 | VJMsg\30 11\30 11.5324\7555655\30 11.5324.7.655.925"
"30 11.5324.7.655.924","3","1","YES","VJMsg\30 11.5324.7.655.924 | VJMsg\30 11\30 11.5324\610655\30 11.5324.7.655.924 | VJMsg\30 11\30 11.5324\7555655\30 11.5324.7.655.924"
"30 11.5324.K.500.917","3","1","YES","VJMsg\30 11.5324.K.500.917 | VJMsg\30 11\30 11.5324\500\30 11.5324.K.500.917 | VJMsg\30红牌\TL\30 11.5324.K.500.917"
"30 11.5334.3.315.916","3","1","YES","VJMsg\30 11.5334.3.315.916 | VJMsg\30红牌\30 11.5334.3.315.916 | VJMsg\QL30\30 11.5334\315\30 11.5334.3.315.916"
"30 11.5324.K.910.975","3","1","YES","VJMsg\30 11.5324.K.910.975 | VJMsg\30 11\30 11.5324\30 11.5324.K.910.975 | VJMsg\30 11\30 11.5324\915910\30 11.5324.K.910.975"
"30 11.5324.7.655.920","3","1","YES","VJMsg\30 11.5324.7.655.920 | VJMsg\30 11\30 11.5324\610655\30 11.5324.7.655.920 | VJMsg\30 11\30 11.5324\7555655\30 11.5324.7.655.920"
"30 11.5324.7.655.919","3","1","YES","VJMsg\30 11.5324.7.655.919 | VJMsg\30 11\30 11.5324\610655\30 11.5324.7.655.919 | VJMsg\30 11\30 11.5324\7555655\30 11.5324.7.655.919"
"30 11.5324.7.655.921","3","1","YES","VJMsg\30 11.5324.7.655.921 | VJMsg\30 11\30 11.5324\610655\30 11.5324.7.655.921 | VJMsg\30 11\30 11.5324\7555655\30 11.5324.7.655.921"
"30 11.5324.7.655.923","3","1","YES","VJMsg\30 11.5324.7.655.923 | VJMsg\30 11\30 11.5324\610655\30 11.5324.7.655.923 | VJMsg\30 11\30 11.5324\7555655\30 11.5324.7.655.923"
"30 11.5324.7.655.922","3","1","YES","VJMsg\30 11.5324.7.655.922 | VJMsg\30 11\30 11.5324\610655\30 11.5324.7.655.922 | VJMsg\30 11\30 11.5324\7555655\30 11.5324.7.655.922"
"30 11.6200.3.910.907","3","1","YES","VJMsg\30 11.6200.3.910.907 | VJMsg\30 11\6200\30 11.6200.3.910.907 | VJMsg\30 11\62006201\30 11.6200.3.910.907"
"30 11.6200.3.910.903","3","1","YES","VJMsg\30 11.6200.3.910.903 | VJMsg\30 11\6200\30 11.6200.3.910.903 | VJMsg\30 11\62006201\30 11.6200.3.910.903"
"30 11.6200.3.910.911","3","1","YES","VJMsg\30 11.6200.3.910.911 | VJMsg\30 11\6200\30 11.6200.3.910.911 | VJMsg\30 11\62006201\30 11.6200.3.910.911"
"30 11.6200.3.915.903","3","1","YES","VJMsg\30 11.6200.3.915.903 | VJMsg\30 11\6200\30 11.6200.3.915.903 | VJMsg\30 11\62006201\30 11.6200.3.915.903"
"30 11.6200.3.915.901","3","1","YES","VJMsg\30 11.6200.3.915.901 | VJMsg\30 11\6200\30 11.6200.3.915.901 | VJMsg\30 11\62006201\30 11.6200.3.915.901"
"30 11.6160.K.800.000","3","1","YES","VJMsg\30 11.6160.K.800.000 | VJMsg\30 11\30 铝管\燃油管黄\LG6160\30 11.6160.K.800.000 | VJMsg\30 11\6160\30 11.6160.K.800.000"
"30 11.6160.K.510.947","3","2","NO","VJMsg\30 11.6160.K.510.947 | VJMsg\30 11\30 铝管\燃油管黄\LG6160\30 11.6160.K.510.947 | VJMsg\30 11\6160\30 11.6160.K.510.947"
"30 11.6200.0.290.901","3","1","YES","VJMsg\30 11.6200.0.290.901 | VJMsg\30 11\6200\30 11.6200.0.290.901 | VJMsg\30 11\62006201\30 11.6200.0.290.901"
"30 11.6200.3.910.901","3","1","YES","VJMsg\30 11.6200.3.910.901 | VJMsg\30 11\6200\30 11.6200.3.910.901 | VJMsg\30 11\62006201\30 11.6200.3.910.901"
"30 11.6200.0.290.903","3","1","YES","VJMsg\30 11.6200.0.290.903 | VJMsg\30 11\6200\30 11.6200.0.290.903 | VJMsg\30 11\62006201\30 11.6200.0.290.903"
"30 11.6200.3.930.903","3","1","YES","VJMsg\30 11.6200.3.930.903 | VJMsg\30 11\6200\30 11.6200.3.930.903 | VJMsg\30 11\62006201\30 11.6200.3.930.903"
"30 11.6200.3.930.901","3","1","YES","VJMsg\30 11.6200.3.930.901 | VJMsg\30 11\6200\30 11.6200.3.930.901 | VJMsg\30 11\62006201\30 11.6200.3.930.901"
"30 11.6200.5.800.901","3","1","YES","VJMsg\30 11.6200.5.800.901 | VJMsg\30 11\6200\30 11.6200.5.800.901 | VJMsg\30 11\62006201\30 11.6200.5.800.901"
"30 11.6200.5.800.905","3","1","YES","VJMsg\30 11.6200.5.800.905 | VJMsg\30 11\6200\30 11.6200.5.800.905 | VJMsg\30 11\62006201\30 11.6200.5.800.905"
"30 11.6200.5.800.903","3","1","YES","VJMsg\30 11.6200.5.800.903 | VJMsg\30 11\6200\30 11.6200.5.800.903 | VJMsg\30 11\62006201\30 11.6200.5.800.903"
"30 11.6200.3.915.915","3","1","YES","VJMsg\30 11.6200.3.915.915 | VJMsg\30 11\6200\30 11.6200.3.915.915 | VJMsg\30 11\62006201\30 11.6200.3.915.915"
"30 11.6200.3.915.911","3","1","YES","VJMsg\30 11.6200.3.915.911 | VJMsg\30 11\6200\30 11.6200.3.915.911 | VJMsg\30 11\62006201\30 11.6200.3.915.911"
"30 11.6200.3.915.923","3","1","YES","VJMsg\30 11.6200.3.915.923 | VJMsg\30 11\6200\30 11.6200.3.915.923 | VJMsg\30 11\62006201\30 11.6200.3.915.923"
"30 11.6200.3.920.903","3","1","YES","VJMsg\30 11.6200.3.920.903 | VJMsg\30 11\6200\30 11.6200.3.920.903 | VJMsg\30 11\62006201\30 11.6200.3.920.903"
"30 11.6200.3.920.901","3","1","YES","VJMsg\30 11.6200.3.920.901 | VJMsg\30 11\6200\30 11.6200.3.920.901 | VJMsg\30 11\62006201\30 11.6200.3.920.901"
"30 11.6100.K.505.911","3","1","YES","VJMsg\30 11.6100.K.505.911 | VJMsg\30 11\30 11.6100\30 11.6100.K.505.911 | VJMsg\30 11\30 铝管\燃油管黄\30 11.6100\30 11.6100.K.505.911"
"30 11.6100.7.805.921","3","1","YES","VJMsg\30 11.6100.7.805.921 | VJMsg\30 11\30 11.6100\30 11.6100.7.805.921 | VJMsg\30 11\30 铝管\燃油管黄\30 11.6100\30 11.6100.7.805.921"
"30 11.6100.K.800.909","3","1","YES","VJMsg\30 11.6100.K.800.909 | VJMsg\30 11\30 11.6100\30 11.6100.K.800.909 | VJMsg\30 11\30 铝管\燃油管黄\30 11.6100\30 11.6100.K.800.909"
"30 11.6100.K.800.919","3","1","YES","VJMsg\30 11.6100.K.800.919 | VJMsg\30 11\30 11.6100\30 11.6100.K.800.919 | VJMsg\30 11\30 铝管\燃油管黄\30 11.6100\30 11.6100.K.800.919"
"30 11.6100.K.800.917","3","1","YES","VJMsg\30 11.6100.K.800.917 | VJMsg\30 11\30 11.6100\30 11.6100.K.800.917 | VJMsg\30 11\30 铝管\燃油管黄\30 11.6100\30 11.6100.K.800.917"
"30 11.6100.7.020.901","3","1","YES","VJMsg\30 11.6100.7.020.901 | VJMsg\30 11\30 11.6100\30 11.6100.7.020.901 | VJMsg\30 11\30 铝管\燃油管黄\30 11.6100\30 11.6100.7.020.901"
"30 11.6100.7.015.901","3","1","YES","VJMsg\30 11.6100.7.015.901 | VJMsg\30 11\30 11.6100\30 11.6100.7.015.901 | VJMsg\30 11\30 铝管\燃油管黄\30 11.6100\30 11.6100.7.015.901"
"30 11.6100.7.025.901","3","1","YES","VJMsg\30 11.6100.7.025.901 | VJMsg\30 11\30 11.6100\30 11.6100.7.025.901 | VJMsg\30 11\30 铝管\燃油管黄\30 11.6100\30 11.6100.7.025.901"
"30 11.6100.7.215.000","3","1","YES","VJMsg\30 11.6100.7.215.000 | VJMsg\30 11\30 11.6100\30 11.6100.7.215.000 | VJMsg\30 11\30 铝管\燃油管黄\30 11.6100\30 11.6100.7.215.000"
"30 11.6100.7.030.903","3","1","YES","VJMsg\30 11.6100.7.030.903 | VJMsg\30 11\30 11.6100\30 11.6100.7.030.903 | VJMsg\30 11\30 铝管\燃油管黄\30 11.6100\30 11.6100.7.030.903"
"30 11.6100.K.870.915","3","1","YES","VJMsg\30 11.6100.K.870.915 | VJMsg\30 11\30 11.6100\30 11.6100.K.870.915 | VJMsg\30 11\30 铝管\燃油管黄\30 11.6100\30 11.6100.K.870.915"
"30 11.6100.K.870.913","3","1","YES","VJMsg\30 11.6100.K.870.913 | VJMsg\30 11\30 11.6100\30 11.6100.K.870.913 | VJMsg\30 11\30 铝管\燃油管黄\30 11.6100\30 11.6100.K.870.913"
"30 11.6101.7.805.973","3","1","YES","VJMsg\30 11.6101.7.805.973 | VJMsg\30 11\30 11.6101\30 11.6101.7.805.973 | VJMsg\30 11\30 直管\HUANG\30 11.6101.7.805.973"
"30 11.6130.7.875.994","3","1","YES","VJMsg\30 11.6130.7.875.994 | VJMsg\30 11\30 铝管\燃油管不 喷漆\30 11.6130.7.875.994 | VJMsg\30 11\6130\30 11.6130.7.875.994"
"30 11.6101.7.805.987","3","1","YES","VJMsg\30 11.6101.7.805.987 | VJMsg\30 11\30 11.6101\30 11.6101.7.805.987 | VJMsg\30 11\30 直管\HUANG\30 11.6101.7.805.987"
"30 11.6100.K.810.901","3","1","YES","VJMsg\30 11.6100.K.810.901 | VJMsg\30 11\30 11.6100\30 11.6100.K.810.901 | VJMsg\30 11\30 铝管\燃油管黄\30 11.6100\30 11.6100.K.810.901"
"30 11.6100.K.800.921","3","1","YES","VJMsg\30 11.6100.K.800.921 | VJMsg\30 11\30 11.6100\30 11.6100.K.800.921 | VJMsg\30 11\30 铝管\燃油管黄\30 11.6100\30 11.6100.K.800.921"
"30 11.6100.K.815.000","3","1","YES","VJMsg\30 11.6100.K.815.000 | VJMsg\30 11\30 11.6100\30 11.6100.K.815.000 | VJMsg\30 11\30 铝管\燃油管黄\30 11.6100\30 11.6100.K.815.000"
"30 11.6100.K.870.911","3","1","YES","VJMsg\30 11.6100.K.870.911 | VJMsg\30 11\30 11.6100\30 11.6100.K.870.911 | VJMsg\30 11\30 铝管\燃油管黄\30 11.6100\30 11.6100.K.870.911"
"30 11.6100.K.855.917","3","1","YES","VJMsg\30 11.6100.K.855.917 | VJMsg\30 11\30 11.6100\30 11.6100.K.855.917 | VJMsg\30 11\30 铝管\燃油管黄\30 11.6100\30 11.6100.K.855.917"
"30 11.7601.K.505.000","3","2","NO","VJMsg\30 11.7601.K.505.000 | VJMsg\30 11\30 铝管\浅灰LG\30 11.7601.K.505.000 | VJMsg\30 11\30BLM\LGBLM\30 11.7601.K.505.000"
"30 S30.5314.1.045.954","3","1","YES","VJMsg\30 S30.5314.1.045.954 | VJMsg\30 11\30 11.5314\S30.5314\LV\30 S30.5314.1.045.954 | VJMsg\新建文件夹S30\5314\30 S30.5314.1.045.954"
"30 S30.5314.1.045.950","3","1","YES","VJMsg\30 S30.5314.1.045.950 | VJMsg\30 11\30 11.5314\S30.5314\30 S30.5314.1.045.950 | VJMsg\新建文件夹S30\5314\30 S30.5314.1.045.950"
"30 S30.5314.1.045.955","3","1","YES","VJMsg\30 S30.5314.1.045.955 | VJMsg\30 11\30 11.5314\S30.5314\30 S30.5314.1.045.955 | VJMsg\新建文件夹S30\5314\30 S30.5314.1.045.955"
"30 S30.5314.1.555.901","3","1","YES","VJMsg\30 S30.5314.1.555.901 | VJMsg\30 11\30 11.5314\S30.5314\30 S30.5314.1.555.901 | VJMsg\新建文件夹S30\5314\30 S30.5314.1.555.901"
"30 S30.5314.1.335.921","3","1","YES","VJMsg\30 S30.5314.1.335.921 | VJMsg\30 11\30 11.5314\S30.5314\30 S30.5314.1.335.921 | VJMsg\新建文件夹S30\5314\30 S30.5314.1.335.921"
"30 S30.0740.1.295.901","3","2","NO","VJMsg\30 S30.0740.1.295.901 | VJMsg\30 11\30 直管\ZGBPQ\ZGLAN\30 S30.0740.1.295.901 | VJMsg\30 11\30 直管\浅灰\30 S30.0740.1.295.901"
"30 11.7801.K.865.905","3","1","YES","VJMsg\30 11.7801.K.865.905 | VJMsg\30 11\30 11.7801\815\860\30 11.7801.K.865.905 | VJMsg\30 11\30氧气管\815\860\30 11.7801.K.865.905"
"30 S30.5314.1.010.901","3","2","NO","VJMsg\30 S30.5314.1.010.901 | VJMsg\30红牌\5314\30 S30.5314.1.010.901 | VJMsg\新建文件夹S30\5314\30 S30.5314.1.010.901"
"30 S30.5314.1.045.937","3","1","YES","VJMsg\30 S30.5314.1.045.937 | VJMsg\30 11\30 11.5314\S30.5314\LV\30 S30.5314.1.045.937 | VJMsg\新建文件夹S30\5314\30 S30.5314.1.045.937"
"30 S30.5314.1.045.914","3","1","YES","VJMsg\30 S30.5314.1.045.914 | VJMsg\30 11\30 11.5314\S30.5314\LV\30 S30.5314.1.045.914 | VJMsg\新建文件夹S30\5314\30 S30.5314.1.045.914"
"30 S30.5324.1.045.910","3","1","YES","VJMsg\30 S30.5324.1.045.910 | VJMsg\30 11\30 11.5324\S30.5324\30 S30.5324.1.045.910 | VJMsg\新建文件夹S30\5324\30 S30.5324.1.045.910"
"30 S30.5324.1.040.966","3","1","YES","VJMsg\30 S30.5324.1.040.966 | VJMsg\30 11\30 11.5324\S30.5324\30 S30.5324.1.040.966 | VJMsg\新建文件夹S30\5324\30 S30.5324.1.040.966"
"30 S30.5324.1.555.903","3","1","YES","VJMsg\30 S30.5324.1.555.903 | VJMsg\30红牌\TL\30 S30.5324.1.555.903 | VJMsg\新建文件夹S30\5324\30 S30.5324.1.555.903"
"30 S30.5324.1.555.911","3","1","YES","VJMsg\30 S30.5324.1.555.911 | VJMsg\30 11\30 11.5324\S30.5324\30 S30.5324.1.555.911 | VJMsg\新建文件夹S30\5324\30 S30.5324.1.555.911"
"30 S30.5324.1.555.910","3","1","YES","VJMsg\30 S30.5324.1.555.910 | VJMsg\30 11\30 11.5324\S30.5324\30 S30.5324.1.555.910 | VJMsg\新建文件夹S30\5324\30 S30.5324.1.555.910"
"30 S30.5314.1.555.912","3","1","YES","VJMsg\30 S30.5314.1.555.912 | VJMsg\30红牌\5314\30 S30.5314.1.555.912 | VJMsg\新建文件夹S30\5314\30 S30.5314.1.555.912"
"30 S30.5314.1.555.903","3","1","YES","VJMsg\30 S30.5314.1.555.903 | VJMsg\30红牌\5314\30 S30.5314.1.555.903 | VJMsg\新建文件夹S30\5314\30 S30.5314.1.555.903"
"30 S30.5314.1.555.913","3","1","YES","VJMsg\30 S30.5314.1.555.913 | VJMsg\30 11\30 11.5314\S30.5314\30 S30.5314.1.555.913 | VJMsg\新建文件夹S30\5314\30 S30.5314.1.555.913"
"30 S30.5314.1.555.927","3","1","YES","VJMsg\30 S30.5314.1.555.927 | VJMsg\30 11\30 11.5314\S30.5314\LV\30 S30.5314.1.555.927 | VJMsg\新建文件夹S30\5314\30 S30.5314.1.555.927"
"30 S30.5314.1.555.921","3","1","YES","VJMsg\30 S30.5314.1.555.921 | VJMsg\30红牌\5314\30 S30.5314.1.555.921 | VJMsg\新建文件夹S30\5314\30 S30.5314.1.555.921"
"30 11.7801.K.860.917","3","1","YES","VJMsg\30 11.7801.K.860.917 | VJMsg\30 11\30 11.7801\815\860\30 11.7801.K.860.917 | VJMsg\30 11\30氧气管\815\860\30 11.7801.K.860.917"
"30 11.7801.K.860.916","3","1","YES","VJMsg\30 11.7801.K.860.916 | VJMsg\30 11\30 11.7801\815\860\30 11.7801.K.860.916 | VJMsg\30 11\30氧气管\815\860\30 11.7801.K.860.916"
"30 11.7801.K.860.918","3","1","YES","VJMsg\30 11.7801.K.860.918 | VJMsg\30 11\30 11.7801\815\860\30 11.7801.K.860.918 | VJMsg\30 11\30氧气管\815\860\30 11.7801.K.860.918"
"30 11.7801.K.860.920","3","1","YES","VJMsg\30 11.7801.K.860.920 | VJMsg\30 11\30 11.7801\815\860\30 11.7801.K.860.920 | VJMsg\30 11\30氧气管\815\860\30 11.7801.K.860.920"
"30 11.7801.K.860.919","3","1","YES","VJMsg\30 11.7801.K.860.919 | VJMsg\30 11\30 11.7801\815\860\30 11.7801.K.860.919 | VJMsg\30 11\30氧气管\815\860\30 11.7801.K.860.919"
"30 11.7801.K.860.911","3","1","YES","VJMsg\30 11.7801.K.860.911 | VJMsg\30 11\30 11.7801\815\860\30 11.7801.K.860.911 | VJMsg\30 11\30氧气管\815\860\30 11.7801.K.860.911"
"30 11.7801.K.860.910","3","1","YES","VJMsg\30 11.7801.K.860.910 | VJMsg\30 11\30 11.7801\815\860\30 11.7801.K.860.910 | VJMsg\30 11\30氧气管\815\860\30 11.7801.K.860.910"
"30 11.7801.K.860.912","3","1","YES","VJMsg\30 11.7801.K.860.912 | VJMsg\30 11\30 11.7801\815\860\30 11.7801.K.860.912 | VJMsg\30 11\30氧气管\815\860\30 11.7801.K.860.912"
"30 11.7801.K.860.915","3","1","YES","VJMsg\30 11.7801.K.860.915 | VJMsg\30 11\30 11.7801\815\860\30 11.7801.K.860.915 | VJMsg\30 11\30氧气管\815\860\30 11.7801.K.860.915"
"30 11.7801.K.860.914","3","1","YES","VJMsg\30 11.7801.K.860.914 | VJMsg\30 11\30 11.7801\815\860\30 11.7801.K.860.914 | VJMsg\30 11\30氧气管\815\860\30 11.7801.K.860.914"
"30 11.7801.K.860.929","3","1","YES","VJMsg\30 11.7801.K.860.929 | VJMsg\30 11\30 11.7801\815\860\30 11.7801.K.860.929 | VJMsg\30 11\30氧气管\815\860\30 11.7801.K.860.929"
"30 11.7801.K.860.928","3","1","YES","VJMsg\30 11.7801.K.860.928 | VJMsg\30 11\30 11.7801\815\860\30 11.7801.K.860.928 | VJMsg\30 11\30氧气管\815\860\30 11.7801.K.860.928"
"30 11.7801.K.865.901","3","1","YES","VJMsg\30 11.7801.K.865.901 | VJMsg\30 11\30 11.7801\815\860\30 11.7801.K.865.901 | VJMsg\30 11\30氧气管\815\860\30 11.7801.K.865.901"
"30 11.7801.K.865.903","3","1","YES","VJMsg\30 11.7801.K.865.903 | VJMsg\30 11\30 11.7801\815\860\30 11.7801.K.865.903 | VJMsg\30 11\30氧气管\815\860\30 11.7801.K.865.903"
"30 11.7801.K.865.902","3","1","YES","VJMsg\30 11.7801.K.865.902 | VJMsg\30 11\30 11.7801\815\860\30 11.7801.K.865.902 | VJMsg\30 11\30氧气管\815\860\30 11.7801.K.865.902"
"30 11.7801.K.860.922","3","1","YES","VJMsg\30 11.7801.K.860.922 | VJMsg\30 11\30 11.7801\815\860\30 11.7801.K.860.922 | VJMsg\30 11\30氧气管\815\860\30 11.7801.K.860.922"
"30 11.7801.K.860.921","3","1","YES","VJMsg\30 11.7801.K.860.921 | VJMsg\30 11\30 11.7801\815\860\30 11.7801.K.860.921 | VJMsg\30 11\30氧气管\815\860\30 11.7801.K.860.921"
"30 11.7801.K.860.923","3","1","YES","VJMsg\30 11.7801.K.860.923 | VJMsg\30 11\30 11.7801\815\860\30 11.7801.K.860.923 | VJMsg\30 11\30氧气管\815\860\30 11.7801.K.860.923"
"30 11.7801.K.860.925","3","1","YES","VJMsg\30 11.7801.K.860.925 | VJMsg\30 11\30 11.7801\815\860\30 11.7801.K.860.925 | VJMsg\30 11\30氧气管\815\860\30 11.7801.K.860.925"
"30 11.7801.K.860.924","3","1","YES","VJMsg\30 11.7801.K.860.924 | VJMsg\30 11\30 11.7801\815\860\30 11.7801.K.860.924 | VJMsg\30 11\30氧气管\815\860\30 11.7801.K.860.924"
"J11B.5314.B.030.930","3","1","YES","VJMsg\J11B.5314.B.030.930 | VJMsg\J11B钢管\5314.B.035\035\零\J11B.5314.B.030.930 | VJMsg\J11B钢管\5314.B.035\220\J11B.5314.B.030\J11B.5314.B.030.930"
"J11B.5314.B.030.929","3","1","YES","VJMsg\J11B.5314.B.030.929 | VJMsg\J11B钢管\5314.B.035\035\九\J11B.5314.B.030.929 | VJMsg\J11B钢管\5314.B.035\220\J11B.5314.B.030\J11B.5314.B.030.929"
"J11B.5314.B.030.932","3","1","YES","VJMsg\J11B.5314.B.030.932 | VJMsg\J11B钢管\5314.B.035\220\J11B.5314.B.030\J11B.5314.B.030.932 | VJMsg\J11B钢管\5314.B.035\820\J11B.5314.B.030\J11B.5314.B.030.932"
"J11B.5314.B.030.936","3","1","YES","VJMsg\J11B.5314.B.030.936 | VJMsg\J11B钢管\5314.B.035\035\六\J11B.5314.B.030.936 | VJMsg\J11B钢管\5314.B.035\220\J11B.5314.B.030\J11B.5314.B.030.936"
"J11B.5314.B.030.935","3","1","YES","VJMsg\J11B.5314.B.030.935 | VJMsg\J11B钢管\5314.B.035\035\五\J11B.5314.B.030.935 | VJMsg\J11B钢管\5314.B.035\220\J11B.5314.B.030\J11B.5314.B.030.935"
"J11B.5314.B.030.913","3","1","YES","VJMsg\J11B.5314.B.030.913 | VJMsg\J11B钢管\5314.B.035\035\三\J11B.5314.B.030.913 | VJMsg\J11B钢管\5314.B.035\220\J11B.5314.B.030\J11B.5314.B.030.913"
"J11B.5314.B.030.911","3","1","YES","VJMsg\J11B.5314.B.030.911 | VJMsg\J11B钢管\5314.B.035\220\J11B.5314.B.030\J11B.5314.B.030.911 | VJMsg\J11B钢管\5314.B.035\820\J11B.5314.B.030\J11B.5314.B.030.911"
"J11B.5314.B.030.915","3","1","YES","VJMsg\J11B.5314.B.030.915 | VJMsg\J11B钢管\5314.B.035\035\五\J11B.5314.B.030.915 | VJMsg\J11B钢管\5314.B.035\220\J11B.5314.B.030\J11B.5314.B.030.915"
"J11B.5314.B.030.918","3","1","YES","VJMsg\J11B.5314.B.030.918 | VJMsg\J11B钢管\5314.B.035\035\八\J11B.5314.B.030.918 | VJMsg\J11B钢管\5314.B.035\220\J11B.5314.B.030\J11B.5314.B.030.918"
"J11B.5314.B.030.916","3","1","YES","VJMsg\J11B.5314.B.030.916 | VJMsg\J11B钢管\5314.B.035\035\六\J11B.5314.B.030.916 | VJMsg\J11B钢管\5314.B.035\220\J11B.5314.B.030\J11B.5314.B.030.916"
"J11B.5314.B.030.953","3","1","YES","VJMsg\J11B.5314.B.030.953 | VJMsg\J11B钢管\5314.B.035\035\三\J11B.5314.B.030.953 | VJMsg\J11B钢管\5314.B.035\220\J11B.5314.B.030\J11B.5314.B.030.953"
"J11B.5314.B.030.950","3","1","YES","VJMsg\J11B.5314.B.030.950 | VJMsg\J11B钢管\5314.B.035\035\零\J11B.5314.B.030.950 | VJMsg\J11B钢管\5314.B.035\220\J11B.5314.B.030\J11B.5314.B.030.950"
"J11B.5314.B.030.954","3","1","YES","VJMsg\J11B.5314.B.030.954 | VJMsg\J11B钢管\5314.B.035\035\四\J11B.5314.B.030.954 | VJMsg\J11B钢管\5314.B.035\220\J11B.5314.B.030\J11B.5314.B.030.954"
"J11B.5314.B.030.962","3","1","YES","VJMsg\J11B.5314.B.030.962 | VJMsg\J11B钢管\5314.B.035\220\J11B.5314.B.030\J11B.5314.B.030.962 | VJMsg\J11B钢管\5314.B.035\820\J11B.5314.B.030\J11B.5314.B.030.962"
"J11B.5314.B.030.961","3","1","YES","VJMsg\J11B.5314.B.030.961 | VJMsg\J11B钢管\5314.B.035\220\J11B.5314.B.030\J11B.5314.B.030.961 | VJMsg\J11B钢管\5314.B.035\820\J11B.5314.B.030\J11B.5314.B.030.961"
"J11B.5314.B.030.943","3","1","YES","VJMsg\J11B.5314.B.030.943 | VJMsg\J11B钢管\5314.B.035\035\三\J11B.5314.B.030.943 | VJMsg\J11B钢管\5314.B.035\220\J11B.5314.B.030\J11B.5314.B.030.943"
"J11B.5314.B.030.940","3","1","YES","VJMsg\J11B.5314.B.030.940 | VJMsg\J11B钢管\5314.B.035\035\零\J11B.5314.B.030.940 | VJMsg\J11B钢管\5314.B.035\220\J11B.5314.B.030\J11B.5314.B.030.940"
"J11B.5314.B.030.944","3","1","YES","VJMsg\J11B.5314.B.030.944 | VJMsg\J11B钢管\5314.B.035\035\四\J11B.5314.B.030.944 | VJMsg\J11B钢管\5314.B.035\220\J11B.5314.B.030\J11B.5314.B.030.944"
"J11B.5314.B.030.949","3","1","YES","VJMsg\J11B.5314.B.030.949 | VJMsg\J11B钢管\5314.B.035\035\九\J11B.5314.B.030.949 | VJMsg\J11B钢管\5314.B.035\220\J11B.5314.B.030\J11B.5314.B.030.949"
"J11B.5314.B.030.946","3","1","YES","VJMsg\J11B.5314.B.030.946 | VJMsg\J11B钢管\5314.B.035\035\六\J11B.5314.B.030.946 | VJMsg\J11B钢管\5314.B.035\220\J11B.5314.B.030\J11B.5314.B.030.946"
"30 S30.5324.1.555.934","3","1","YES","VJMsg\30 S30.5324.1.555.934 | VJMsg\30 11\30 11.5324\S30.5324\30 S30.5324.1.555.934 | VJMsg\新建文件夹S30\5324\30 S30.5324.1.555.934"
"30 S30.5324.1.555.933","3","1","YES","VJMsg\30 S30.5324.1.555.933 | VJMsg\30红牌\TL\30 S30.5324.1.555.933 | VJMsg\新建文件夹S30\5324\30 S30.5324.1.555.933"
"30 S30.5324.1.555.955","3","1","YES","VJMsg\30 S30.5324.1.555.955 | VJMsg\30 11\30 11.5324\S30.5324\30 S30.5324.1.555.955 | VJMsg\新建文件夹S30\5324\30 S30.5324.1.555.955"
"30 S30.5334.1.035.933","3","1","YES","VJMsg\30 S30.5334.1.035.933 | VJMsg\30 11\30 11.5324\S30.5324\30 S30.5334.1.035.933 | VJMsg\QL30\S30.5334\30 S30.5334.1.035.933"
"30 S30.5324.1.555.956","3","1","YES","VJMsg\30 S30.5324.1.555.956 | VJMsg\30 11\30 11.5324\S30.5324\30 S30.5324.1.555.956 | VJMsg\新建文件夹S30\5324\30 S30.5324.1.555.956"
"30 S30.5324.1.555.920","3","1","YES","VJMsg\30 S30.5324.1.555.920 | VJMsg\30 11\30 11.5324\S30.5324\30 S30.5324.1.555.920 | VJMsg\新建文件夹S30\5324\30 S30.5324.1.555.920"
"30 S30.5324.1.555.919","3","1","YES","VJMsg\30 S30.5324.1.555.919 | VJMsg\30 11\30 11.5324\S30.5324\30 S30.5324.1.555.919 | VJMsg\新建文件夹S30\5324\30 S30.5324.1.555.919"
"30 S30.5324.1.555.924","3","1","YES","VJMsg\30 S30.5324.1.555.924 | VJMsg\30 11\30 11.5324\S30.5324\30 S30.5324.1.555.924 | VJMsg\新建文件夹S30\5324\30 S30.5324.1.555.924"
"30 S30.5324.1.555.932","3","1","YES","VJMsg\30 S30.5324.1.555.932 | VJMsg\30红牌\褐\30 S30.5324.1.555.932 | VJMsg\新建文件夹S30\5324\30 S30.5324.1.555.932"
"30 S30.5324.1.555.927","3","1","YES","VJMsg\30 S30.5324.1.555.927 | VJMsg\30红牌\褐\30 S30.5324.1.555.927 | VJMsg\新建文件夹S30\5324\30 S30.5324.1.555.927"
"J11B.5314.B.030.901","3","1","YES","VJMsg\J11B.5314.B.030.901 | VJMsg\J11B钢管\5314.B.035\220\J11B.5314.B.030\J11B.5314.B.030.901 | VJMsg\J11B钢管\5314.B.035\820\J11B.5314.B.030\J11B.5314.B.030.901"
"J11B.0740.B.845.989","3","1","YES","VJMsg\J11B.0740.B.845.989 | VJMsg\J11B钢管\845\J11B.0740.B.845.989 | VJMsg\J11B钢管\QL\0740.B\845\J11B.0740.B.845.989"
"J11B.5314.B.030.902","3","1","YES","VJMsg\J11B.5314.B.030.902 | VJMsg\J11B钢管\5314.B.035\220\J11B.5314.B.030\J11B.5314.B.030.902 | VJMsg\J11B钢管\5314.B.035\820\J11B.5314.B.030\J11B.5314.B.030.902"
"J11B.5314.B.030.909","3","1","YES","VJMsg\J11B.5314.B.030.909 | VJMsg\J11B钢管\5314.B.035\035\九\J11B.5314.B.030.909 | VJMsg\J11B钢管\5314.B.035\220\J11B.5314.B.030\J11B.5314.B.030.909"
"J11B.5314.B.030.903","3","1","YES","VJMsg\J11B.5314.B.030.903 | VJMsg\J11B钢管\5314.B.035\035\三\J11B.5314.B.030.903 | VJMsg\J11B钢管\5314.B.035\220\J11B.5314.B.030\J11B.5314.B.030.903"
"J11B.0740.B.845.949","3","1","YES","VJMsg\J11B.0740.B.845.949 | VJMsg\J11B钢管\845\J11B.0740.B.845.949 | VJMsg\J11B钢管\QL\0740.B\845\J11B.0740.B.845.949"
"J11B.0740.B.845.948","3","1","YES","VJMsg\J11B.0740.B.845.948 | VJMsg\J11B钢管\845\J11B.0740.B.845.948 | VJMsg\J11B钢管\QL\0740.B\845\J11B.0740.B.845.948"
"J11B.0740.B.845.967","3","1","YES","VJMsg\J11B.0740.B.845.967 | VJMsg\J11B钢管\845\J11B.0740.B.845.967 | VJMsg\J11B钢管\QL\0740.B\845\J11B.0740.B.845.967"
"J11B.0740.B.845.988","3","1","YES","VJMsg\J11B.0740.B.845.988 | VJMsg\J11B钢管\845\J11B.0740.B.845.988 | VJMsg\J11B钢管\QL\0740.B\845\J11B.0740.B.845.988"
"J11B.0740.B.845.968","3","1","YES","VJMsg\J11B.0740.B.845.968 | VJMsg\J11B钢管\845\J11B.0740.B.845.968 | VJMsg\J11B钢管\QL\0740.B\845\J11B.0740.B.845.968"
"30 11.7698.K.060.000","3","1","YES","VJMsg\30 11.7698.K.060.000 | VJMsg\30 11\30 11.7698\30 11.7698.K.060.000 | VJMsg\30 11\30BLM\GGBLM\30 11.7698.K.060.000"
"30 11.7698.K.010.000","3","2","NO","VJMsg\30 11.7698.K.010.000 | VJMsg\30 11\30 铝管\银粉LG\30 11.7698.K.010.000 | VJMsg\30 11\30BLM\LGBLM\30 11.7698.K.010.000"
"30 11.7698.K.080.901","3","1","YES","VJMsg\30 11.7698.K.080.901 | VJMsg\30 11\30 11.7698\30 11.7698.K.080.901 | VJMsg\30 11\30 铝管\浅灰蓝\30 11.7698.K.080.901"
"30 11.7698.K.830.901","3","2","NO","VJMsg\30 11.7698.K.830.901 | VJMsg\30 11\30 11.7698\30 11.7698.K.830.901 | VJMsg\30 11\30 铝管\浅灰蓝\30 11.7698.K.830.901"
"30 11.7698.K.085.000","3","1","YES","VJMsg\30 11.7698.K.085.000 | VJMsg\30 11\30 11.7698\30 11.7698.K.085.000 | VJMsg\30 11\30 铝管\浅灰蓝\30 11.7698.K.085.000"
"30 11.7603.K.855.000","3","1","YES","VJMsg\30 11.7603.K.855.000 | VJMsg\30 11\30 11.7603\30 11.7603.K.855.000 | VJMsg\30 11\30BLM\GGBLM\30 11.7603.K.855.000"
"30 11.7603.K.830.000","3","1","YES","VJMsg\30 11.7603.K.830.000 | VJMsg\30 11\30 11.7603\30 11.7603.K.830.000 | VJMsg\30 11\30BLM\GGBLM\30 11.7603.K.830.000"
"30 11.7603.N.055.901","3","1","YES","VJMsg\30 11.7603.N.055.901 | VJMsg\30 11\30 11.7603\30 11.7603.N.055.901 | VJMsg\30 11\30BLM\GGBLM\30 11.7603.N.055.901"
"30 11.7698.3.035.000","3","1","YES","VJMsg\30 11.7698.3.035.000 | VJMsg\30 11\30 11.7698\30 11.7698.3.035.000 | VJMsg\30 11\30 直管\30 11.7698.3.035.000"
"30 11.7603.И.045.000","3","1","YES","VJMsg\30 11.7603.И.045.000 | VJMsg\30 11\30 11.7603\30 11.7603.И.045.000 | VJMsg\30 11\30BLM\GGBLM\30 11.7603.И.045.000"
"30 11.7801.K.815.908","3","1","YES","VJMsg\30 11.7801.K.815.908 | VJMsg\30 11\30 11.7801\815\30 11.7801.K.815.908 | VJMsg\30 11\30氧气管\815\30 11.7801.K.815.908"
"30 11.7801.K.815.907","3","1","YES","VJMsg\30 11.7801.K.815.907 | VJMsg\30 11\30 11.7801\815\30 11.7801.K.815.907 | VJMsg\30 11\30氧气管\815\30 11.7801.K.815.907"
"30 11.7801.K.815.909","3","1","YES","VJMsg\30 11.7801.K.815.909 | VJMsg\30 11\30 11.7801\815\30 11.7801.K.815.909 | VJMsg\30 11\30氧气管\815\30 11.7801.K.815.909"
"30 11.7801.K.815.911","3","1","YES","VJMsg\30 11.7801.K.815.911 | VJMsg\30 11\30 11.7801\815\30 11.7801.K.815.911 | VJMsg\30 11\30氧气管\815\30 11.7801.K.815.911"
"30 11.7801.K.815.910","3","1","YES","VJMsg\30 11.7801.K.815.910 | VJMsg\30 11\30 11.7801\815\30 11.7801.K.815.910 | VJMsg\30 11\30氧气管\815\30 11.7801.K.815.910"
"30 11.7800.K.025.904","3","1","YES","VJMsg\30 11.7800.K.025.904 | VJMsg\30 11\30 6700\30 11.7800.K.025.904 | VJMsg\30 11\30氧气管\30 11.7800.K.025.904"
"30 11.7800.K.025.903","3","1","YES","VJMsg\30 11.7800.K.025.903 | VJMsg\30 11\30 6700\30 11.7800.K.025.903 | VJMsg\30 11\30氧气管\30 11.7800.K.025.903"
"30 11.7801.K.815.903","3","1","YES","VJMsg\30 11.7801.K.815.903 | VJMsg\30 11\30 11.7801\815\30 11.7801.K.815.903 | VJMsg\30 11\30氧气管\815\30 11.7801.K.815.903"
"30 11.7801.K.815.905","3","1","YES","VJMsg\30 11.7801.K.815.905 | VJMsg\30 11\30 11.7801\815\30 11.7801.K.815.905 | VJMsg\30 11\30氧气管\815\30 11.7801.K.815.905"
"30 11.7801.K.815.904","3","1","YES","VJMsg\30 11.7801.K.815.904 | VJMsg\30 11\30 11.7801\815\30 11.7801.K.815.904 | VJMsg\30 11\30氧气管\815\30 11.7801.K.815.904"
"30 11.7601.И.530.000","3","1","YES","VJMsg\30 11.7601.И.530.000 | VJMsg\30 11\30 11.7601\30 11.7601.И.530.000 | VJMsg\30 11\30BLM\GGBLM\30 11.7601.И.530.000"
"30 11.7601.K.980.000","3","2","NO","VJMsg\30 11.7601.K.980.000 | VJMsg\30 11\30 铝管\浅灰LG\30 11.7601.K.980.000 | VJMsg\30 11\30BLM\LGBLM\30 11.7601.K.980.000"
"30 11.7602.K.180.903","3","1","YES","VJMsg\30 11.7602.K.180.903 | VJMsg\30 11\30 11.7602\30 11.7602.K.180.903 | VJMsg\30 11\30BLM\GGBLM\30 11.7602.K.180.903"
"30 11.7602.K.855.000","3","1","YES","VJMsg\30 11.7602.K.855.000 | VJMsg\30 11\30 11.7602\30 11.7602.K.855.000 | VJMsg\30 11\30 铝管\银粉LG\30 11.7602.K.855.000"
"30 11.7602.K.230.000","3","2","NO","VJMsg\30 11.7602.K.230.000 | VJMsg\30 11\30 铝管\银粉LG\30 11.7602.K.230.000 | VJMsg\30 11\30BLM\LGBLM\30 11.7602.K.230.000"
"30 11.7601.K.805.909","3","1","YES","VJMsg\30 11.7601.K.805.909 | VJMsg\30 11\30 11.7601\30 11.7601.K.805.909 | VJMsg\30 11\GG7601\30 11.7601.K.805.909"
"30 11.7601.K.805.905","3","1","YES","VJMsg\30 11.7601.K.805.905 | VJMsg\30 11\30 11.7601\30 11.7601.K.805.905 | VJMsg\30 11\GG7601\30 11.7601.K.805.905"
"30 11.7601.K.830.901","3","1","YES","VJMsg\30 11.7601.K.830.901 | VJMsg\30 11\30 11.7601\30 11.7601.K.830.901 | VJMsg\30 11\30 铝管\浅灰蓝\30 11.7601.K.830.901"
"30 11.7601.K.890.000","3","2","NO","VJMsg\30 11.7601.K.890.000 | VJMsg\30 11\30 铝管\银粉LG\30 11.7601.K.890.000 | VJMsg\30 11\30BLM\LGBLM\30 11.7601.K.890.000"
"30 11.7601.K.875.000","3","2","NO","VJMsg\30 11.7601.K.875.000 | VJMsg\30 11\30 铝管\银粉LG\30 11.7601.K.875.000 | VJMsg\30 11\30BLM\LGBLM\30 11.7601.K.875.000"
"30 11.7603.1.030.901","3","1","YES","VJMsg\30 11.7603.1.030.901 | VJMsg\30 11\30 11.7603\30 11.7603.1.030.901 | VJMsg\30 11\30BLM\GGBLM\30 11.7603.1.030.901"
"30 11.7603.1.015.901","3","1","YES","VJMsg\30 11.7603.1.015.901 | VJMsg\30 11\30 11.7603\30 11.7603.1.015.901 | VJMsg\30 11\30BLM\GGBLM\30 11.7603.1.015.901"
"30 11.7603.1.060.901","3","1","YES","VJMsg\30 11.7603.1.060.901 | VJMsg\30 11\30 11.7603\30 11.7603.1.060.901 | VJMsg\30 11\30BLM\GGBLM\30 11.7603.1.060.901"
"30 11.7603.K.825.000","3","1","YES","VJMsg\30 11.7603.K.825.000 | VJMsg\30 11\30 11.7603\30 11.7603.K.825.000 | VJMsg\30 11\30BLM\GGBLM\30 11.7603.K.825.000"
"30 11.7603.K.805.901","3","1","YES","VJMsg\30 11.7603.K.805.901 | VJMsg\30 11\30 11.7603\30 11.7603.K.805.901 | VJMsg\30 11\30BLM\GGBLM\30 11.7603.K.805.901"
"30 11.7602.K.890.000","3","2","NO","VJMsg\30 11.7602.K.890.000 | VJMsg\30 11\30 铝管\银粉LG\30 11.7602.K.890.000 | VJMsg\30 11\30BLM\LGBLM\30 11.7602.K.890.000"
"30 11.7602.K.860.000","3","1","YES","VJMsg\30 11.7602.K.860.000 | VJMsg\30 11\30 11.7602\30 11.7602.K.860.000 | VJMsg\30 11\30BLM\GGBLM\30 11.7602.K.860.000"
"30 11.7602.И.185.901","3","1","YES","VJMsg\30 11.7602.И.185.901 | VJMsg\30 11\30 11.7602\30 11.7602.И.185.901 | VJMsg\30 11\30BLM\GGBLM\30 11.7602.И.185.901"
"30 11.7603.1.010.000","3","1","YES","VJMsg\30 11.7603.1.010.000 | VJMsg\30 11\30 11.7603\30 11.7603.1.010.000 | VJMsg\30 11\30BLM\GGBLM\30 11.7603.1.010.000"
"30 11.7602.И.255.000","3","1","YES","VJMsg\30 11.7602.И.255.000 | VJMsg\30 11\30 铝管\银粉LG\30 11.7602.И.255.000 | VJMsg\30 11\30BLM\LGBLM\30 11.7602.И.255.000"
"30 11.7801.K.815.951","3","1","YES","VJMsg\30 11.7801.K.815.951 | VJMsg\30 11\30 11.7801\815\30 11.7801.K.815.951 | VJMsg\30 11\30氧气管\815\30 11.7801.K.815.951"
"30 11.7801.K.815.950","3","1","YES","VJMsg\30 11.7801.K.815.950 | VJMsg\30 11\30 11.7801\815\30 11.7801.K.815.950 | VJMsg\30 11\30氧气管\815\30 11.7801.K.815.950"
"30 11.7801.K.815.952","3","1","YES","VJMsg\30 11.7801.K.815.952 | VJMsg\30 11\30 11.7801\815\30 11.7801.K.815.952 | VJMsg\30 11\30氧气管\815\30 11.7801.K.815.952"
"30 11.7801.K.815.962","3","1","YES","VJMsg\30 11.7801.K.815.962 | VJMsg\30 11\30 11.7801\815\30 11.7801.K.815.962 | VJMsg\30 11\30氧气管\815\30 11.7801.K.815.962"
"30 11.7801.K.815.958","3","1","YES","VJMsg\30 11.7801.K.815.958 | VJMsg\30 11\30 11.7801\815\30 11.7801.K.815.958 | VJMsg\30 11\30氧气管\815\30 11.7801.K.815.958"
"30 11.7801.K.815.944","3","1","YES","VJMsg\30 11.7801.K.815.944 | VJMsg\30 11\30 11.7801\815\30 11.7801.K.815.944 | VJMsg\30 11\30氧气管\815\30 11.7801.K.815.944"
"30 11.7801.K.815.943","3","1","YES","VJMsg\30 11.7801.K.815.943 | VJMsg\30 11\30 11.7801\815\30 11.7801.K.815.943 | VJMsg\30 11\30氧气管\815\30 11.7801.K.815.943"
"30 11.7801.K.815.947","3","1","YES","VJMsg\30 11.7801.K.815.947 | VJMsg\30 11\30 11.7801\815\30 11.7801.K.815.947 | VJMsg\30 11\30氧气管\815\30 11.7801.K.815.947"
"30 11.7801.K.815.949","3","1","YES","VJMsg\30 11.7801.K.815.949 | VJMsg\30 11\30 11.7801\815\30 11.7801.K.815.949 | VJMsg\30 11\30氧气管\815\30 11.7801.K.815.949"
"30 11.7801.K.815.948","3","1","YES","VJMsg\30 11.7801.K.815.948 | VJMsg\30 11\30 11.7801\815\30 11.7801.K.815.948 | VJMsg\30 11\30氧气管\815\30 11.7801.K.815.948"
"30 11.7801.K.860.905","3","1","YES","VJMsg\30 11.7801.K.860.905 | VJMsg\30 11\30 11.7801\815\860\30 11.7801.K.860.905 | VJMsg\30 11\30氧气管\815\860\30 11.7801.K.860.905"
"30 11.7801.K.860.903","3","1","YES","VJMsg\30 11.7801.K.860.903 | VJMsg\30 11\30 11.7801\815\860\30 11.7801.K.860.903 | VJMsg\30 11\30氧气管\815\860\30 11.7801.K.860.903"
"30 11.7801.K.860.906","3","1","YES","VJMsg\30 11.7801.K.860.906 | VJMsg\30 11\30 11.7801\815\860\30 11.7801.K.860.906 | VJMsg\30 11\30氧气管\815\860\30 11.7801.K.860.906"
"30 11.7801.K.860.909","3","1","YES","VJMsg\30 11.7801.K.860.909 | VJMsg\30 11\30 11.7801\815\860\30 11.7801.K.860.909 | VJMsg\30 11\30氧气管\815\860\30 11.7801.K.860.909"
"30 11.7801.K.860.907","3","1","YES","VJMsg\30 11.7801.K.860.907 | VJMsg\30 11\30 11.7801\815\860\30 11.7801.K.860.907 | VJMsg\30 11\30氧气管\815\860\30 11.7801.K.860.907"
"30 11.7801.K.815.964","3","1","YES","VJMsg\30 11.7801.K.815.964 | VJMsg\30 11\30 11.7801\815\30 11.7801.K.815.964 | VJMsg\30 11\30氧气管\815\30 11.7801.K.815.964"
"30 11.7801.K.815.963","3","1","YES","VJMsg\30 11.7801.K.815.963 | VJMsg\30 11\30 11.7801\815\30 11.7801.K.815.963 | VJMsg\30 11\30氧气管\815\30 11.7801.K.815.963"
"30 11.7801.K.815.965","3","1","YES","VJMsg\30 11.7801.K.815.965 | VJMsg\30 11\30 11.7801\815\30 11.7801.K.815.965 | VJMsg\30 11\30氧气管\815\30 11.7801.K.815.965"
"30 11.7801.K.860.902","3","1","YES","VJMsg\30 11.7801.K.860.902 | VJMsg\30 11\30 11.7801\815\860\30 11.7801.K.860.902 | VJMsg\30 11\30氧气管\815\860\30 11.7801.K.860.902"
"30 11.7801.K.860.901","3","1","YES","VJMsg\30 11.7801.K.860.901 | VJMsg\30 11\30 11.7801\815\860\30 11.7801.K.860.901 | VJMsg\30 11\30氧气管\815\860\30 11.7801.K.860.901"
"30 11.7801.K.815.924","3","1","YES","VJMsg\30 11.7801.K.815.924 | VJMsg\30 11\30 11.7801\815\30 11.7801.K.815.924 | VJMsg\30 11\30氧气管\815\30 11.7801.K.815.924"
"30 11.7801.K.815.923","3","1","YES","VJMsg\30 11.7801.K.815.923 | VJMsg\30 11\30 11.7801\815\30 11.7801.K.815.923 | VJMsg\30 11\30氧气管\815\30 11.7801.K.815.923"
"30 11.7801.K.815.926","3","1","YES","VJMsg\30 11.7801.K.815.926 | VJMsg\30 11\30 11.7801\815\30 11.7801.K.815.926 | VJMsg\30 11\30氧气管\815\30 11.7801.K.815.926"
"30 11.7801.K.815.932","3","1","YES","VJMsg\30 11.7801.K.815.932 | VJMsg\30 11\30 11.7801\815\30 11.7801.K.815.932 | VJMsg\30 11\30氧气管\815\30 11.7801.K.815.932"
"30 11.7801.K.815.931","3","1","YES","VJMsg\30 11.7801.K.815.931 | VJMsg\30 11\30 11.7801\815\30 11.7801.K.815.931 | VJMsg\30 11\30氧气管\815\30 11.7801.K.815.931"
"30 11.7801.K.815.913","3","1","YES","VJMsg\30 11.7801.K.815.913 | VJMsg\30 11\30 11.7801\815\30 11.7801.K.815.913 | VJMsg\30 11\30氧气管\815\30 11.7801.K.815.913"
"30 11.7801.K.815.912","3","1","YES","VJMsg\30 11.7801.K.815.912 | VJMsg\30 11\30 11.7801\815\30 11.7801.K.815.912 | VJMsg\30 11\30氧气管\815\30 11.7801.K.815.912"
"30 11.7801.K.815.920","3","1","YES","VJMsg\30 11.7801.K.815.920 | VJMsg\30 11\30 11.7801\815\30 11.7801.K.815.920 | VJMsg\30 11\30氧气管\815\30 11.7801.K.815.920"
"30 11.7801.K.815.922","3","1","YES","VJMsg\30 11.7801.K.815.922 | VJMsg\30 11\30 11.7801\815\30 11.7801.K.815.922 | VJMsg\30 11\30氧气管\815\30 11.7801.K.815.922"
"30 11.7801.K.815.921","3","1","YES","VJMsg\30 11.7801.K.815.921 | VJMsg\30 11\30 11.7801\815\30 11.7801.K.815.921 | VJMsg\30 11\30氧气管\815\30 11.7801.K.815.921"
"30 11.7801.K.815.939","3","1","YES","VJMsg\30 11.7801.K.815.939 | VJMsg\30 11\30 11.7801\815\30 11.7801.K.815.939 | VJMsg\30 11\30氧气管\815\30 11.7801.K.815.939"
"30 11.7801.K.815.938","3","1","YES","VJMsg\30 11.7801.K.815.938 | VJMsg\30 11\30 11.7801\815\30 11.7801.K.815.938 | VJMsg\30 11\30氧气管\815\30 11.7801.K.815.938"
"30 11.7801.K.815.940","3","1","YES","VJMsg\30 11.7801.K.815.940 | VJMsg\30 11\30 11.7801\815\30 11.7801.K.815.940 | VJMsg\30 11\30氧气管\815\30 11.7801.K.815.940"
"30 11.7801.K.815.942","3","1","YES","VJMsg\30 11.7801.K.815.942 | VJMsg\30 11\30 11.7801\815\30 11.7801.K.815.942 | VJMsg\30 11\30氧气管\815\30 11.7801.K.815.942"
"30 11.7801.K.815.941","3","1","YES","VJMsg\30 11.7801.K.815.941 | VJMsg\30 11\30 11.7801\815\30 11.7801.K.815.941 | VJMsg\30 11\30氧气管\815\30 11.7801.K.815.941"
"30 11.7801.K.815.934","3","1","YES","VJMsg\30 11.7801.K.815.934 | VJMsg\30 11\30 11.7801\815\30 11.7801.K.815.934 | VJMsg\30 11\30氧气管\815\30 11.7801.K.815.934"
"30 11.7801.K.815.933","3","1","YES","VJMsg\30 11.7801.K.815.933 | VJMsg\30 11\30 11.7801\815\30 11.7801.K.815.933 | VJMsg\30 11\30氧气管\815\30 11.7801.K.815.933"
"30 11.7801.K.815.935","3","1","YES","VJMsg\30 11.7801.K.815.935 | VJMsg\30 11\30 11.7801\815\30 11.7801.K.815.935 | VJMsg\30 11\30氧气管\815\30 11.7801.K.815.935"
"30 11.7801.K.815.937","3","1","YES","VJMsg\30 11.7801.K.815.937 | VJMsg\30 11\30 11.7801\815\30 11.7801.K.815.937 | VJMsg\30 11\30氧气管\815\30 11.7801.K.815.937"
"30 11.7801.K.815.936","3","1","YES","VJMsg\30 11.7801.K.815.936 | VJMsg\30 11\30 11.7801\815\30 11.7801.K.815.936 | VJMsg\30 11\30氧气管\815\30 11.7801.K.815.936"
"J11B.6130.B.030.000","3","1","YES","VJMsg\J11B.6130.B.030.000 | VJMsg\J11B铝管\燃油管\6103\6130\J11B.6130.B.030.000 | VJMsg\J11B铝管\燃油管\6130\6130\新建文件夹\J11B.6130.B.030.000"
"J11B.6130.B.030.903","3","1","YES","VJMsg\J11B.6130.B.030.903 | VJMsg\J11B铝管\燃油管\6103\6130\J11B.6130.B.030.903 | VJMsg\J11B铝管\燃油管\6130\6130\J11B.6130.B.030.903"
"J11B.6130.B.030.904","3","1","YES","VJMsg\J11B.6130.B.030.904 | VJMsg\J11B铝管\燃油管\6103\6130\J11B.6130.B.030.904 | VJMsg\J11B铝管\燃油管\6130\6130\J11B.6130.B.030.904"
"J11B.6101.B.905.907","3","1","YES","VJMsg\J11B.6101.B.905.907 | VJMsg\7402.B\J11B.6101.B\J11B.6101.B.905.907 | VJMsg\J11B铝管\燃油管\J11B.6101.B\新建文件夹\新建文件夹\新建文件夹\J11B.6101.B.905.907"
"J11B.6100.B.980.905","3","2","NO","VJMsg\J11B.6100.B.980.905 | VJMsg\7402.B\J11B.6100.B\J11B.6100.B.980.905 | VJMsg\J11B铝管\燃油管\J11B.6100.B\J11B.6100.B.980.905"
"J11B.6101.B.510.905","3","1","YES","VJMsg\J11B.6101.B.510.905 | VJMsg\J11B铝管\燃油管\J11B.6101.B\新建文件夹\J11B.6101.B.510.905 | VJMsg\J11B铝管\燃油管\J11B.6101.B\新建文件夹\新建文件夹\J11B.6101.B.510.905"
"J11B.6101.B.905.903","3","1","YES","VJMsg\J11B.6101.B.905.903 | VJMsg\7402.B\J11B.6101.B\J11B.6101.B.905.903 | VJMsg\J11B铝管\燃油管\J11B.6101.B\新建文件夹\新建文件夹\新建文件夹\J11B.6101.B.905.903"
"J11B.6130.B.215.907","3","1","YES","VJMsg\J11B.6130.B.215.907 | VJMsg\J11B铝管\燃油管\6103\6130\J11B.6130.B.215.907 | VJMsg\J11B铝管\燃油管\6130\6130\J11B.6130.B.215.907"
"J11B.6130.B.875.915","3","1","YES","VJMsg\J11B.6130.B.875.915 | VJMsg\J11B铝管\燃油管\6103\6130\J11B.6130.B.875.915 | VJMsg\J11B铝管\燃油管\6130\J11B.6130.B.875.915"
"J11B.6130.B.875.916","3","1","YES","VJMsg\J11B.6130.B.875.916 | VJMsg\J11B铝管\燃油管\6103\6130\J11B.6130.B.875.916 | VJMsg\J11B铝管\燃油管\6130\J11B.6130.B.875.916"
"J11B.6130.B.215.000","3","1","YES","VJMsg\J11B.6130.B.215.000 | VJMsg\J11B铝管\燃油管\6103\6130\J11B.6130.B.215.000 | VJMsg\J11B铝管\燃油管\6130\6130\新建文件夹\J11B.6130.B.215.000"
"J11B.6130.B.055.000","3","1","YES","VJMsg\J11B.6130.B.055.000 | VJMsg\J11B铝管\燃油管\6103\6130\J11B.6130.B.055.000 | VJMsg\J11B铝管\燃油管\6130\6130\新建文件夹\J11B.6130.B.055.000"
"J11B.6130.B.055.912","3","1","YES","VJMsg\J11B.6130.B.055.912 | VJMsg\J11B铝管\燃油管\6103\6130\J11B.6130.B.055.912 | VJMsg\J11B铝管\燃油管\6130\6130\J11B.6130.B.055.912"
"J11B.6130.B.055.913","3","1","YES","VJMsg\J11B.6130.B.055.913 | VJMsg\J11B铝管\燃油管\6103\6130\J11B.6130.B.055.913 | VJMsg\J11B铝管\燃油管\6130\6130\J11B.6130.B.055.913"
"J11B.6100.B.891.001","3","1","YES","VJMsg\J11B.6100.B.891.001 | VJMsg\7402.B\J11B.6100.B\J11B.6100.B.891.001 | VJMsg\J11B铝管\燃油管\J11B.6100.B\新建文件夹\J11B.6100.B.891.001"
"J11B.6100.B.891.900","3","1","YES","VJMsg\J11B.6100.B.891.900 | VJMsg\7402.B\J11B.6100.B\J11B.6100.B.891.900 | VJMsg\J11B铝管\燃油管\J11B.6100.B\新建文件夹\J11B.6100.B.891.900"
"J11B.6100.B.897.900","3","1","YES","VJMsg\J11B.6100.B.897.900 | VJMsg\7402.B\J11B.6100.B\J11B.6100.B.897.900 | VJMsg\J11B铝管\燃油管\J11B.6100.B\新建文件夹\J11B.6100.B.897.900"
"J11B.6100.B.890.000","3","2","NO","VJMsg\J11B.6100.B.890.000 | VJMsg\7402.B\J11B.6100.B\J11B.6100.B.890.000 | VJMsg\J11B铝管\燃油管\J11B.6100.B\J11B.6100.B.890.000"
"J11B.6100.B.880.951","3","1","YES","VJMsg\J11B.6100.B.880.951 | VJMsg\7402.B\J11B.6100.B\J11B.6100.B.880.951 | VJMsg\J11B铝管\燃油管\J11B.6100.B\新建文件夹\新建文件夹\J11B.6100.B.880.951"
"J11B.6100.B.880.953","3","3","NO","VJMsg\J11B.6100.B.880.953 | VJMsg\7402.B\J11B.6100.B\J11B.6100.B.880.953 | VJMsg\J11B铝管\燃油管\J11B.6100.B\新建文件夹\新建文件夹\J11B.6100.B.880.953"
"J11B.6100.B.880.961","3","1","YES","VJMsg\J11B.6100.B.880.961 | VJMsg\7402.B\J11B.6100.B\J11B.6100.B.880.961 | VJMsg\J11B铝管\燃油管\J11B.6100.B\新建文件夹\新建文件夹\J11B.6100.B.880.961"
"J11B.6100.B.975.000","3","1","YES","VJMsg\J11B.6100.B.975.000 | VJMsg\7402.B\J11B.6100.B\J11B.6100.B.975.000 | VJMsg\J11B铝管\燃油管\J11B.6100.B\新建文件夹\J11B.6100.B.975.000"
"J11B.6100.B.975.903","3","2","NO","VJMsg\J11B.6100.B.975.903 | VJMsg\7402.B\J11B.6100.B\J11B.6100.B.975.903 | VJMsg\J11B铝管\燃油管\J11B.6100.B\J11B.6100.B.975.903"
"J11B.6100.B.980.000","3","1","YES","VJMsg\J11B.6100.B.980.000 | VJMsg\7402.B\J11B.6100.B\J11B.6100.B.980.000 | VJMsg\J11B铝管\燃油管\J11B.6100.B\新建文件夹\J11B.6100.B.980.000"
"J11B.6100.B.960.901","3","2","NO","VJMsg\J11B.6100.B.960.901 | VJMsg\7402.B\J11B.6100.B\J11B.6100.B.960.901 | VJMsg\J11B铝管\燃油管\J11B.6100.B\J11B.6100.B.960.901"
"J11B.6100.B.898.005","3","1","YES","VJMsg\J11B.6100.B.898.005 | VJMsg\7402.B\J11B.6100.B\J11B.6100.B.898.005 | VJMsg\J11B铝管\燃油管\J11B.6100.B\新建文件夹\J11B.6100.B.898.005"
"J11B.6100.B.898.900","3","1","YES","VJMsg\J11B.6100.B.898.900 | VJMsg\7402.B\J11B.6100.B\J11B.6100.B.898.900 | VJMsg\J11B铝管\燃油管\J11B.6100.B\新建文件夹\J11B.6100.B.898.900"
"J11B.6100.B.930.000","3","1","YES","VJMsg\J11B.6100.B.930.000 | VJMsg\7402.B\J11B.6100.B\J11B.6100.B.930.000 | VJMsg\J11B铝管\燃油管\J11B.6100.B\J11B.6100.B.930.000"
"J11B.6130.B.875.992","3","1","YES","VJMsg\J11B.6130.B.875.992 | VJMsg\J11B铝管\燃油管\6103\6130\J11B.6130.B.875.992 | VJMsg\J11B铝管\燃油管\6130\6130\新建文件夹\J11B.6130.B.875.992"
"J11B.6130.B.875.995","3","1","YES","VJMsg\J11B.6130.B.875.995 | VJMsg\J11B铝管\燃油管\6103\6130\J11B.6130.B.875.995 | VJMsg\J11B铝管\燃油管\6130\6130\新建文件夹\J11B.6130.B.875.995"
"J11B.6130.B.875.996","3","1","YES","VJMsg\J11B.6130.B.875.996 | VJMsg\J11B铝管\燃油管\6103\6130\J11B.6130.B.875.996 | VJMsg\J11B铝管\燃油管\6130\6130\新建文件夹\J11B.6130.B.875.996"
"J11B.6130.B.875.991","3","1","YES","VJMsg\J11B.6130.B.875.991 | VJMsg\J11B铝管\燃油管\6103\6130\J11B.6130.B.875.991 | VJMsg\J11B铝管\燃油管\6130\6130\新建文件夹\J11B.6130.B.875.991"
"J11B.6130.B.875.982","3","1","YES","VJMsg\J11B.6130.B.875.982 | VJMsg\J11B铝管\燃油管\6103\6130\J11B.6130.B.875.982 | VJMsg\J11B铝管\燃油管\6130\6130\新建文件夹\J11B.6130.B.875.982"
"J11B.6130.B.875.987","3","1","YES","VJMsg\J11B.6130.B.875.987 | VJMsg\J11B铝管\燃油管\6103\6130\J11B.6130.B.875.987 | VJMsg\J11B铝管\燃油管\6130\6130\新建文件夹\J11B.6130.B.875.987"
"J11B.6130.B.875.988","3","1","YES","VJMsg\J11B.6130.B.875.988 | VJMsg\J11B铝管\燃油管\6103\6130\J11B.6130.B.875.988 | VJMsg\J11B铝管\燃油管\6130\6130\新建文件夹\J11B.6130.B.875.988"
"J11B.6130.B.915.905","3","1","YES","VJMsg\J11B.6130.B.915.905 | VJMsg\J11B铝管\燃油管\6103\6130\J11B.6130.B.915.905 | VJMsg\J11B铝管\燃油管\6130\6130\J11B.6130.B.915.905"
"J11B.6170.B.055.901","3","1","YES","VJMsg\J11B.6170.B.055.901 | VJMsg\J11B钢管\QL\6170.B\J11B.6170.B.055.901 | VJMsg\J11B铝管\燃油管\6170.B\J11B.6170.B.055.901"
"J11B.6170.B.810.000","3","1","YES","VJMsg\J11B.6170.B.810.000 | VJMsg\J11B钢管\QL\6170.B\新建文件夹\J11B.6170.B.810.000 | VJMsg\J11B铝管\燃油管\6170.B\J11B.6170.B.810.000"
"J11B.6130.B.915.904","3","1","YES","VJMsg\J11B.6130.B.915.904 | VJMsg\J11B铝管\燃油管\6103\6130\J11B.6130.B.915.904 | VJMsg\J11B铝管\燃油管\6130\6130\J11B.6130.B.915.904"
"J11B.6130.B.880.000","3","1","YES","VJMsg\J11B.6130.B.880.000 | VJMsg\J11B铝管\燃油管\6103\6130\J11B.6130.B.880.000 | VJMsg\J11B铝管\燃油管\6130\6130\新建文件夹\J11B.6130.B.880.000"
"J11B.6130.B.880.902","3","1","YES","VJMsg\J11B.6130.B.880.902 | VJMsg\J11B铝管\燃油管\6103\6130\J11B.6130.B.880.902 | VJMsg\J11B铝管\燃油管\6130\6130\J11B.6130.B.880.902"
"J11B.6130.B.915.000","3","1","YES","VJMsg\J11B.6130.B.915.000 | VJMsg\J11B铝管\燃油管\6103\6130\J11B.6130.B.915.000 | VJMsg\J11B铝管\燃油管\6130\6130\新建文件夹\J11B.6130.B.915.000"
"J11B.6130.B.875.936","3","1","YES","VJMsg\J11B.6130.B.875.936 | VJMsg\J11B铝管\燃油管\6103\6130\J11B.6130.B.875.936 | VJMsg\J11B铝管\燃油管\6130\6130\新建文件夹\J11B.6130.B.875.936"
"J11B.6130.B.875.937","3","1","YES","VJMsg\J11B.6130.B.875.937 | VJMsg\J11B铝管\燃油管\6103\6130\J11B.6130.B.875.937 | VJMsg\J11B铝管\燃油管\6130\6130\新建文件夹\J11B.6130.B.875.937"
"J11B.6130.B.875.938","3","1","YES","VJMsg\J11B.6130.B.875.938 | VJMsg\J11B铝管\燃油管\6103\6130\J11B.6130.B.875.938 | VJMsg\J11B铝管\燃油管\6130\6130\新建文件夹\J11B.6130.B.875.938"
"J11B.6130.B.875.935","3","1","YES","VJMsg\J11B.6130.B.875.935 | VJMsg\J11B铝管\燃油管\6103\6130\J11B.6130.B.875.935 | VJMsg\J11B铝管\燃油管\6130\6130\新建文件夹\J11B.6130.B.875.935"
"J11B.6130.B.875.917","3","1","YES","VJMsg\J11B.6130.B.875.917 | VJMsg\J11B铝管\燃油管\6103\6130\J11B.6130.B.875.917 | VJMsg\J11B铝管\燃油管\6130\J11B.6130.B.875.917"
"J11B.6130.B.875.918","3","1","YES","VJMsg\J11B.6130.B.875.918 | VJMsg\J11B铝管\燃油管\6103\6130\J11B.6130.B.875.918 | VJMsg\J11B铝管\燃油管\6130\J11B.6130.B.875.918"
"J11B.6130.B.875.933","3","1","YES","VJMsg\J11B.6130.B.875.933 | VJMsg\J11B铝管\燃油管\6103\6130\J11B.6130.B.875.933 | VJMsg\J11B铝管\燃油管\6130\6130\新建文件夹\J11B.6130.B.875.933"
"J11B.6130.B.875.973","3","1","YES","VJMsg\J11B.6130.B.875.973 | VJMsg\J11B铝管\燃油管\6103\6130\J11B.6130.B.875.973 | VJMsg\J11B铝管\燃油管\6130\J11B.6130.B.875.973"
"J11B.6130.B.875.974","3","1","YES","VJMsg\J11B.6130.B.875.974 | VJMsg\J11B铝管\燃油管\6103\6130\J11B.6130.B.875.974 | VJMsg\J11B铝管\燃油管\6130\J11B.6130.B.875.974"
"J11B.6130.B.875.981","3","1","YES","VJMsg\J11B.6130.B.875.981 | VJMsg\J11B铝管\燃油管\6103\6130\J11B.6130.B.875.981 | VJMsg\J11B铝管\燃油管\6130\6130\新建文件夹\J11B.6130.B.875.981"
"J11B.6130.B.875.968","3","1","YES","VJMsg\J11B.6130.B.875.968 | VJMsg\J11B铝管\燃油管\6103\6130\J11B.6130.B.875.968 | VJMsg\J11B铝管\燃油管\6130\6130\新建文件夹\J11B.6130.B.875.968"
"J11B.6130.B.875.939","3","1","YES","VJMsg\J11B.6130.B.875.939 | VJMsg\J11B铝管\燃油管\6103\6130\J11B.6130.B.875.939 | VJMsg\J11B铝管\燃油管\6130\6130\新建文件夹\J11B.6130.B.875.939"
"J11B.6130.B.875.949","3","1","YES","VJMsg\J11B.6130.B.875.949 | VJMsg\J11B铝管\燃油管\6103\6130\J11B.6130.B.875.949 | VJMsg\J11B铝管\燃油管\6130\6130\新建文件夹\J11B.6130.B.875.949"
"J11B.6130.B.875.950","3","1","YES","VJMsg\J11B.6130.B.875.950 | VJMsg\J11B铝管\燃油管\6103\6130\J11B.6130.B.875.950 | VJMsg\J11B铝管\燃油管\6130\6130\新建文件夹\J11B.6130.B.875.950"
"J11B.5324.B.910.973","3","1","YES","VJMsg\J11B.5324.B.910.973 | VJMsg\J11B钢管\5324.B\910\J11B.5324.B.910.973 | VJMsg\J11B钢管\5324BQL\5324.B\910\J11B.5324.B.910.973"
"J11B.5324.B.910.975","3","1","YES","VJMsg\J11B.5324.B.910.975 | VJMsg\J11B钢管\5324.B\910\J11B.5324.B.910.975 | VJMsg\J11B钢管\5324BQL\5324.B\910\J11B.5324.B.910.975"
"J11B.5324.B.910.977","3","1","YES","VJMsg\J11B.5324.B.910.977 | VJMsg\J11B钢管\5324.B\910\J11B.5324.B.910.977 | VJMsg\J11B钢管\5324BQL\5324.B\910\J11B.5324.B.910.977"
"J11B.5324.B.910.964","3","1","YES","VJMsg\J11B.5324.B.910.964 | VJMsg\J11B钢管\5324.B\910\J11B.5324.B.910.964 | VJMsg\J11B钢管\5324BQL\5324.B\910\J11B.5324.B.910.964"
"J11B.5324.B.910.945","3","1","YES","VJMsg\J11B.5324.B.910.945 | VJMsg\J11B钢管\5324.B\910\J11B.5324.B.910.945 | VJMsg\J11B钢管\5324BQL\5324.B\910\J11B.5324.B.910.945"
"J11B.5324.B.910.946","3","1","YES","VJMsg\J11B.5324.B.910.946 | VJMsg\J11B钢管\5324.B\910\J11B.5324.B.910.946 | VJMsg\J11B钢管\5324BQL\5324.B\910\J11B.5324.B.910.946"
"J11B.5324.B.910.948","3","1","YES","VJMsg\J11B.5324.B.910.948 | VJMsg\J11B钢管\5324.B\910\J11B.5324.B.910.948 | VJMsg\J11B钢管\5324BQL\5324.B\910\J11B.5324.B.910.948"
"J11B.5324.B.910.991","3","1","YES","VJMsg\J11B.5324.B.910.991 | VJMsg\J11B钢管\5324.B\910\J11B.5324.B.910.991 | VJMsg\J11B钢管\5324BQL\5324.B\910\J11B.5324.B.910.991"
"J11B.5324.B.915.925","3","1","YES","VJMsg\J11B.5324.B.915.925 | VJMsg\J11B钢管\5324.B\915\J11B.5324.B.915.925 | VJMsg\J11B钢管\5324BQL\5324.B\915\J11B.5324.B.915.925"
"J11B.5324.B.915.927","3","1","YES","VJMsg\J11B.5324.B.915.927 | VJMsg\J11B钢管\5324.B\915\J11B.5324.B.915.927 | VJMsg\J11B钢管\5324BQL\5324.B\915\J11B.5324.B.915.927"
"J11B.5324.B.910.990","3","1","YES","VJMsg\J11B.5324.B.910.990 | VJMsg\J11B钢管\5324.B\910\J11B.5324.B.910.990 | VJMsg\J11B钢管\5324BQL\5324.B\910\J11B.5324.B.910.990"
"J11B.5324.B.910.978","3","1","YES","VJMsg\J11B.5324.B.910.978 | VJMsg\J11B钢管\5324.B\910\J11B.5324.B.910.978 | VJMsg\J11B钢管\5324BQL\5324.B\910\J11B.5324.B.910.978"
"J11B.5324.B.910.987","3","1","YES","VJMsg\J11B.5324.B.910.987 | VJMsg\J11B钢管\5324.B\910\J11B.5324.B.910.987 | VJMsg\J11B钢管\5324BQL\5324.B\910\J11B.5324.B.910.987"
"J11B.5324.B.910.988","3","1","YES","VJMsg\J11B.5324.B.910.988 | VJMsg\J11B钢管\5324.B\910\J11B.5324.B.910.988 | VJMsg\J11B钢管\5324BQL\5324.B\910\J11B.5324.B.910.988"
"J11B.5324.B.900.907","3","1","YES","VJMsg\J11B.5324.B.900.907 | VJMsg\J11B钢管\5324.B\900\J11B.5324.B.900.907 | VJMsg\J11B钢管\5324BQL\5324.B\900\J11B.5324.B.900.907"
"J11B.5324.B.900.908","3","1","YES","VJMsg\J11B.5324.B.900.908 | VJMsg\J11B钢管\5324.B\900\J11B.5324.B.900.908 | VJMsg\J11B钢管\5324BQL\5324.B\900\J11B.5324.B.900.908"
"J11B.5324.B.900.909","3","1","YES","VJMsg\J11B.5324.B.900.909 | VJMsg\J11B钢管\5324.B\900\J11B.5324.B.900.909 | VJMsg\J11B钢管\5324BQL\5324.B\900\J11B.5324.B.900.909"
"J11B.5324.B.900.906","3","1","YES","VJMsg\J11B.5324.B.900.906 | VJMsg\J11B钢管\5324.B\900\J11B.5324.B.900.906 | VJMsg\J11B钢管\5324BQL\5324.B\900\J11B.5324.B.900.906"
"J11B.5324.B.900.903","3","1","YES","VJMsg\J11B.5324.B.900.903 | VJMsg\J11B钢管\5324.B\900\J11B.5324.B.900.903 | VJMsg\J11B钢管\5324BQL\5324.B\900\J11B.5324.B.900.903"
"J11B.5324.B.900.904","3","1","YES","VJMsg\J11B.5324.B.900.904 | VJMsg\J11B钢管\5324.B\900\J11B.5324.B.900.904 | VJMsg\J11B钢管\5324BQL\5324.B\900\J11B.5324.B.900.904"
"J11B.5324.B.900.905","3","1","YES","VJMsg\J11B.5324.B.900.905 | VJMsg\J11B钢管\5324.B\900\J11B.5324.B.900.905 | VJMsg\J11B钢管\5324BQL\5324.B\900\J11B.5324.B.900.905"
"J11B.5324.B.910.908","3","1","YES","VJMsg\J11B.5324.B.910.908 | VJMsg\J11B钢管\5324.B\910\J11B.5324.B.910.908 | VJMsg\J11B钢管\5324BQL\5324.B\910\J11B.5324.B.910.908"
"J11B.5324.B.910.912","3","1","YES","VJMsg\J11B.5324.B.910.912 | VJMsg\J11B钢管\5324.B\910\J11B.5324.B.910.912 | VJMsg\J11B钢管\5324BQL\5324.B\910\J11B.5324.B.910.912"
"J11B.5324.B.910.943","3","1","YES","VJMsg\J11B.5324.B.910.943 | VJMsg\J11B钢管\5324.B\910\J11B.5324.B.910.943 | VJMsg\J11B钢管\5324BQL\5324.B\910\J11B.5324.B.910.943"
"J11B.5324.B.910.902","3","1","YES","VJMsg\J11B.5324.B.910.902 | VJMsg\J11B钢管\5324.B\910\J11B.5324.B.910.902 | VJMsg\J11B钢管\5324BQL\5324.B\910\J11B.5324.B.910.902"
"J11B.5324.B.900.910","3","2","NO","VJMsg\J11B.5324.B.900.910 | VJMsg\J11B钢管\5324.B\900\J11B.5324.B.900.910 | VJMsg\J11B钢管\5324BQL\5324.B\900\J11B.5324.B.900.910"
"J11B.5324.B.905.924","3","1","YES","VJMsg\J11B.5324.B.905.924 | VJMsg\J11B钢管\5324.B\905\J11B.5324.B.905.924 | VJMsg\J11B钢管\5324BQL\5324.B\905\J11B.5324.B.905.924"
"J11B.5324.B.905.931","3","1","YES","VJMsg\J11B.5324.B.905.931 | VJMsg\J11B钢管\5324.B\905\J11B.5324.B.905.931 | VJMsg\J11B钢管\5324BQL\5324.B\905\J11B.5324.B.905.931"
"J11B.6100.B.806.900","3","1","YES","VJMsg\J11B.6100.B.806.900 | VJMsg\7402.B\J11B.6100.B\J11B.6100.B.806.900 | VJMsg\J11B铝管\燃油管\J11B.6100.B\新建文件夹\J11B.6100.B.806.900"
"J11B.6100.B.820.901","3","1","YES","VJMsg\J11B.6100.B.820.901 | VJMsg\7402.B\J11B.6100.B\J11B.6100.B.820.901 | VJMsg\J11B铝管\燃油管\J11B.6100.B\J11B.6100.B.820.901"
"J11B.6100.B.825.901","3","2","NO","VJMsg\J11B.6100.B.825.901 | VJMsg\7402.B\J11B.6100.B\J11B.6100.B.825.901 | VJMsg\J11B铝管\燃油管\J11B.6100.B\J11B.6100.B.825.901"
"J11B.6100.B.803.900","3","1","YES","VJMsg\J11B.6100.B.803.900 | VJMsg\7402.B\J11B.6100.B\J11B.6100.B.803.900 | VJMsg\J11B铝管\燃油管\J11B.6100.B\新建文件夹\J11B.6100.B.803.900"
"J11B.6100.B.510.907","3","2","NO","VJMsg\J11B.6100.B.510.907 | VJMsg\7402.B\J11B.6100.B\J11B.6100.B.510.907 | VJMsg\J11B铝管\燃油管\J11B.6100.B\J11B.6100.B.510.907"
"J11B.6100.B.515.000","3","2","NO","VJMsg\J11B.6100.B.515.000 | VJMsg\7402.B\J11B.6100.B\J11B.6100.B.515.000 | VJMsg\J11B铝管\燃油管\J11B.6100.B\J11B.6100.B.515.000"
"J11B.6100.B.575.937","3","1","YES","VJMsg\J11B.6100.B.575.937 | VJMsg\7402.B\J11B.6100.B\J11B.6100.B.575.937 | VJMsg\J11B铝管\燃油管\J11B.6100.B\新建文件夹\J11B.6100.B.575.937"
"J11B.6100.B.860.000","3","1","YES","VJMsg\J11B.6100.B.860.000 | VJMsg\7402.B\J11B.6100.B\J11B.6100.B.860.000 | VJMsg\J11B铝管\燃油管\J11B.6100.B\新建文件夹\J11B.6100.B.860.000"
"J11B.6100.B.875.969","3","2","NO","VJMsg\J11B.6100.B.875.969 | VJMsg\7402.B\J11B.6100.B\J11B.6100.B.875.969 | VJMsg\J11B钢管\QL\燃油\J11B.6100.B.875.969"
"J11B.6100.B.880.941","3","1","YES","VJMsg\J11B.6100.B.880.941 | VJMsg\7402.B\J11B.6100.B\J11B.6100.B.880.941 | VJMsg\J11B铝管\燃油管\J11B.6100.B\新建文件夹\J11B.6100.B.880.941"
"J11B.6100.B.857.900","3","1","YES","VJMsg\J11B.6100.B.857.900 | VJMsg\7402.B\J11B.6100.B\J11B.6100.B.857.900 | VJMsg\J11B铝管\燃油管\J11B.6100.B\新建文件夹\J11B.6100.B.857.900"
"J11B.6100.B.856.003","3","1","YES","VJMsg\J11B.6100.B.856.003 | VJMsg\7402.B\J11B.6100.B\J11B.6100.B.856.003 | VJMsg\J11B铝管\燃油管\J11B.6100.B\新建文件夹\J11B.6100.B.856.003"
"J11B.6100.B.856.900","3","1","YES","VJMsg\J11B.6100.B.856.900 | VJMsg\7402.B\J11B.6100.B\J11B.6100.B.856.900 | VJMsg\J11B铝管\燃油管\J11B.6100.B\新建文件夹\J11B.6100.B.856.900"
"J11B.6100.B.857.011","3","1","YES","VJMsg\J11B.6100.B.857.011 | VJMsg\7402.B\J11B.6100.B\J11B.6100.B.857.011 | VJMsg\J11B铝管\燃油管\J11B.6100.B\新建文件夹\J11B.6100.B.857.011"
"J11B.5324.B.915.948","3","1","YES","VJMsg\J11B.5324.B.915.948 | VJMsg\J11B钢管\5324.B\915\J11B.5324.B.915.948 | VJMsg\J11B钢管\5324BQL\5324.B\915\J11B.5324.B.915.948"
"J11B.5324.B.915.955","3","1","YES","VJMsg\J11B.5324.B.915.955 | VJMsg\J11B钢管\5324.B\915\J11B.5324.B.915.955 | VJMsg\J11B钢管\5324BQL\5324.B\915\J11B.5324.B.915.955"
"J11B.5324.B.915.961","3","1","YES","VJMsg\J11B.5324.B.915.961 | VJMsg\J11B钢管\5324.B\915\J11B.5324.B.915.961 | VJMsg\J11B钢管\5324BQL\5324.B\915\J11B.5324.B.915.961"
"J11B.5324.B.915.946","3","1","YES","VJMsg\J11B.5324.B.915.946 | VJMsg\J11B钢管\5324.B\915\J11B.5324.B.915.946 | VJMsg\J11B钢管\5324BQL\5324.B\915\J11B.5324.B.915.946"
"J11B.5324.B.915.931","3","1","YES","VJMsg\J11B.5324.B.915.931 | VJMsg\J11B钢管\5324.B\915\J11B.5324.B.915.931 | VJMsg\J11B钢管\5324BQL\5324.B\915\J11B.5324.B.915.931"
"J11B.5324.B.915.936","3","1","YES","VJMsg\J11B.5324.B.915.936 | VJMsg\J11B钢管\5324.B\915\J11B.5324.B.915.936 | VJMsg\J11B钢管\5324BQL\5324.B\915\J11B.5324.B.915.936"
"J11B.5324.B.915.939","3","1","YES","VJMsg\J11B.5324.B.915.939 | VJMsg\J11B钢管\5324.B\915\J11B.5324.B.915.939 | VJMsg\J11B钢管\5324BQL\5324.B\915\J11B.5324.B.915.939"
"J11B.6100.B.015.901","3","1","YES","VJMsg\J11B.6100.B.015.901 | VJMsg\7402.B\J11B.6100.B\J11B.6100.B.015.901 | VJMsg\J11B铝管\燃油管\J11B.6100.B\新建文件夹\J11B.6100.B.015.901"
"J11B.6100.B.075.000","3","2","NO","VJMsg\J11B.6100.B.075.000 | VJMsg\7402.B\J11B.6100.B\J11B.6100.B.075.000 | VJMsg\J11B铝管\燃油管\J11B.6100.B\J11B.6100.B.075.000"
"J11B.6100.B.505.000","3","2","NO","VJMsg\J11B.6100.B.505.000 | VJMsg\7402.B\J11B.6100.B\J11B.6100.B.505.000 | VJMsg\J11B铝管\燃油管\J11B.6100.B\J11B.6100.B.505.000"
"J11B.5324.B.915.969","3","1","YES","VJMsg\J11B.5324.B.915.969 | VJMsg\J11B钢管\5324.B\915\J11B.5324.B.915.969 | VJMsg\J11B钢管\5324BQL\5324.B\915\J11B.5324.B.915.969"
"J11B.5324.B.915.962","3","1","YES","VJMsg\J11B.5324.B.915.962 | VJMsg\J11B钢管\5324.B\915\J11B.5324.B.915.962 | VJMsg\J11B钢管\5324BQL\5324.B\915\J11B.5324.B.915.962"
"J11B.5324.B.915.963","3","1","YES","VJMsg\J11B.5324.B.915.963 | VJMsg\J11B钢管\5324.B\915\J11B.5324.B.915.963 | VJMsg\J11B钢管\5324BQL\5324.B\915\J11B.5324.B.915.963"
"J11B.5324.B.915.964","3","1","YES","VJMsg\J11B.5324.B.915.964 | VJMsg\J11B钢管\5324.B\915\J11B.5324.B.915.964 | VJMsg\J11B钢管\5324BQL\5324.B\915\J11B.5324.B.915.964"
"J11B.6170.B.825.000","3","3","NO","VJMsg\J11B.6170.B.825.000 | VJMsg\J11B钢管\QL\6170.B\J11B.6170.B.825.000 | VJMsg\J11B铝管\燃油管\6170.B\J11B.6170.B.825.000"
"J11BS.7402.A.060.909","3","1","YES","VJMsg\J11BS.7402.A.060.909 | VJMsg\J11BS.7420.A\7402.A\J11BS.7402.A.060.909 | VJMsg\J11B铝管\7402.A\J11BS.7402.A.060.909"
"J11BS.7402.A.060.925","3","1","YES","VJMsg\J11BS.7402.A.060.925 | VJMsg\J11BS.7420.A\7402.A\J11BS.7402.A.060.925 | VJMsg\J11B铝管\7402.A\J11BS.7402.A.060.925"
"J11BS.7402.A.060.929","3","1","YES","VJMsg\J11BS.7402.A.060.929 | VJMsg\J11BS.7420.A\7402.A\J11BS.7402.A.060.929 | VJMsg\J11B铝管\7402.A\J11BS.7402.A.060.929"
"J11BS.7402.A.060.907","3","1","YES","VJMsg\J11BS.7402.A.060.907 | VJMsg\J11BS.7420.A\7402.A\J11BS.7402.A.060.907 | VJMsg\J11B铝管\7402.A\J11BS.7402.A.060.907"
"J11BS.5324.A.505.922","3","1","YES","VJMsg\J11BS.5324.A.505.922 | VJMsg\11B红牌\TLJ11BS\J11BS.5324.A.505.922 | VJMsg\J11B钢管\QL\5334.A\5324.A\505\J11BS.5324.A.505.922"
"J11BS.5324.A.505.928","3","2","NO","VJMsg\J11BS.5324.A.505.928 | VJMsg\J11B钢管\QL\5334.A\5324.A\505\J11BS.5324.A.505.928 | VJMsg\J11B铝管\J11BS.5324.A.505.928"
"J11BS.7401.A.790.000","3","2","NO","VJMsg\J11BS.7401.A.790.000 | VJMsg\J11B铝管\J11BS空调管浅灰细\J11BS.7401.A.790.000 | VJMsg\玻璃棉\J11BS玻璃棉\J11BS.7401.A.790.000"
"J11BS.7402.A.875.000","3","1","YES","VJMsg\J11BS.7402.A.875.000 | VJMsg\J11B铝管\J11BS空调管浅灰粗\J11BS.7402.A.875.000 | VJMsg\玻璃棉\J11BS玻璃棉\J11BS.7402.A.875.000"
"J11BS.7420.A.910.965","3","1","YES","VJMsg\J11BS.7420.A.910.965 | VJMsg\J11BS.7420.A\J11BS.7420.A.910.965 | VJMsg\J11B铝管\7420.A\新建文件夹\J11BS.7420.A.910.965"
"J11BS.7420.A.910.966","3","1","YES","VJMsg\J11BS.7420.A.910.966 | VJMsg\J11BS.7420.A\J11BS.7420.A.910.966 | VJMsg\J11B铝管\7420.A\新建文件夹\J11BS.7420.A.910.966"
"J11BS.7402.A.060.949","3","1","YES","VJMsg\J11BS.7402.A.060.949 | VJMsg\J11BS.7420.A\7402.A\J11BS.7402.A.060.949 | VJMsg\J11B铝管\7402.A\J11BS.7402.A.060.949"
"J11BS.7402.A.060.933","3","1","YES","VJMsg\J11BS.7402.A.060.933 | VJMsg\J11BS.7420.A\7402.A\J11BS.7402.A.060.933 | VJMsg\J11B铝管\7402.A\J11BS.7402.A.060.933"
"J11BS.7402.A.060.937","3","1","YES","VJMsg\J11BS.7402.A.060.937 | VJMsg\J11BS.7420.A\7402.A\J11BS.7402.A.060.937 | VJMsg\J11B铝管\7402.A\J11BS.7402.A.060.937"
"J11BS.7402.A.060.941","3","1","YES","VJMsg\J11BS.7402.A.060.941 | VJMsg\J11BS.7420.A\7402.A\J11BS.7402.A.060.941 | VJMsg\J11B铝管\7402.A\J11BS.7402.A.060.941"
"J11BS.0795.A.020.908","3","1","YES","VJMsg\J11BS.0795.A.020.908 | VJMsg\J11B钢管\0795.A\J11BS.0795.A.020.908 | VJMsg\J11B钢管\QL\0795.A\J11BS.0795.A.020.908"
"J11BS.0795.A.020.912","3","1","YES","VJMsg\J11BS.0795.A.020.912 | VJMsg\J11B钢管\0795.A\J11BS.0795.A.020.912 | VJMsg\J11B钢管\QL\0795.A\J11BS.0795.A.020.912"
"J11BS.0795.A.020.918","3","1","YES","VJMsg\J11BS.0795.A.020.918 | VJMsg\J11B钢管\0795.A\J11BS.0795.A.020.918 | VJMsg\J11B钢管\QL\0795.A\J11BS.0795.A.020.918"
"J11B.7698.B.015.000","3","1","YES","VJMsg\J11B.7698.B.015.000 | VJMsg\J11B铝管\J11BS空调管浅灰粗\J11B.7698.B.015.000 | VJMsg\J11B铝管\J11B空调管\J11B.7698.B.015.000"
"J11B.7603.B.935.000","3","1","YES","VJMsg\J11B.7603.B.935.000 | VJMsg\7402.B\7603.B\J11B.7603.B.935.000 | VJMsg\J11B铝管\J11B空调管\J11B.7603.B.935.000"
"J11B.7604.B.845.000","3","1","YES","VJMsg\J11B.7604.B.845.000 | VJMsg\玻璃棉\J11BS玻璃棉\GGBLM\J11B.7604.B.845.000 | VJMsg\玻璃棉\J11B玻璃棉\GG\J11B.7604.B.845.000"
"J11B.7604.B.850.000","3","1","YES","VJMsg\J11B.7604.B.850.000 | VJMsg\玻璃棉\J11BS玻璃棉\GGBLM\J11B.7604.B.850.000 | VJMsg\玻璃棉\J11B玻璃棉\GG\J11B.7604.B.850.000"
"J11BS.5314.A.010.957","3","1","YES","VJMsg\J11BS.5314.A.010.957 | VJMsg\J11B钢管\5314.B.035\5314.A\010\J11BS.5314.A.010.957 | VJMsg\J11B铝管\5314\J11BS.5314.A.010.957"
"J11BS.5314.A.010.958","3","1","YES","VJMsg\J11BS.5314.A.010.958 | VJMsg\J11B钢管\5314.B.035\5314.A\010\J11BS.5314.A.010.958 | VJMsg\J11B铝管\5314\J11BS.5314.A.010.958"
"J11BS.5324.A.505.921","3","1","YES","VJMsg\J11BS.5324.A.505.921 | VJMsg\11B红牌\TLJ11BS\J11BS.5324.A.505.921 | VJMsg\J11B钢管\QL\5334.A\5324.A\505\J11BS.5324.A.505.921"
"J11BS.5314.A.010.956","3","1","YES","VJMsg\J11BS.5314.A.010.956 | VJMsg\J11B钢管\5314.B.035\5314.A\010\J11BS.5314.A.010.956 | VJMsg\J11B铝管\5314\J11BS.5314.A.010.956"
"J11BS.0795.A.020.920","3","1","YES","VJMsg\J11BS.0795.A.020.920 | VJMsg\J11B钢管\0795.A\J11BS.0795.A.020.920 | VJMsg\J11B钢管\QL\0795.A\J11BS.0795.A.020.920"
"J11BS.0795.A.020.922","3","1","YES","VJMsg\J11BS.0795.A.020.922 | VJMsg\J11B钢管\0795.A\J11BS.0795.A.020.922 | VJMsg\J11B钢管\QL\0795.A\J11BS.0795.A.020.922"
"J11BS.5314.A.010.948","3","2","NO","VJMsg\J11BS.5314.A.010.948 | VJMsg\J11B钢管\5314.B.035\5314.A\010\J11BS.5314.A.010.948 | VJMsg\J11B铝管\5314\J11BS.5314.A.010.948"
"953","3","3","NO","VJMsg\30 11\30 11.5314\045\953 | VJMsg\30 11\30 11.5314\815\953 | VJMsg\J11B钢管\QL\5334.B\315\953"
"982","3","3","NO","VJMsg\30 11\30 11.5314\045\982 | VJMsg\30 11\30 11.5314\815\982 | VJMsg\30 11\30 11.5324\900\982"
"933","3","3","NO","VJMsg\30 11\30 11.5314\700\LGHLV\933 | VJMsg\30 11\30 11.5324\700\933 | VJMsg\30 11\30 11.5324\900\933"
"913","3","3","NO","VJMsg\30 11\30 11.5314\040\913 | VJMsg\30 11\30 11.5314\700\913 | VJMsg\J11B钢管\5314.B.035\035\913"
"J11BS.7601.A.850.000","3","1","YES","VJMsg\J11BS.7601.A.850.000 | VJMsg\J11BS.7420.A\J11BS.7601.A\J11BS.7601.A.850.000 | VJMsg\J11B铝管\J11BS空调管浅灰细\J11BS.7601.A.850.000"
"J11BS.7698.A.065.000","3","1","YES","VJMsg\J11BS.7698.A.065.000 | VJMsg\J11BS.7420.A\J11BS.7601.A\J11BS.7698.A.065.000 | VJMsg\J11B铝管\J11BS空调管浅灰细\J11BS.7698.A.065.000"
"907","3","3","NO","VJMsg\30 11\30 11.5314\040\907 | VJMsg\30 11\30 11.5324\045\907 | VJMsg\J11B钢管\QL\5334.A\5324.A\655\907"
"B.615.905","3","1","YES","VJMsg\J11B钢管\5314.B.035\035\615\B.615.905 | VJMsg\J11B钢管\5314.B.035\220\615\B.615.905 | VJMsg\J11B钢管\5314.B.035\615\B.615.905"
"996  2","3","1","YES","VJMsg\J11B钢管\5314.B.035\035\720\996  2 | VJMsg\J11B钢管\5314.B.035\220\720\996  2 | VJMsg\J11B钢管\5314.B.035\720\996  2"
"B620700Z001101","3","2","NO","VJMsg\无人机\B620700Z001101 | VJMsg\无人机\液压油\B620700Z001101 | VJMsg\无人机\深灰\B620700Z001101"
"96","3","1","YES","VJMsg\J11B钢管\5314.B.035\035\330\96 | VJMsg\J11B钢管\5314.B.035\220\330\96 | VJMsg\J11B钢管\5314.B.035\330\96"
"977","3","2","NO","VJMsg\30 11\30 11.5314\815\977 | VJMsg\J11B钢管\5324.B\910\910LV\977 | VJMsg\J11B钢管\5324BQL\5324.B\新建文件夹\5324褐10\977"
"935","3","3","NO","VJMsg\30 11\30 11.5324\900\935 | VJMsg\J11B钢管\QL\5334.A\5324.A\010\935 | VJMsg\J11B钢管\QL\5334.B\315\935"
"955","3","2","NO","VJMsg\30 11\30 11.5324\900\955 | VJMsg\J11B钢管\5324.B\915\915LV\955 | VJMsg\J11B钢管\5324BQL\5324.B\新建文件夹\5324褐14\955"
"J11BS.7420.A.910.985","3","1","YES","VJMsg\J11BS.7420.A.910.985 | VJMsg\J11BS.7420.A\J11BS.7420.A.910.985 | VJMsg\J11B铝管\7420.A\新建文件夹\J11BS.7420.A.910.985"
"J11BS.7601.A.050.901","3","1","YES","VJMsg\J11BS.7601.A.050.901 | VJMsg\J11BS.7420.A\J11BS.7601.A\J11BS.7601.A.050.901 | VJMsg\结构部空调管\J11BS.7601.A.050.901"
"J11BS.7601.A.050.902","3","1","YES","VJMsg\J11BS.7601.A.050.902 | VJMsg\J11BS.7420.A\J11BS.7601.A\J11BS.7601.A.050.902 | VJMsg\结构部空调管\J11BS.7601.A.050.902"
"J11BS.7420.A.910.978","3","1","YES","VJMsg\J11BS.7420.A.910.978 | VJMsg\J11BS.7420.A\J11BS.7420.A.910.978 | VJMsg\J11B铝管\7420.A\新建文件夹\J11BS.7420.A.910.978"
"J11BS.7420.A.910.970","3","1","YES","VJMsg\J11BS.7420.A.910.970 | VJMsg\J11BS.7420.A\J11BS.7420.A.910.970 | VJMsg\J11B铝管\7420.A\新建文件夹\J11BS.7420.A.910.970"
"J11BS.7420.A.910.975","3","1","YES","VJMsg\J11BS.7420.A.910.975 | VJMsg\J11BS.7420.A\J11BS.7420.A.910.975 | VJMsg\J11B铝管\7420.A\新建文件夹\J11BS.7420.A.910.975"
"J11BS.7420.A.910.976","3","1","YES","VJMsg\J11BS.7420.A.910.976 | VJMsg\J11BS.7420.A\J11BS.7420.A.910.976 | VJMsg\J11B铝管\7420.A\新建文件夹\J11BS.7420.A.910.976"
"J11BS.7601.A.665.000","3","1","YES","VJMsg\J11BS.7601.A.665.000 | VJMsg\J11BS.7420.A\J11BS.7601.A\J11BS.7601.A.665.000 | VJMsg\结构部空调管\J11BS.7601.A.665.000"
"J11BS.7601.A.715.000","3","2","NO","VJMsg\J11BS.7601.A.715.000 | VJMsg\J11BS.7420.A\J11BS.7601.A\J11BS.7601.A.715.000 | VJMsg\玻璃棉\J11BS玻璃棉\J11BS.7601.A.715.000"
"J11BS.7601.A.720.905","3","1","YES","VJMsg\J11BS.7601.A.720.905 | VJMsg\J11BS.7420.A\J11BS.7601.A\J11BS.7601.A.720.905 | VJMsg\玻璃棉\J11BS玻璃棉\GGBLM\J11BS.7601.A.720.905"
"J11BS.7601.A.660.902","3","1","YES","VJMsg\J11BS.7601.A.660.902 | VJMsg\J11BS.7420.A\J11BS.7601.A\J11BS.7601.A.660.902 | VJMsg\结构部空调管\J11BS.7601.A.660.902"
"J11BS.7601.A.060.000","3","1","YES","VJMsg\J11BS.7601.A.060.000 | VJMsg\J11BS.7420.A\7402.A\J11BS.7601.A.060.000 | VJMsg\J11BS.7420.A\J11BS.7601.A\J11BS.7601.A.060.000"
"J11BS.7601.A.070.000","3","1","YES","VJMsg\J11BS.7601.A.070.000 | VJMsg\J11BS.7420.A\J11BS.7601.A\J11BS.7601.A.070.000 | VJMsg\J11B铝管\J11BS空调管浅灰粗\J11BS.7601.A.070.000"
"J11BS.7601.A.660.901","3","2","NO","VJMsg\J11BS.7601.A.660.901 | VJMsg\J11BS.7420.A\J11BS.7601.A\J11BS.7601.A.660.901 | VJMsg\结构部空调管\J11BS.7601.A.660.901"
"J11B.6170.B.860.000","3","2","NO","VJMsg\J11B.6170.B.860.000 | VJMsg\J11B钢管\QL\6170.B\J11B.6170.B.860.000 | VJMsg\J11B铝管\燃油管\6170.B\J11B.6170.B.860.000"
"J11B.6170.B.880.931","3","1","YES","VJMsg\J11B.6170.B.880.931 | VJMsg\J11B钢管\QL\6170.B\J11B.6170.B.880.931 | VJMsg\J11B铝管\燃油管\6170.B\J11B.6170.B.880.931"
"J11B.6170.B.890.000","3","1","YES","VJMsg\J11B.6170.B.890.000 | VJMsg\J11B钢管\QL\6170.B\新建文件夹\J11B.6170.B.890.000 | VJMsg\J11B铝管\燃油管\6170.B\J11B.6170.B.890.000"
"J11B.6170.B.840.921","3","1","YES","VJMsg\J11B.6170.B.840.921 | VJMsg\J11B钢管\QL\6170.B\J11B.6170.B.840.921 | VJMsg\J11B铝管\燃油管\6170.B\J11B.6170.B.840.921"
"J11B.6170.B.835.977","3","1","YES","VJMsg\J11B.6170.B.835.977 | VJMsg\J11B钢管\QL\6170.B\J11B.6170.B.835.977 | VJMsg\J11B铝管\燃油管\6170.B\J11B.6170.B.835.977"
"J11B.6170.B.840.913","3","1","YES","VJMsg\J11B.6170.B.840.913 | VJMsg\J11B钢管\QL\6170.B\J11B.6170.B.840.913 | VJMsg\J11B铝管\燃油管\6170.B\J11B.6170.B.840.913"
"J11B.6170.B.840.919","3","1","YES","VJMsg\J11B.6170.B.840.919 | VJMsg\J11B钢管\QL\6170.B\J11B.6170.B.840.919 | VJMsg\J11B铝管\燃油管\6170.B\J11B.6170.B.840.919"
"J11B.6600.B.940.911","3","1","YES","VJMsg\J11B.6600.B.940.911 | VJMsg\7402.B\6600.B\J11B.6600.B.940.911 | VJMsg\J11B钢管\QL\6600.B\J11B.6600.B.940.911"
"J11B.6600.B.945.903","3","1","YES","VJMsg\J11B.6600.B.945.903 | VJMsg\7402.B\6600.B\J11B.6600.B.945.903 | VJMsg\J11B钢管\QL\6600.B\J11B.6600.B.945.903"
"J11B.6600.B.945.904","3","1","YES","VJMsg\J11B.6600.B.945.904 | VJMsg\7402.B\6600.B\J11B.6600.B.945.904 | VJMsg\J11B钢管\QL\6600.B\J11B.6600.B.945.904"
"J11B.6600.B.940.902","3","1","YES","VJMsg\J11B.6600.B.940.902 | VJMsg\7402.B\6600.B\J11B.6600.B.940.902 | VJMsg\J11B钢管\QL\6600.B\J11B.6600.B.940.902"
"J11B.6600.B.070.905","3","1","YES","VJMsg\J11B.6600.B.070.905 | VJMsg\7402.B\6600.B\J11B.6600.B.070.905 | VJMsg\J11B钢管\QL\6600.B\J11B.6600.B.070.905"
"J11B.6600.B.070.907","3","1","YES","VJMsg\J11B.6600.B.070.907 | VJMsg\7402.B\6600.B\J11B.6600.B.070.907 | VJMsg\J11B钢管\QL\6600.B\J11B.6600.B.070.907"
"J11B.6600.B.095.000","3","1","YES","VJMsg\J11B.6600.B.095.000 | VJMsg\7402.B\6600.B\J11B.6600.B.095.000 | VJMsg\J11B钢管\QL\6600.B\J11B.6600.B.095.000"
"J11B.6170.B.830.941","3","1","YES","VJMsg\J11B.6170.B.830.941 | VJMsg\J11B钢管\QL\6170.B\J11B.6170.B.830.941 | VJMsg\J11B铝管\燃油管\6170.B\J11B.6170.B.830.941"
"J11B.6170.B.830.943","3","1","YES","VJMsg\J11B.6170.B.830.943 | VJMsg\J11B钢管\QL\6170.B\J11B.6170.B.830.943 | VJMsg\J11B铝管\燃油管\6170.B\J11B.6170.B.830.943"
"J11B.6170.B.830.985","3","1","YES","VJMsg\J11B.6170.B.830.985 | VJMsg\J11B钢管\QL\6170.B\J11B.6170.B.830.985 | VJMsg\J11B铝管\燃油管\6170.B\J11B.6170.B.830.985"
"J11B.6170.B.830.937","3","1","YES","VJMsg\J11B.6170.B.830.937 | VJMsg\J11B钢管\QL\6170.B\J11B.6170.B.830.937 | VJMsg\J11B铝管\燃油管\6170.B\J11B.6170.B.830.937"
"J11B.6170.B.830.903","3","1","YES","VJMsg\J11B.6170.B.830.903 | VJMsg\J11B钢管\QL\6170.B\J11B.6170.B.830.903 | VJMsg\J11B铝管\燃油管\6170.B\J11B.6170.B.830.903"
"J11B.6170.B.830.907","3","1","YES","VJMsg\J11B.6170.B.830.907 | VJMsg\J11B钢管\QL\6170.B\J11B.6170.B.830.907 | VJMsg\J11B铝管\燃油管\6170.B\J11B.6170.B.830.907"
"J11B.6170.B.830.935","3","1","YES","VJMsg\J11B.6170.B.830.935 | VJMsg\J11B钢管\QL\6170.B\J11B.6170.B.830.935 | VJMsg\J11B铝管\燃油管\6170.B\J11B.6170.B.830.935"
"J11B.6170.B.835.955","3","1","YES","VJMsg\J11B.6170.B.835.955 | VJMsg\J11B钢管\QL\6170.B\J11B.6170.B.835.955 | VJMsg\J11B铝管\燃油管\6170.B\J11B.6170.B.835.955"
"J11B.6170.B.835.957","3","2","NO","VJMsg\J11B.6170.B.835.957 | VJMsg\J11B钢管\QL\6170.B\J11B.6170.B.835.957 | VJMsg\J11B铝管\燃油管\6170.B\J11B.6170.B.835.957"
"J11B.6170.B.835.964","3","1","YES","VJMsg\J11B.6170.B.835.964 | VJMsg\J11B钢管\QL\6170.B\J11B.6170.B.835.964 | VJMsg\J11B铝管\燃油管\6170.B\J11B.6170.B.835.964"
"J11B.6170.B.835.951","3","1","YES","VJMsg\J11B.6170.B.835.951 | VJMsg\J11B钢管\QL\6170.B\J11B.6170.B.835.951 | VJMsg\J11B铝管\燃油管\6170.B\J11B.6170.B.835.951"
"J11B.6170.B.835.933","3","1","YES","VJMsg\J11B.6170.B.835.933 | VJMsg\J11B钢管\QL\6170.B\J11B.6170.B.835.933 | VJMsg\J11B铝管\燃油管\6170.B\J11B.6170.B.835.933"
"J11B.6170.B.835.943","3","1","YES","VJMsg\J11B.6170.B.835.943 | VJMsg\J11B钢管\QL\6170.B\J11B.6170.B.835.943 | VJMsg\J11B铝管\燃油管\6170.B\J11B.6170.B.835.943"
"J11B.6170.B.835.948","3","1","YES","VJMsg\J11B.6170.B.835.948 | VJMsg\J11B钢管\QL\6170.B\J11B.6170.B.835.948 | VJMsg\J11B铝管\燃油管\6170.B\J11B.6170.B.835.948"
"J11B.7601.B.340.000","3","1","YES","VJMsg\J11B.7601.B.340.000 | VJMsg\7402.B\BLM\J11B.7601.B\J11B.7601.B.340.000 | VJMsg\J11B铝管\7601\J11B.7601.B.340.000"
"J11B.7601.B.485.000","3","1","YES","VJMsg\J11B.7601.B.485.000 | VJMsg\7402.B\BLM\J11B.7601.B\J11B.7601.B.485.000 | VJMsg\玻璃棉\J11B玻璃棉\J11B.7601.B.485.000"
"J11B.7601.B.670.000","3","1","YES","VJMsg\J11B.7601.B.670.000 | VJMsg\7402.B\BLM\J11B.7601.B\J11B.7601.B.670.000 | VJMsg\玻璃棉\J11B玻璃棉\GG\J11B.7601.B.670.000"
"J11B.7601.B.315.000","3","1","YES","VJMsg\J11B.7601.B.315.000 | VJMsg\7402.B\BLM\J11B.7601.B\J11B.7601.B.315.000 | VJMsg\J11B铝管\7601\J11B.7601.B.315.000"
"J11B.7402.B.305.000","3","1","YES","VJMsg\J11B.7402.B.305.000 | VJMsg\7402.B\J11B.7402.B\J11B.7402.B.305.000 | VJMsg\玻璃棉\J11B玻璃棉\J11B.7402.B\J11B.7402.B.305.000"
"J11B.7402.B.805.000","3","1","YES","VJMsg\J11B.7402.B.805.000 | VJMsg\7402.B\J11B.7402.B\J11B.7402.B.805.000 | VJMsg\玻璃棉\J11B玻璃棉\J11B.7402.B\J11B.7402.B.805.000"
"J11B.7601.B.300.000","3","1","YES","VJMsg\J11B.7601.B.300.000 | VJMsg\7402.B\BLM\J11B.7601.B\J11B.7601.B.300.000 | VJMsg\J11B铝管\7601\J11B.7601.B.300.000"
"J11B.7601.B.970.000","3","1","YES","VJMsg\J11B.7601.B.970.000 | VJMsg\7402.B\BLM\J11B.7601.B\J11B.7601.B.970.000 | VJMsg\J11B铝管\7601\J11B.7601.B.970.000"
"J11B.7601.B.990.000","3","1","YES","VJMsg\J11B.7601.B.990.000 | VJMsg\7402.B\BLM\J11B.7601.B\J11B.7601.B.990.000 | VJMsg\J11B铝管\7601\J11B.7601.B.990.000"
"J11B.7603.B.825.000","3","3","NO","VJMsg\J11B.7603.B.825.000 | VJMsg\7402.B\7603.B\J11B.7603.B.825.000 | VJMsg\J11B钢管\新建文件夹\J11B.7603.B.825.000"
"J11B.7601.B.750.902","3","1","YES","VJMsg\J11B.7601.B.750.902 | VJMsg\7402.B\BLM\J11B.7601.B\J11B.7601.B.750.902 | VJMsg\结构部空调管\J11B.7601.B.750.902"
"J11B.7601.B.720.903","3","2","NO","VJMsg\J11B.7601.B.720.903 | VJMsg\7402.B\BLM\J11B.7601.B\J11B.7601.B.720.903 | VJMsg\J11B钢管\J11B.7601.B.720.903"
"J11B.7601.B.720.907","3","2","NO","VJMsg\J11B.7601.B.720.907 | VJMsg\7402.B\BLM\J11B.7601.B\J11B.7601.B.720.907 | VJMsg\J11B钢管\J11B.7601.B.720.907"
"J11B.7601.B.750.901","3","1","YES","VJMsg\J11B.7601.B.750.901 | VJMsg\7402.B\BLM\J11B.7601.B\J11B.7601.B.750.901 | VJMsg\结构部空调管\J11B.7601.B.750.901"
"J11B.6600.B.960.906","3","1","YES","VJMsg\J11B.6600.B.960.906 | VJMsg\7402.B\6600.B\J11B.6600.B.960.906 | VJMsg\J11B钢管\QL\6600.B\J11B.6600.B.960.906"
"J11B.6600.B.970.904","3","1","YES","VJMsg\J11B.6600.B.970.904 | VJMsg\7402.B\6600.B\J11B.6600.B.970.904 | VJMsg\J11B钢管\QL\6600.B\J11B.6600.B.970.904"
"J11B.7402.B.045.000","3","1","YES","VJMsg\J11B.7402.B.045.000 | VJMsg\7402.B\J11B.7402.B\J11B.7402.B.045.000 | VJMsg\玻璃棉\J11B玻璃棉\J11B.7402.B\J11B.7402.B.045.000"
"J11B.6600.B.960.905","3","1","YES","VJMsg\J11B.6600.B.960.905 | VJMsg\7402.B\6600.B\J11B.6600.B.960.905 | VJMsg\J11B钢管\QL\6600.B\J11B.6600.B.960.905"
"J11B.6600.B.950.000","3","1","YES","VJMsg\J11B.6600.B.950.000 | VJMsg\7402.B\6600.B\J11B.6600.B.950.000 | VJMsg\J11B钢管\QL\6600.B\J11B.6600.B.950.000"
"J11B.6600.B.950.904","3","1","YES","VJMsg\J11B.6600.B.950.904 | VJMsg\7402.B\6600.B\J11B.6600.B.950.904 | VJMsg\J11B钢管\QL\6600.B\J11B.6600.B.950.904"
"J11B.6600.B.950.923","3","1","YES","VJMsg\J11B.6600.B.950.923 | VJMsg\7402.B\6600.B\J11B.6600.B.950.923 | VJMsg\J11B钢管\QL\6600.B\J11B.6600.B.950.923"
"J11B.7402.B.180.000","3","1","YES","VJMsg\J11B.7402.B.180.000 | VJMsg\7402.B\J11B.7402.B\J11B.7402.B.180.000 | VJMsg\玻璃棉\J11B玻璃棉\J11B.7402.B\J11B.7402.B.180.000"
"J11B.7402.B.240.000","3","1","YES","VJMsg\J11B.7402.B.240.000 | VJMsg\7402.B\J11B.7402.B\J11B.7402.B.240.000 | VJMsg\玻璃棉\J11B玻璃棉\J11B.7402.B\J11B.7402.B.240.000"
"J11B.7402.B.285.000","3","1","YES","VJMsg\J11B.7402.B.285.000 | VJMsg\7402.B\J11B.7402.B\J11B.7402.B.285.000 | VJMsg\玻璃棉\J11B玻璃棉\J11B.7402.B\J11B.7402.B.285.000"
"J11B.7402.B.140.000","3","1","YES","VJMsg\J11B.7402.B.140.000 | VJMsg\7402.B\J11B.7402.B\J11B.7402.B.140.000 | VJMsg\玻璃棉\J11B玻璃棉\J11B.7402.B\J11B.7402.B.140.000"
"J11B.7402.B.070.000","3","1","YES","VJMsg\J11B.7402.B.070.000 | VJMsg\7402.B\J11B.7402.B\J11B.7402.B.070.000 | VJMsg\玻璃棉\J11B玻璃棉\J11B.7402.B\J11B.7402.B.070.000"
"J11B.7402.B.085.901","3","1","YES","VJMsg\J11B.7402.B.085.901 | VJMsg\7402.B\J11B.7402.B\J11B.7402.B.085.901 | VJMsg\玻璃棉\J11B玻璃棉\J11B.7402.B\J11B.7402.B.085.901"
"J11B.7402.B.085.912","3","1","YES","VJMsg\J11B.7402.B.085.912 | VJMsg\7402.B\J11B.7402.B\J11B.7402.B.085.912 | VJMsg\玻璃棉\J11B玻璃棉\J11B.7402.B\J11B.7402.B.085.912"
"J11B.5324.B.225.913","3","1","YES","VJMsg\J11B.5324.B.225.913 | VJMsg\J11B钢管\5324.B\225\J11B.5324.B.225.913 | VJMsg\J11B钢管\5324BQL\5324.B\225\J11B.5324.B.225.913"
"J11B.5324.B.225.914","3","1","YES","VJMsg\J11B.5324.B.225.914 | VJMsg\J11B钢管\5324.B\225\J11B.5324.B.225.914 | VJMsg\J11B钢管\5324BQL\5324.B\225\J11B.5324.B.225.914"
"J11B.5324.B.225.933","3","1","YES","VJMsg\J11B.5324.B.225.933 | VJMsg\J11B钢管\5324.B\225\J11B.5324.B.225.933 | VJMsg\J11B钢管\5324BQL\5324.B\225\J11B.5324.B.225.933"
"J11B.5324.B.225.903","3","1","YES","VJMsg\J11B.5324.B.225.903 | VJMsg\J11B钢管\5324.B\225\J11B.5324.B.225.903 | VJMsg\J11B钢管\5324BQL\5324.B\225\J11B.5324.B.225.903"
"J11B.5324.B.220.967","3","1","YES","VJMsg\J11B.5324.B.220.967 | VJMsg\J11B钢管\5324.B\220\J11B.5324.B.220.967 | VJMsg\J11B钢管\5324BQL\5324.B\220\J11B.5324.B.220.967"
"J11B.5324.B.220.968","3","1","YES","VJMsg\J11B.5324.B.220.968 | VJMsg\J11B钢管\5324.B\220\J11B.5324.B.220.968 | VJMsg\J11B钢管\5324BQL\5324.B\220\J11B.5324.B.220.968"
"J11B.5324.B.225.901","3","1","YES","VJMsg\J11B.5324.B.225.901 | VJMsg\J11B钢管\5324.B\225\J11B.5324.B.225.901 | VJMsg\J11B钢管\5324BQL\5324.B\225\J11B.5324.B.225.901"
"J11B.5324.B.225.946","3","1","YES","VJMsg\J11B.5324.B.225.946 | VJMsg\J11B钢管\5324.B\225\J11B.5324.B.225.946 | VJMsg\J11B钢管\5324BQL\5324.B\225\J11B.5324.B.225.946"
"J11B.5324.B.225.956","3","1","YES","VJMsg\J11B.5324.B.225.956 | VJMsg\J11B钢管\5324.B\225\J11B.5324.B.225.956 | VJMsg\J11B钢管\5324BQL\5324.B\225\J11B.5324.B.225.956"
"J11B.5324.B.225.958","3","1","YES","VJMsg\J11B.5324.B.225.958 | VJMsg\J11B钢管\5324.B\225\J11B.5324.B.225.958 | VJMsg\J11B钢管\5324BQL\5324.B\225\J11B.5324.B.225.958"
"J11B.5324.B.225.937","3","2","NO","VJMsg\J11B.5324.B.225.937 | VJMsg\J11B钢管\5324.B\225\J11B.5324.B.225.937 | VJMsg\J11B钢管\5324BQL\5324.B\225\J11B.5324.B.225.937"
"J11B.5324.B.225.934","3","1","YES","VJMsg\J11B.5324.B.225.934 | VJMsg\J11B钢管\5324.B\225\J11B.5324.B.225.934 | VJMsg\J11B钢管\5324BQL\5324.B\225\J11B.5324.B.225.934"
"J11B.5324.B.225.935","3","1","YES","VJMsg\J11B.5324.B.225.935 | VJMsg\J11B钢管\5324.B\225\J11B.5324.B.225.935 | VJMsg\J11B钢管\5324BQL\5324.B\225\J11B.5324.B.225.935"
"J11B.5324.B.225.936","3","1","YES","VJMsg\J11B.5324.B.225.936 | VJMsg\J11B钢管\5324.B\225\J11B.5324.B.225.936 | VJMsg\J11B钢管\5324BQL\5324.B\225\J11B.5324.B.225.936"
"J11B.5324.B.220.957","3","1","YES","VJMsg\J11B.5324.B.220.957 | VJMsg\J11B钢管\5324.B\220\J11B.5324.B.220.957 | VJMsg\J11B钢管\5324BQL\5324.B\220\J11B.5324.B.220.957"
"J11B.5324.B.220.958","3","1","YES","VJMsg\J11B.5324.B.220.958 | VJMsg\J11B钢管\5324.B\220\J11B.5324.B.220.958 | VJMsg\J11B钢管\5324BQL\5324.B\220\J11B.5324.B.220.958"
"J11B.5324.B.220.959","3","1","YES","VJMsg\J11B.5324.B.220.959 | VJMsg\J11B钢管\5324.B\220\J11B.5324.B.220.959 | VJMsg\J11B钢管\5324BQL\5324.B\220\J11B.5324.B.220.959"
"J11B.5324.B.220.956","3","1","YES","VJMsg\J11B.5324.B.220.956 | VJMsg\J11B钢管\5324.B\220\J11B.5324.B.220.956 | VJMsg\J11B钢管\5324BQL\5324.B\220\J11B.5324.B.220.956"
"J11B.5324.B.220.948","3","1","YES","VJMsg\J11B.5324.B.220.948 | VJMsg\J11B钢管\5324.B\220\J11B.5324.B.220.948 | VJMsg\J11B钢管\5324BQL\5324.B\220\J11B.5324.B.220.948"
"J11B.5324.B.220.951","3","1","YES","VJMsg\J11B.5324.B.220.951 | VJMsg\J11B钢管\5324.B\220\J11B.5324.B.220.951 | VJMsg\J11B钢管\5324BQL\5324.B\220\J11B.5324.B.220.951"
"J11B.5324.B.220.955","3","1","YES","VJMsg\J11B.5324.B.220.955 | VJMsg\J11B钢管\5324.B\220\J11B.5324.B.220.955 | VJMsg\J11B钢管\5324BQL\5324.B\220\J11B.5324.B.220.955"
"J11B.5324.B.220.964","3","1","YES","VJMsg\J11B.5324.B.220.964 | VJMsg\J11B钢管\5324.B\220\J11B.5324.B.220.964 | VJMsg\J11B钢管\5324BQL\5324.B\220\J11B.5324.B.220.964"
"J11B.5324.B.220.965","3","1","YES","VJMsg\J11B.5324.B.220.965 | VJMsg\J11B钢管\5324.B\220\J11B.5324.B.220.965 | VJMsg\J11B钢管\5324BQL\5324.B\220\J11B.5324.B.220.965"
"J11B.5324.B.220.966","3","1","YES","VJMsg\J11B.5324.B.220.966 | VJMsg\J11B钢管\5324.B\220\J11B.5324.B.220.966 | VJMsg\J11B钢管\5324BQL\5324.B\220\J11B.5324.B.220.966"
"J11B.5324.B.220.963","3","1","YES","VJMsg\J11B.5324.B.220.963 | VJMsg\J11B钢管\5324.B\220\J11B.5324.B.220.963 | VJMsg\J11B钢管\5324BQL\5324.B\220\J11B.5324.B.220.963"
"J11B.5324.B.220.960","3","1","YES","VJMsg\J11B.5324.B.220.960 | VJMsg\J11B钢管\5324.B\220\J11B.5324.B.220.960 | VJMsg\J11B钢管\5324BQL\5324.B\220\J11B.5324.B.220.960"
"J11B.5324.B.220.961","3","1","YES","VJMsg\J11B.5324.B.220.961 | VJMsg\J11B钢管\5324.B\220\J11B.5324.B.220.961 | VJMsg\J11B钢管\5324BQL\5324.B\220\J11B.5324.B.220.961"
"J11B.5324.B.220.962","3","1","YES","VJMsg\J11B.5324.B.220.962 | VJMsg\J11B钢管\5324.B\220\J11B.5324.B.220.962 | VJMsg\J11B钢管\5324BQL\5324.B\220\J11B.5324.B.220.962"
"J11B.5324.B.325.964","3","1","YES","VJMsg\J11B.5324.B.325.964 | VJMsg\J11B钢管\5324.B\325\J11B.5324.B.325.964 | VJMsg\J11B钢管\5324BQL\5324.B\325\J11B.5324.B.325.964"
"J11B.5324.B.325.966","3","1","YES","VJMsg\J11B.5324.B.325.966 | VJMsg\J11B钢管\5324.B\325\J11B.5324.B.325.966 | VJMsg\J11B钢管\5324BQL\5324.B\325\J11B.5324.B.325.966"
"J11B.5324.B.325.972","3","1","YES","VJMsg\J11B.5324.B.325.972 | VJMsg\J11B钢管\5324.B\325\J11B.5324.B.325.972 | VJMsg\J11B钢管\5324BQL\5324.B\325\J11B.5324.B.325.972"
"J11B.5324.B.325.963","3","1","YES","VJMsg\J11B.5324.B.325.963 | VJMsg\J11B钢管\5324.B\325\J11B.5324.B.325.963 | VJMsg\J11B钢管\5324BQL\5324.B\325\J11B.5324.B.325.963"
"J11B.5324.B.325.958","3","1","YES","VJMsg\J11B.5324.B.325.958 | VJMsg\J11B钢管\5324.B\325\J11B.5324.B.325.958 | VJMsg\J11B钢管\5324BQL\5324.B\325\J11B.5324.B.325.958"
"J11B.5324.B.325.960","3","1","YES","VJMsg\J11B.5324.B.325.960 | VJMsg\J11B钢管\5324.B\325\J11B.5324.B.325.960 | VJMsg\J11B钢管\5324BQL\5324.B\325\J11B.5324.B.325.960"
"J11B.5324.B.325.961","3","1","YES","VJMsg\J11B.5324.B.325.961 | VJMsg\J11B钢管\5324.B\325\J11B.5324.B.325.961 | VJMsg\J11B钢管\5324BQL\5324.B\325\J11B.5324.B.325.961"
"J11B.5324.B.445.905","3","1","YES","VJMsg\J11B.5324.B.445.905 | VJMsg\J11B钢管\5324.B\445\J11B.5324.B.445.905 | VJMsg\J11B钢管\5324BQL\5324.B\445\J11B.5324.B.445.905"
"J11B.5324.B.445.906","3","1","YES","VJMsg\J11B.5324.B.445.906 | VJMsg\J11B钢管\5324.B\445\J11B.5324.B.445.906 | VJMsg\J11B钢管\5324BQL\5324.B\445\J11B.5324.B.445.906"
"J11B.5324.B.445.907","3","1","YES","VJMsg\J11B.5324.B.445.907 | VJMsg\J11B钢管\5324.B\445\J11B.5324.B.445.907 | VJMsg\J11B钢管\5324BQL\5324.B\445\J11B.5324.B.445.907"
"J11B.5324.B.325.980","3","1","YES","VJMsg\J11B.5324.B.325.980 | VJMsg\J11B钢管\5324.B\325\J11B.5324.B.325.980 | VJMsg\J11B钢管\5324BQL\5324.B\325\J11B.5324.B.325.980"
"J11B.5324.B.325.975","3","1","YES","VJMsg\J11B.5324.B.325.975 | VJMsg\J11B钢管\5324.B\325\J11B.5324.B.325.975 | VJMsg\J11B钢管\5324BQL\5324.B\325\J11B.5324.B.325.975"
"J11B.5324.B.325.977","3","1","YES","VJMsg\J11B.5324.B.325.977 | VJMsg\J11B钢管\5324.B\325\J11B.5324.B.325.977 | VJMsg\J11B钢管\5324BQL\5324.B\325\J11B.5324.B.325.977"
"J11B.5324.B.325.979","3","1","YES","VJMsg\J11B.5324.B.325.979 | VJMsg\J11B钢管\5324.B\325\J11B.5324.B.325.979 | VJMsg\J11B钢管\5324BQL\5324.B\325\J11B.5324.B.325.979"
"J11B.5324.B.225.966","3","1","YES","VJMsg\J11B.5324.B.225.966 | VJMsg\J11B钢管\5324.B\225\J11B.5324.B.225.966 | VJMsg\J11B钢管\5324BQL\5324.B\225\J11B.5324.B.225.966"
"J11B.5324.B.225.967","3","1","YES","VJMsg\J11B.5324.B.225.967 | VJMsg\J11B钢管\5324.B\225\J11B.5324.B.225.967 | VJMsg\J11B钢管\5324BQL\5324.B\225\J11B.5324.B.225.967"
"J11B.5324.B.225.968","3","1","YES","VJMsg\J11B.5324.B.225.968 | VJMsg\J11B钢管\5324.B\225\J11B.5324.B.225.968 | VJMsg\J11B钢管\5324BQL\5324.B\225\J11B.5324.B.225.968"
"J11B.5324.B.225.963","3","1","YES","VJMsg\J11B.5324.B.225.963 | VJMsg\J11B钢管\5324.B\225\J11B.5324.B.225.963 | VJMsg\J11B钢管\5324BQL\5324.B\225\J11B.5324.B.225.963"
"J11B.5324.B.225.960","3","1","YES","VJMsg\J11B.5324.B.225.960 | VJMsg\J11B钢管\5324.B\225\J11B.5324.B.225.960 | VJMsg\J11B钢管\5324BQL\5324.B\225\J11B.5324.B.225.960"
"J11B.5324.B.225.961","3","1","YES","VJMsg\J11B.5324.B.225.961 | VJMsg\J11B钢管\5324.B\225\J11B.5324.B.225.961 | VJMsg\J11B钢管\5324BQL\5324.B\225\J11B.5324.B.225.961"
"J11B.5324.B.225.962","3","1","YES","VJMsg\J11B.5324.B.225.962 | VJMsg\J11B钢管\5324.B\225\J11B.5324.B.225.962 | VJMsg\J11B钢管\5324BQL\5324.B\225\J11B.5324.B.225.962"
"J11B.5324.B.325.950","3","1","YES","VJMsg\J11B.5324.B.325.950 | VJMsg\J11B钢管\5324.B\325\J11B.5324.B.325.950 | VJMsg\J11B钢管\5324BQL\5324.B\325\J11B.5324.B.325.950"
"J11B.5324.B.325.956","3","1","YES","VJMsg\J11B.5324.B.325.956 | VJMsg\J11B钢管\5324.B\325\J11B.5324.B.325.956 | VJMsg\J11B钢管\5324BQL\5324.B\325\J11B.5324.B.325.956"
"J11B.5324.B.325.957","3","1","YES","VJMsg\J11B.5324.B.325.957 | VJMsg\J11B钢管\5324.B\325\J11B.5324.B.325.957 | VJMsg\J11B钢管\5324BQL\5324.B\325\J11B.5324.B.325.957"
"J11B.5324.B.325.926","3","1","YES","VJMsg\J11B.5324.B.325.926 | VJMsg\J11B钢管\5324.B\325\J11B.5324.B.325.926 | VJMsg\J11B钢管\5324BQL\5324.B\325\J11B.5324.B.325.926"
"J11B.5324.B.225.970","3","1","YES","VJMsg\J11B.5324.B.225.970 | VJMsg\J11B钢管\5324.B\225\J11B.5324.B.225.970 | VJMsg\J11B钢管\5324BQL\5324.B\225\J11B.5324.B.225.970"
"J11B.5324.B.225.979","3","1","YES","VJMsg\J11B.5324.B.225.979 | VJMsg\J11B钢管\5324.B\225\J11B.5324.B.225.979 | VJMsg\J11B钢管\5324BQL\5324.B\225\J11B.5324.B.225.979"
"J11B.5324.B.325.910","3","1","YES","VJMsg\J11B.5324.B.325.910 | VJMsg\J11B钢管\5324.B\325\J11B.5324.B.325.910 | VJMsg\J11B钢管\5324BQL\5324.B\325\J11B.5324.B.325.910"
"J11B.5324.B.030.965","3","1","YES","VJMsg\J11B.5324.B.030.965 | VJMsg\J11B钢管\5324.B\030\J11B.5324.B.030.965 | VJMsg\J11B钢管\5324BQL\5324.B\030\J11B.5324.B.030.965"
"J11B.5324.B.030.966","3","1","YES","VJMsg\J11B.5324.B.030.966 | VJMsg\J11B钢管\5324.B\030\J11B.5324.B.030.966 | VJMsg\J11B钢管\5324BQL\5324.B\030\J11B.5324.B.030.966"
"J11B.5324.B.030.969","3","1","YES","VJMsg\J11B.5324.B.030.969 | VJMsg\J11B钢管\5324.B\030\J11B.5324.B.030.969 | VJMsg\J11B钢管\5324BQL\5324.B\030\J11B.5324.B.030.969"
"J11B.5324.B.030.964","3","1","YES","VJMsg\J11B.5324.B.030.964 | VJMsg\J11B钢管\5324.B\030\J11B.5324.B.030.964 | VJMsg\J11B钢管\5324BQL\5324.B\030\J11B.5324.B.030.964"
"J11B.5324.B.030.941","3","1","YES","VJMsg\J11B.5324.B.030.941 | VJMsg\J11B钢管\5324.B\030\J11B.5324.B.030.941 | VJMsg\J11B钢管\5324BQL\5324.B\030\J11B.5324.B.030.941"
"J11B.5324.B.030.957","3","1","YES","VJMsg\J11B.5324.B.030.957 | VJMsg\J11B钢管\5324.B\030\J11B.5324.B.030.957 | VJMsg\J11B钢管\5324BQL\5324.B\030\J11B.5324.B.030.957"
"J11B.5324.B.030.959","3","1","YES","VJMsg\J11B.5324.B.030.959 | VJMsg\J11B钢管\5324.B\030\J11B.5324.B.030.959 | VJMsg\J11B钢管\5324BQL\5324.B\030\J11B.5324.B.030.959"
"J11B.5324.B.035.901","3","1","YES","VJMsg\J11B.5324.B.035.901 | VJMsg\J11B钢管\5324.B\035\J11B.5324.B.035.901 | VJMsg\J11B钢管\5324BQL\5324.B\035\J11B.5324.B.035.901"
"J11B.5324.B.035.902","3","1","YES","VJMsg\J11B.5324.B.035.902 | VJMsg\J11B钢管\5324.B\035\J11B.5324.B.035.902 | VJMsg\J11B钢管\5324BQL\5324.B\035\J11B.5324.B.035.902"
"J11B.5324.B.035.903","3","2","NO","VJMsg\J11B.5324.B.035.903 | VJMsg\J11B钢管\5324.B\035\J11B.5324.B.035.903 | VJMsg\J11B钢管\5324BQL\5324.B\035\J11B.5324.B.035.903"
"J11B.5324.B.030.985","3","1","YES","VJMsg\J11B.5324.B.030.985 | VJMsg\J11B钢管\5324.B\030\J11B.5324.B.030.985 | VJMsg\J11B钢管\5324BQL\5324.B\030\J11B.5324.B.030.985"
"J11B.5324.B.030.971","3","1","YES","VJMsg\J11B.5324.B.030.971 | VJMsg\J11B钢管\5324.B\030\J11B.5324.B.030.971 | VJMsg\J11B钢管\5324BQL\5324.B\030\J11B.5324.B.030.971"
"J11B.5324.B.030.983","3","1","YES","VJMsg\J11B.5324.B.030.983 | VJMsg\J11B钢管\5324.B\030\J11B.5324.B.030.983 | VJMsg\J11B钢管\5324BQL\5324.B\030\J11B.5324.B.030.983"
"J11B.5324.B.030.984","3","1","YES","VJMsg\J11B.5324.B.030.984 | VJMsg\J11B钢管\5324.B\030\J11B.5324.B.030.984 | VJMsg\J11B钢管\5324BQL\5324.B\030\J11B.5324.B.030.984"
"J11B.5324.B.030.912","3","1","YES","VJMsg\J11B.5324.B.030.912 | VJMsg\J11B钢管\5324.B\030\J11B.5324.B.030.912 | VJMsg\J11B钢管\5324BQL\5324.B\030\J11B.5324.B.030.912"
"J11B.5324.B.030.914","3","1","YES","VJMsg\J11B.5324.B.030.914 | VJMsg\J11B钢管\5324.B\030\J11B.5324.B.030.914 | VJMsg\J11B钢管\5324BQL\5324.B\030\J11B.5324.B.030.914"
"J11B.5324.B.030.920","3","1","YES","VJMsg\J11B.5324.B.030.920 | VJMsg\J11B钢管\5324.B\030\J11B.5324.B.030.920 | VJMsg\J11B钢管\5324BQL\5324.B\030\J11B.5324.B.030.920"
"J11B.5324.B.030.907","3","1","YES","VJMsg\J11B.5324.B.030.907 | VJMsg\J11B钢管\5324.B\030\J11B.5324.B.030.907 | VJMsg\J11B钢管\5324BQL\5324.B\030\J11B.5324.B.030.907"
"J11B.5324.B.030.901","3","1","YES","VJMsg\J11B.5324.B.030.901 | VJMsg\J11B钢管\5324.B\030\J11B.5324.B.030.901 | VJMsg\J11B钢管\5324BQL\5324.B\030\J11B.5324.B.030.901"
"J11B.5324.B.030.902","3","1","YES","VJMsg\J11B.5324.B.030.902 | VJMsg\J11B钢管\5324.B\030\J11B.5324.B.030.902 | VJMsg\J11B钢管\5324BQL\5324.B\030\J11B.5324.B.030.902"
"J11B.5324.B.030.903","3","1","YES","VJMsg\J11B.5324.B.030.903 | VJMsg\J11B钢管\5324.B\030\J11B.5324.B.030.903 | VJMsg\J11B钢管\5324BQL\5324.B\030\J11B.5324.B.030.903"
"J11B.5324.B.030.937","3","1","YES","VJMsg\J11B.5324.B.030.937 | VJMsg\J11B钢管\5324.B\030\J11B.5324.B.030.937 | VJMsg\J11B钢管\5324BQL\5324.B\030\J11B.5324.B.030.937"
"J11B.5324.B.030.938","3","1","YES","VJMsg\J11B.5324.B.030.938 | VJMsg\J11B钢管\5324.B\030\J11B.5324.B.030.938 | VJMsg\J11B钢管\5324BQL\5324.B\030\J11B.5324.B.030.938"
"J11B.5324.B.030.940","3","1","YES","VJMsg\J11B.5324.B.030.940 | VJMsg\J11B钢管\5324.B\030\J11B.5324.B.030.940 | VJMsg\J11B钢管\5324BQL\5324.B\030\J11B.5324.B.030.940"
"J11B.5324.B.030.936","3","1","YES","VJMsg\J11B.5324.B.030.936 | VJMsg\J11B钢管\5324.B\030\J11B.5324.B.030.936 | VJMsg\J11B钢管\5324BQL\5324.B\030\J11B.5324.B.030.936"
"J11B.5324.B.030.921","3","1","YES","VJMsg\J11B.5324.B.030.921 | VJMsg\J11B钢管\5324.B\030\J11B.5324.B.030.921 | VJMsg\J11B钢管\5324BQL\5324.B\030\J11B.5324.B.030.921"
"J11B.5324.B.030.922","3","1","YES","VJMsg\J11B.5324.B.030.922 | VJMsg\J11B钢管\5324.B\030\J11B.5324.B.030.922 | VJMsg\J11B钢管\5324BQL\5324.B\030\J11B.5324.B.030.922"
"J11B.5324.B.030.928","3","1","YES","VJMsg\J11B.5324.B.030.928 | VJMsg\J11B钢管\5324.B\030\J11B.5324.B.030.928 | VJMsg\J11B钢管\5324BQL\5324.B\030\J11B.5324.B.030.928"
"J11B.5324.B.220.920","3","1","YES","VJMsg\J11B.5324.B.220.920 | VJMsg\J11B钢管\5324.B\220\J11B.5324.B.220.920 | VJMsg\J11B钢管\5324BQL\5324.B\220\J11B.5324.B.220.920"
"J11B.5324.B.220.921","3","1","YES","VJMsg\J11B.5324.B.220.921 | VJMsg\J11B钢管\5324.B\220\J11B.5324.B.220.921 | VJMsg\J11B钢管\5324BQL\5324.B\220\J11B.5324.B.220.921"
"J11B.5324.B.220.922","3","1","YES","VJMsg\J11B.5324.B.220.922 | VJMsg\J11B钢管\5324.B\220\J11B.5324.B.220.922 | VJMsg\J11B钢管\5324BQL\5324.B\220\J11B.5324.B.220.922"
"J11B.5324.B.220.918","3","1","YES","VJMsg\J11B.5324.B.220.918 | VJMsg\J11B钢管\5324.B\220\J11B.5324.B.220.918 | VJMsg\J11B钢管\5324BQL\5324.B\220\J11B.5324.B.220.918"
"J11B.5324.B.220.915","3","1","YES","VJMsg\J11B.5324.B.220.915 | VJMsg\J11B钢管\5324.B\220\J11B.5324.B.220.915 | VJMsg\J11B钢管\5324BQL\5324.B\220\J11B.5324.B.220.915"
"J11B.5324.B.220.916","3","1","YES","VJMsg\J11B.5324.B.220.916 | VJMsg\J11B钢管\5324.B\220\J11B.5324.B.220.916 | VJMsg\J11B钢管\5324BQL\5324.B\220\J11B.5324.B.220.916"
"J11B.5324.B.220.917","3","1","YES","VJMsg\J11B.5324.B.220.917 | VJMsg\J11B钢管\5324.B\220\J11B.5324.B.220.917 | VJMsg\J11B钢管\5324BQL\5324.B\220\J11B.5324.B.220.917"
"J11B.5324.B.220.937","3","1","YES","VJMsg\J11B.5324.B.220.937 | VJMsg\J11B钢管\5324.B\220\J11B.5324.B.220.937 | VJMsg\J11B钢管\5324BQL\5324.B\220\J11B.5324.B.220.937"
"J11B.5324.B.220.939","3","1","YES","VJMsg\J11B.5324.B.220.939 | VJMsg\J11B钢管\5324.B\220\J11B.5324.B.220.939 | VJMsg\J11B钢管\5324BQL\5324.B\220\J11B.5324.B.220.939"
"J11B.5324.B.220.940","3","1","YES","VJMsg\J11B.5324.B.220.940 | VJMsg\J11B钢管\5324.B\220\J11B.5324.B.220.940 | VJMsg\J11B钢管\5324BQL\5324.B\220\J11B.5324.B.220.940"
"J11B.5324.B.220.936","3","1","YES","VJMsg\J11B.5324.B.220.936 | VJMsg\J11B钢管\5324.B\220\J11B.5324.B.220.936 | VJMsg\J11B钢管\5324BQL\5324.B\220\J11B.5324.B.220.936"
"J11B.5324.B.220.925","3","1","YES","VJMsg\J11B.5324.B.220.925 | VJMsg\J11B钢管\5324.B\220\J11B.5324.B.220.925 | VJMsg\J11B钢管\5324BQL\5324.B\220\J11B.5324.B.220.925"
"J11B.5324.B.220.928","3","1","YES","VJMsg\J11B.5324.B.220.928 | VJMsg\J11B钢管\5324.B\220\J11B.5324.B.220.928 | VJMsg\J11B钢管\5324BQL\5324.B\220\J11B.5324.B.220.928"
"J11B.5324.B.220.935","3","1","YES","VJMsg\J11B.5324.B.220.935 | VJMsg\J11B钢管\5324.B\220\J11B.5324.B.220.935 | VJMsg\J11B钢管\5324BQL\5324.B\220\J11B.5324.B.220.935"
"J11B.5324.B.035.909","3","1","YES","VJMsg\J11B.5324.B.035.909 | VJMsg\J11B钢管\5324.B\035\J11B.5324.B.035.909 | VJMsg\J11B钢管\5324BQL\5324.B\035\J11B.5324.B.035.909"
"J11B.5324.B.035.910","3","1","YES","VJMsg\J11B.5324.B.035.910 | VJMsg\J11B钢管\5324.B\035\J11B.5324.B.035.910 | VJMsg\J11B钢管\5324BQL\5324.B\035\J11B.5324.B.035.910"
"J11B.5324.B.220.902","3","1","YES","VJMsg\J11B.5324.B.220.902 | VJMsg\J11B钢管\5324.B\220\J11B.5324.B.220.902 | VJMsg\J11B钢管\5324BQL\5324.B\220\J11B.5324.B.220.902"
"J11B.5324.B.035.908","3","1","YES","VJMsg\J11B.5324.B.035.908 | VJMsg\J11B钢管\5324.B\035\J11B.5324.B.035.908 | VJMsg\J11B钢管\5324BQL\5324.B\035\J11B.5324.B.035.908"
"J11B.5324.B.035.904","3","1","YES","VJMsg\J11B.5324.B.035.904 | VJMsg\J11B钢管\5324.B\035\J11B.5324.B.035.904 | VJMsg\J11B钢管\5324BQL\5324.B\035\J11B.5324.B.035.904"
"J11B.5324.B.035.905","3","1","YES","VJMsg\J11B.5324.B.035.905 | VJMsg\J11B钢管\5324.B\035\J11B.5324.B.035.905 | VJMsg\J11B钢管\5324BQL\5324.B\035\J11B.5324.B.035.905"
"J11B.5324.B.035.906","3","1","YES","VJMsg\J11B.5324.B.035.906 | VJMsg\J11B钢管\5324.B\035\J11B.5324.B.035.906 | VJMsg\J11B钢管\5324BQL\5324.B\035\J11B.5324.B.035.906"
"J11B.5324.B.220.911","3","1","YES","VJMsg\J11B.5324.B.220.911 | VJMsg\J11B钢管\5324.B\220\J11B.5324.B.220.911 | VJMsg\J11B钢管\5324BQL\5324.B\220\J11B.5324.B.220.911"
"J11B.5324.B.220.913","3","1","YES","VJMsg\J11B.5324.B.220.913 | VJMsg\J11B钢管\5324.B\220\J11B.5324.B.220.913 | VJMsg\J11B钢管\5324BQL\5324.B\220\J11B.5324.B.220.913"
"J11B.5324.B.220.914","3","1","YES","VJMsg\J11B.5324.B.220.914 | VJMsg\J11B钢管\5324.B\220\J11B.5324.B.220.914 | VJMsg\J11B钢管\5324BQL\5324.B\220\J11B.5324.B.220.914"
"J11B.5324.B.220.909","3","1","YES","VJMsg\J11B.5324.B.220.909 | VJMsg\J11B钢管\5324.B\220\J11B.5324.B.220.909 | VJMsg\J11B钢管\5324BQL\5324.B\220\J11B.5324.B.220.909"
"J11B.5324.B.220.903","3","1","YES","VJMsg\J11B.5324.B.220.903 | VJMsg\J11B钢管\5324.B\220\J11B.5324.B.220.903 | VJMsg\J11B钢管\5324BQL\5324.B\220\J11B.5324.B.220.903"
"J11B.5324.B.220.904","3","1","YES","VJMsg\J11B.5324.B.220.904 | VJMsg\J11B钢管\5324.B\220\J11B.5324.B.220.904 | VJMsg\J11B钢管\5324BQL\5324.B\220\J11B.5324.B.220.904"
"J11B.5324.B.220.905","3","1","YES","VJMsg\J11B.5324.B.220.905 | VJMsg\J11B钢管\5324.B\220\J11B.5324.B.220.905 | VJMsg\J11B钢管\5324BQL\5324.B\220\J11B.5324.B.220.905"
"J11B.5324.B.445.908","3","1","YES","VJMsg\J11B.5324.B.445.908 | VJMsg\J11B钢管\5324.B\445\J11B.5324.B.445.908 | VJMsg\J11B钢管\5324BQL\5324.B\445\J11B.5324.B.445.908"
"J11B.5324.B.710.928","3","1","YES","VJMsg\J11B.5324.B.710.928 | VJMsg\J11B钢管\5324.B\710\J11B.5324.B.710.928 | VJMsg\J11B钢管\5324BQL\5324.B\710\J11B.5324.B.710.928"
"J11B.5324.B.710.929","3","1","YES","VJMsg\J11B.5324.B.710.929 | VJMsg\J11B钢管\5324.B\710\J11B.5324.B.710.929 | VJMsg\J11B钢管\5324BQL\5324.B\710\J11B.5324.B.710.929"
"J11B.5324.B.710.939","3","1","YES","VJMsg\J11B.5324.B.710.939 | VJMsg\J11B钢管\5324.B\710\J11B.5324.B.710.939 | VJMsg\J11B钢管\5324BQL\5324.B\710\J11B.5324.B.710.939"
"J11B.5324.B.700.907","3","1","YES","VJMsg\J11B.5324.B.700.907 | VJMsg\J11B钢管\5324.B\700\J11B.5324.B.700.907 | VJMsg\J11B钢管\5324BQL\5324.B\700\J11B.5324.B.700.907"
"J11B.5324.B.700.901","3","1","YES","VJMsg\J11B.5324.B.700.901 | VJMsg\J11B钢管\5324.B\700\J11B.5324.B.700.901 | VJMsg\J11B钢管\5324BQL\5324.B\700\J11B.5324.B.700.901"
"J11B.5324.B.700.902","3","1","YES","VJMsg\J11B.5324.B.700.902 | VJMsg\J11B钢管\5324.B\700\J11B.5324.B.700.902 | VJMsg\J11B钢管\5324BQL\5324.B\700\J11B.5324.B.700.902"
"J11B.5324.B.700.905","3","1","YES","VJMsg\J11B.5324.B.700.905 | VJMsg\J11B钢管\5324.B\700\J11B.5324.B.700.905 | VJMsg\J11B钢管\5324BQL\5324.B\700\J11B.5324.B.700.905"
"J11B.5324.B.710.959","3","1","YES","VJMsg\J11B.5324.B.710.959 | VJMsg\J11B钢管\5324.B\710\J11B.5324.B.710.959 | VJMsg\J11B钢管\5324BQL\5324.B\710\J11B.5324.B.710.959"
"J11B.5324.B.710.961","3","1","YES","VJMsg\J11B.5324.B.710.961 | VJMsg\J11B钢管\5324.B\710\J11B.5324.B.710.961 | VJMsg\J11B钢管\5324BQL\5324.B\710\J11B.5324.B.710.961"
"J11B.5324.B.710.963","3","1","YES","VJMsg\J11B.5324.B.710.963 | VJMsg\J11B钢管\5324.B\710\J11B.5324.B.710.963 | VJMsg\J11B钢管\5324BQL\5324.B\710\J11B.5324.B.710.963"
"J11B.5324.B.710.957","3","1","YES","VJMsg\J11B.5324.B.710.957 | VJMsg\J11B钢管\5324.B\710\J11B.5324.B.710.957 | VJMsg\J11B钢管\5324BQL\5324.B\710\J11B.5324.B.710.957"
"J11B.5324.B.710.947","3","1","YES","VJMsg\J11B.5324.B.710.947 | VJMsg\J11B钢管\5324.B\710\J11B.5324.B.710.947 | VJMsg\J11B钢管\5324BQL\5324.B\710\J11B.5324.B.710.947"
"J11B.5324.B.710.948","3","1","YES","VJMsg\J11B.5324.B.710.948 | VJMsg\J11B钢管\5324.B\710\J11B.5324.B.710.948 | VJMsg\J11B钢管\5324BQL\5324.B\710\J11B.5324.B.710.948"
"J11B.5324.B.710.955","3","1","YES","VJMsg\J11B.5324.B.710.955 | VJMsg\J11B钢管\5324.B\710\J11B.5324.B.710.955 | VJMsg\J11B钢管\5324BQL\5324.B\710\J11B.5324.B.710.955"
"J11B.5324.B.655.983","3","1","YES","VJMsg\J11B.5324.B.655.983 | VJMsg\J11B钢管\5324.B\655\J11B.5324.B.655.983 | VJMsg\J11B钢管\5324BQL\5324.B\新建文件夹\5324褐8\J11B.5324.B.655.983"
"J11B.5324.B.655.985","3","1","YES","VJMsg\J11B.5324.B.655.985 | VJMsg\J11B钢管\5324.B\655\J11B.5324.B.655.985 | VJMsg\J11B钢管\5324BQL\5324.B\655\J11B.5324.B.655.985"
"J11B.5324.B.655.986","3","1","YES","VJMsg\J11B.5324.B.655.986 | VJMsg\J11B钢管\5324.B\655\J11B.5324.B.655.986 | VJMsg\J11B钢管\5324BQL\5324.B\655\J11B.5324.B.655.986"
"J11B.5324.B.655.979","3","1","YES","VJMsg\J11B.5324.B.655.979 | VJMsg\J11B钢管\5324.B\655\J11B.5324.B.655.979 | VJMsg\J11B钢管\5324BQL\5324.B\655\J11B.5324.B.655.979"
"J11B.5324.B.655.972","3","1","YES","VJMsg\J11B.5324.B.655.972 | VJMsg\J11B钢管\5324.B\655\J11B.5324.B.655.972 | VJMsg\J11B钢管\5324BQL\5324.B\655\J11B.5324.B.655.972"
"J11B.5324.B.655.973","3","1","YES","VJMsg\J11B.5324.B.655.973 | VJMsg\J11B钢管\5324.B\655\J11B.5324.B.655.973 | VJMsg\J11B钢管\5324BQL\5324.B\655\J11B.5324.B.655.973"
"J11B.5324.B.655.978","3","1","YES","VJMsg\J11B.5324.B.655.978 | VJMsg\J11B钢管\5324.B\655\J11B.5324.B.655.978 | VJMsg\J11B钢管\5324BQL\5324.B\655\J11B.5324.B.655.978"
"J11B.5324.B.655.991","3","1","YES","VJMsg\J11B.5324.B.655.991 | VJMsg\J11B钢管\5324.B\655\J11B.5324.B.655.991 | VJMsg\J11B钢管\5324BQL\5324.B\655\J11B.5324.B.655.991"
"J11B.5324.B.655.992","3","1","YES","VJMsg\J11B.5324.B.655.992 | VJMsg\J11B钢管\5324.B\655\J11B.5324.B.655.992 | VJMsg\J11B钢管\5324BQL\5324.B\655\J11B.5324.B.655.992"
"J11B.5324.B.655.993","3","1","YES","VJMsg\J11B.5324.B.655.993 | VJMsg\J11B钢管\5324.B\655\J11B.5324.B.655.993 | VJMsg\J11B钢管\5324BQL\5324.B\655\J11B.5324.B.655.993"
"J11B.5324.B.655.990","3","1","YES","VJMsg\J11B.5324.B.655.990 | VJMsg\J11B钢管\5324.B\655\J11B.5324.B.655.990 | VJMsg\J11B钢管\5324BQL\5324.B\655\J11B.5324.B.655.990"
"J11B.5324.B.655.987","3","1","YES","VJMsg\J11B.5324.B.655.987 | VJMsg\J11B钢管\5324.B\655\J11B.5324.B.655.987 | VJMsg\J11B钢管\5324BQL\5324.B\655\J11B.5324.B.655.987"
"J11B.5324.B.655.988","3","1","YES","VJMsg\J11B.5324.B.655.988 | VJMsg\J11B钢管\5324.B\655\J11B.5324.B.655.988 | VJMsg\J11B钢管\5324BQL\5324.B\655\J11B.5324.B.655.988"
"J11B.5324.B.655.989","3","1","YES","VJMsg\J11B.5324.B.655.989 | VJMsg\J11B钢管\5324.B\655\J11B.5324.B.655.989 | VJMsg\J11B钢管\5324BQL\5324.B\655\J11B.5324.B.655.989"
"J11B.5324.B.815.907","3","2","NO","VJMsg\J11B.5324.B.815.907 | VJMsg\J11B钢管\5324.B\815\J11B.5324.B.815.907 | VJMsg\J11B钢管\5324BQL\5324.B\815\J11B.5324.B.815.907"
"J11B.5324.B.815.908","3","1","YES","VJMsg\J11B.5324.B.815.908 | VJMsg\J11B钢管\5324.B\815\J11B.5324.B.815.908 | VJMsg\J11B钢管\5324BQL\5324.B\815\J11B.5324.B.815.908"
"J11B.5324.B.815.911","3","1","YES","VJMsg\J11B.5324.B.815.911 | VJMsg\J11B钢管\5324.B\815\J11B.5324.B.815.911 | VJMsg\J11B钢管\5324BQL\5324.B\815\J11B.5324.B.815.911"
"J11B.5324.B.815.906","3","1","YES","VJMsg\J11B.5324.B.815.906 | VJMsg\J11B钢管\5324.B\815\J11B.5324.B.815.906 | VJMsg\J11B钢管\5324BQL\5324.B\815\J11B.5324.B.815.906"
"J11B.5324.B.720.905","3","1","YES","VJMsg\J11B.5324.B.720.905 | VJMsg\J11B钢管\5324.B\720\J11B.5324.B.720.905 | VJMsg\J11B钢管\5324BQL\5324.B\720\J11B.5324.B.720.905"
"J11B.5324.B.815.902","3","1","YES","VJMsg\J11B.5324.B.815.902 | VJMsg\J11B钢管\5324.B\815\J11B.5324.B.815.902 | VJMsg\J11B钢管\5324BQL\5324.B\815\J11B.5324.B.815.902"
"J11B.5324.B.815.904","3","1","YES","VJMsg\J11B.5324.B.815.904 | VJMsg\J11B钢管\5324.B\815\J11B.5324.B.815.904 | VJMsg\J11B钢管\5324BQL\5324.B\815\J11B.5324.B.815.904"
"J11B.5324.B.815.923","3","1","YES","VJMsg\J11B.5324.B.815.923 | VJMsg\J11B钢管\5324.B\815\J11B.5324.B.815.923 | VJMsg\J11B钢管\5324BQL\5324.B\815\J11B.5324.B.815.923"
"J11B.5324.B.900.901","3","1","YES","VJMsg\J11B.5324.B.900.901 | VJMsg\J11B钢管\5324.B\900\J11B.5324.B.900.901 | VJMsg\J11B钢管\5324BQL\5324.B\900\J11B.5324.B.900.901"
"J11B.5324.B.900.902","3","1","YES","VJMsg\J11B.5324.B.900.902 | VJMsg\J11B钢管\5324.B\900\J11B.5324.B.900.902 | VJMsg\J11B钢管\5324BQL\5324.B\900\J11B.5324.B.900.902"
"J11B.5324.B.815.922","3","1","YES","VJMsg\J11B.5324.B.815.922 | VJMsg\J11B钢管\5324.B\815\J11B.5324.B.815.922 | VJMsg\J11B钢管\5324BQL\5324.B\815\J11B.5324.B.815.922"
"J11B.5324.B.815.916","3","2","NO","VJMsg\J11B.5324.B.815.916 | VJMsg\J11B钢管\5324.B\815\J11B.5324.B.815.916 | VJMsg\J11B钢管\5324BQL\5324.B\815\J11B.5324.B.815.916"
"J11B.5324.B.815.919","3","2","NO","VJMsg\J11B.5324.B.815.919 | VJMsg\J11B钢管\5324.B\815\J11B.5324.B.815.919 | VJMsg\J11B钢管\5324BQL\5324.B\815\J11B.5324.B.815.919"
"J11B.5324.B.815.921","3","1","YES","VJMsg\J11B.5324.B.815.921 | VJMsg\J11B钢管\5324.B\815\J11B.5324.B.815.921 | VJMsg\J11B钢管\5324BQL\5324.B\815\J11B.5324.B.815.921"
"J11B.5324.B.710.984","3","1","YES","VJMsg\J11B.5324.B.710.984 | VJMsg\J11B钢管\5324.B\710\J11B.5324.B.710.984 | VJMsg\J11B钢管\5324BQL\5324.B\710\J11B.5324.B.710.984"
"J11B.5324.B.710.985","3","1","YES","VJMsg\J11B.5324.B.710.985 | VJMsg\J11B钢管\5324.B\710\J11B.5324.B.710.985 | VJMsg\J11B钢管\5324BQL\5324.B\710\J11B.5324.B.710.985"
"J11B.5324.B.710.986","3","1","YES","VJMsg\J11B.5324.B.710.986 | VJMsg\J11B钢管\5324.B\710\J11B.5324.B.710.986 | VJMsg\J11B钢管\5324BQL\5324.B\710\J11B.5324.B.710.986"
"J11B.5324.B.710.981","3","1","YES","VJMsg\J11B.5324.B.710.981 | VJMsg\J11B钢管\5324.B\710\J11B.5324.B.710.981 | VJMsg\J11B钢管\5324BQL\5324.B\710\J11B.5324.B.710.981"
"J11B.5324.B.710.964","3","1","YES","VJMsg\J11B.5324.B.710.964 | VJMsg\J11B钢管\5324.B\710\J11B.5324.B.710.964 | VJMsg\J11B钢管\5324BQL\5324.B\710\J11B.5324.B.710.964"
"J11B.5324.B.710.972","3","1","YES","VJMsg\J11B.5324.B.710.972 | VJMsg\J11B钢管\5324.B\710\J11B.5324.B.710.972 | VJMsg\J11B钢管\5324BQL\5324.B\710\J11B.5324.B.710.972"
"J11B.5324.B.710.973","3","1","YES","VJMsg\J11B.5324.B.710.973 | VJMsg\J11B钢管\5324.B\710\J11B.5324.B.710.973 | VJMsg\J11B钢管\5324BQL\5324.B\710\J11B.5324.B.710.973"
"J11B.5324.B.710.993","3","1","YES","VJMsg\J11B.5324.B.710.993 | VJMsg\J11B钢管\5324.B\710\J11B.5324.B.710.993 | VJMsg\J11B钢管\5324BQL\5324.B\710\J11B.5324.B.710.993"
"J11B.5324.B.720.901","3","1","YES","VJMsg\J11B.5324.B.720.901 | VJMsg\J11B钢管\5324.B\720\J11B.5324.B.720.901 | VJMsg\J11B钢管\5324BQL\5324.B\720\J11B.5324.B.720.901"
"J11B.5324.B.720.902","3","1","YES","VJMsg\J11B.5324.B.720.902 | VJMsg\J11B钢管\5324.B\720\J11B.5324.B.720.902 | VJMsg\J11B钢管\5324BQL\5324.B\720\J11B.5324.B.720.902"
"J11B.5324.B.710.992","3","1","YES","VJMsg\J11B.5324.B.710.992 | VJMsg\J11B钢管\5324.B\710\J11B.5324.B.710.992 | VJMsg\J11B钢管\5324BQL\5324.B\710\J11B.5324.B.710.992"
"J11B.5324.B.710.987","3","1","YES","VJMsg\J11B.5324.B.710.987 | VJMsg\J11B钢管\5324.B\710\J11B.5324.B.710.987 | VJMsg\J11B钢管\5324BQL\5324.B\710\J11B.5324.B.710.987"
"J11B.5324.B.710.988","3","1","YES","VJMsg\J11B.5324.B.710.988 | VJMsg\J11B钢管\5324.B\710\J11B.5324.B.710.988 | VJMsg\J11B钢管\5324BQL\5324.B\710\J11B.5324.B.710.988"
"J11B.5324.B.710.989","3","1","YES","VJMsg\J11B.5324.B.710.989 | VJMsg\J11B钢管\5324.B\710\J11B.5324.B.710.989 | VJMsg\J11B钢管\5324BQL\5324.B\710\J11B.5324.B.710.989"
"J11B.5324.B.505.923","3","1","YES","VJMsg\J11B.5324.B.505.923 | VJMsg\J11B钢管\5324.B\505\J11B.5324.B.505.923 | VJMsg\J11B钢管\5324BQL\5324.B\505\J11B.5324.B.505.923"
"J11B.5324.B.505.927","3","1","YES","VJMsg\J11B.5324.B.505.927 | VJMsg\J11B钢管\5324.B\505\J11B.5324.B.505.927 | VJMsg\J11B钢管\5324BQL\5324.B\505\J11B.5324.B.505.927"
"J11B.5324.B.555.906","3","1","YES","VJMsg\J11B.5324.B.555.906 | VJMsg\J11B钢管\5324.B\555\J11B.5324.B.555.906 | VJMsg\J11B钢管\5324BQL\5324.B\555\J11B.5324.B.555.906"
"J11B.5324.B.505.920","3","1","YES","VJMsg\J11B.5324.B.505.920 | VJMsg\J11B钢管\5324.B\505\J11B.5324.B.505.920 | VJMsg\J11B钢管\5324BQL\5324.B\505\J11B.5324.B.505.920"
"J11B.5324.B.445.951","3","1","YES","VJMsg\J11B.5324.B.445.951 | VJMsg\J11B钢管\5324.B\445\J11B.5324.B.445.951 | VJMsg\J11B钢管\5324BQL\5324.B\445\J11B.5324.B.445.951"
"J11B.5324.B.445.953","3","1","YES","VJMsg\J11B.5324.B.445.953 | VJMsg\J11B钢管\5324.B\445\J11B.5324.B.445.953 | VJMsg\J11B钢管\5324BQL\5324.B\445\J11B.5324.B.445.953"
"J11B.5324.B.505.919","3","1","YES","VJMsg\J11B.5324.B.505.919 | VJMsg\J11B钢管\5324.B\505\J11B.5324.B.505.919 | VJMsg\J11B钢管\5324BQL\5324.B\505\J11B.5324.B.505.919"
"J11B.5324.B.555.911","3","1","YES","VJMsg\J11B.5324.B.555.911 | VJMsg\J11B钢管\5324.B\555\J11B.5324.B.555.911 | VJMsg\J11B钢管\5324BQL\5324.B\555\J11B.5324.B.555.911"
"J11B.5324.B.555.915","3","1","YES","VJMsg\J11B.5324.B.555.915 | VJMsg\11B红牌\TLJ11B\J11B.5324.B.555.915 | VJMsg\11B红牌\TLJ11BS\J11B.5324.B.555.915"
"J11B.5324.B.555.919","3","1","YES","VJMsg\J11B.5324.B.555.919 | VJMsg\J11B钢管\5324.B\555\J11B.5324.B.555.919 | VJMsg\J11B钢管\5324BQL\5324.B\555\J11B.5324.B.555.919"
"J11B.5324.B.555.910","3","1","YES","VJMsg\J11B.5324.B.555.910 | VJMsg\J11B钢管\5324.B\555\J11B.5324.B.555.910 | VJMsg\J11B钢管\5324BQL\5324.B\555\J11B.5324.B.555.910"
"J11B.5324.B.555.907","3","1","YES","VJMsg\J11B.5324.B.555.907 | VJMsg\J11B钢管\5324.B\555\J11B.5324.B.555.907 | VJMsg\J11B钢管\5324BQL\5324.B\555\J11B.5324.B.555.907"
"J11B.5324.B.555.908","3","2","NO","VJMsg\J11B.5324.B.555.908 | VJMsg\J11B钢管\5324.B\555\J11B.5324.B.555.908 | VJMsg\J11B钢管\5324BQL\5324.B\555\J11B.5324.B.555.908"
"J11B.5324.B.555.909","3","1","YES","VJMsg\J11B.5324.B.555.909 | VJMsg\J11B钢管\5324.B\555\J11B.5324.B.555.909 | VJMsg\J11B钢管\5324BQL\5324.B\555\J11B.5324.B.555.909"
"J11B.5324.B.445.927","3","1","YES","VJMsg\J11B.5324.B.445.927 | VJMsg\J11B钢管\5324.B\445\J11B.5324.B.445.927 | VJMsg\J11B钢管\5324BQL\5324.B\445\J11B.5324.B.445.927"
"J11B.5324.B.445.928","3","1","YES","VJMsg\J11B.5324.B.445.928 | VJMsg\J11B钢管\5324.B\445\J11B.5324.B.445.928 | VJMsg\J11B钢管\5324BQL\5324.B\445\J11B.5324.B.445.928"
"J11B.5324.B.445.935","3","1","YES","VJMsg\J11B.5324.B.445.935 | VJMsg\J11B钢管\5324.B\445\J11B.5324.B.445.935 | VJMsg\J11B钢管\5324BQL\5324.B\445\J11B.5324.B.445.935"
"J11B.5324.B.445.925","3","1","YES","VJMsg\J11B.5324.B.445.925 | VJMsg\J11B钢管\5324.B\445\J11B.5324.B.445.925 | VJMsg\J11B钢管\5324BQL\5324.B\445\J11B.5324.B.445.925"
"J11B.5324.B.445.911","3","1","YES","VJMsg\J11B.5324.B.445.911 | VJMsg\J11B钢管\5324.B\445\J11B.5324.B.445.911 | VJMsg\J11B钢管\5324BQL\5324.B\445\J11B.5324.B.445.911"
"J11B.5324.B.445.922","3","1","YES","VJMsg\J11B.5324.B.445.922 | VJMsg\J11B钢管\5324.B\445\J11B.5324.B.445.922 | VJMsg\J11B钢管\5324BQL\5324.B\445\J11B.5324.B.445.922"
"J11B.5324.B.445.923","3","1","YES","VJMsg\J11B.5324.B.445.923 | VJMsg\J11B钢管\5324.B\445\J11B.5324.B.445.923 | VJMsg\J11B钢管\5324BQL\5324.B\445\J11B.5324.B.445.923"
"J11B.5324.B.445.940","3","1","YES","VJMsg\J11B.5324.B.445.940 | VJMsg\J11B钢管\5324.B\445\J11B.5324.B.445.940 | VJMsg\J11B钢管\5324BQL\5324.B\445\J11B.5324.B.445.940"
"J11B.5324.B.445.943","3","1","YES","VJMsg\J11B.5324.B.445.943 | VJMsg\J11B钢管\5324.B\445\J11B.5324.B.445.943 | VJMsg\J11B钢管\5324BQL\5324.B\445\J11B.5324.B.445.943"
"J11B.5324.B.445.949","3","1","YES","VJMsg\J11B.5324.B.445.949 | VJMsg\J11B钢管\5324.B\445\J11B.5324.B.445.949 | VJMsg\J11B钢管\5324BQL\5324.B\445\J11B.5324.B.445.949"
"J11B.5324.B.445.939","3","1","YES","VJMsg\J11B.5324.B.445.939 | VJMsg\J11B钢管\5324.B\445\J11B.5324.B.445.939 | VJMsg\J11B钢管\5324BQL\5324.B\445\J11B.5324.B.445.939"
"J11B.5324.B.445.936","3","1","YES","VJMsg\J11B.5324.B.445.936 | VJMsg\J11B钢管\5324.B\445\J11B.5324.B.445.936 | VJMsg\J11B钢管\5324BQL\5324.B\445\J11B.5324.B.445.936"
"J11B.5324.B.445.937","3","1","YES","VJMsg\J11B.5324.B.445.937 | VJMsg\J11B钢管\5324.B\445\J11B.5324.B.445.937 | VJMsg\J11B钢管\5324BQL\5324.B\445\J11B.5324.B.445.937"
"J11B.5324.B.445.938","3","1","YES","VJMsg\J11B.5324.B.445.938 | VJMsg\J11B钢管\5324.B\445\J11B.5324.B.445.938 | VJMsg\J11B钢管\5324BQL\5324.B\445\J11B.5324.B.445.938"
"J11B.5324.B.610.972","3","1","YES","VJMsg\J11B.5324.B.610.972 | VJMsg\J11B钢管\5324.B\610\J11B.5324.B.610.972 | VJMsg\J11B钢管\5324BQL\5324.B\610\J11B.5324.B.610.972"
"J11B.5324.B.610.987","3","1","YES","VJMsg\J11B.5324.B.610.987 | VJMsg\J11B钢管\5324.B\610\J11B.5324.B.610.987 | VJMsg\J11B钢管\5324BQL\5324.B\610\J11B.5324.B.610.987"
"J11B.5324.B.610.988","3","1","YES","VJMsg\J11B.5324.B.610.988 | VJMsg\J11B钢管\5324.B\610\J11B.5324.B.610.988 | VJMsg\J11B钢管\5324BQL\5324.B\610\J11B.5324.B.610.988"
"J11B.5324.B.610.971","3","1","YES","VJMsg\J11B.5324.B.610.971 | VJMsg\J11B钢管\5324.B\610\J11B.5324.B.610.971 | VJMsg\J11B钢管\5324BQL\5324.B\610\J11B.5324.B.610.971"
"J11B.5324.B.610.960","3","1","YES","VJMsg\J11B.5324.B.610.960 | VJMsg\J11B钢管\5324.B\610\J11B.5324.B.610.960 | VJMsg\J11B钢管\5324BQL\5324.B\610\J11B.5324.B.610.960"
"J11B.5324.B.610.961","3","1","YES","VJMsg\J11B.5324.B.610.961 | VJMsg\J11B钢管\5324.B\610\J11B.5324.B.610.961 | VJMsg\J11B钢管\5324BQL\5324.B\610\J11B.5324.B.610.961"
"J11B.5324.B.610.965","3","1","YES","VJMsg\J11B.5324.B.610.965 | VJMsg\J11B钢管\5324.B\610\J11B.5324.B.610.965 | VJMsg\J11B钢管\5324BQL\5324.B\610\J11B.5324.B.610.965"
"J11B.5324.B.655.928","3","1","YES","VJMsg\J11B.5324.B.655.928 | VJMsg\J11B钢管\5324.B\655\J11B.5324.B.655.928 | VJMsg\J11B钢管\5324BQL\5324.B\655\J11B.5324.B.655.928"
"J11B.5324.B.655.966","3","1","YES","VJMsg\J11B.5324.B.655.966 | VJMsg\J11B钢管\5324.B\655\J11B.5324.B.655.966 | VJMsg\J11B钢管\5324BQL\5324.B\655\J11B.5324.B.655.966"
"J11B.5324.B.655.971","3","1","YES","VJMsg\J11B.5324.B.655.971 | VJMsg\J11B钢管\5324.B\655\J11B.5324.B.655.971 | VJMsg\J11B钢管\5324BQL\5324.B\655\J11B.5324.B.655.971"
"J11B.5324.B.610.994","3","1","YES","VJMsg\J11B.5324.B.610.994 | VJMsg\J11B钢管\5324.B\610\J11B.5324.B.610.994 | VJMsg\J11B钢管\5324BQL\5324.B\610\J11B.5324.B.610.994"
"J11B.5324.B.610.989","3","1","YES","VJMsg\J11B.5324.B.610.989 | VJMsg\J11B钢管\5324.B\610\J11B.5324.B.610.989 | VJMsg\J11B钢管\5324BQL\5324.B\610\J11B.5324.B.610.989"
"J11B.5324.B.610.990","3","1","YES","VJMsg\J11B.5324.B.610.990 | VJMsg\J11B钢管\5324.B\610\J11B.5324.B.610.990 | VJMsg\J11B钢管\5324BQL\5324.B\610\J11B.5324.B.610.990"
"J11B.5324.B.610.993","3","1","YES","VJMsg\J11B.5324.B.610.993 | VJMsg\J11B钢管\5324.B\610\J11B.5324.B.610.993 | VJMsg\J11B钢管\5324BQL\5324.B\610\J11B.5324.B.610.993"
"J11B.5324.B.555.934","3","1","YES","VJMsg\J11B.5324.B.555.934 | VJMsg\J11B钢管\5324.B\555\J11B.5324.B.555.934 | VJMsg\J11B钢管\5324BQL\5324.B\555\J11B.5324.B.555.934"
"J11B.5324.B.555.938","3","1","YES","VJMsg\J11B.5324.B.555.938 | VJMsg\J11B钢管\5324.B\555\J11B.5324.B.555.938 | VJMsg\J11B钢管\5324BQL\5324.B\555\J11B.5324.B.555.938"
"J11B.5324.B.555.952","3","1","YES","VJMsg\J11B.5324.B.555.952 | VJMsg\11B红牌\TLJ11B\J11B.5324.B.555.952 | VJMsg\11B红牌\TLJ11BS\J11B.5324.B.555.952"
"J11B.5324.B.555.933","3","1","YES","VJMsg\J11B.5324.B.555.933 | VJMsg\11B红牌\TLJ11B\J11B.5324.B.555.933 | VJMsg\11B红牌\TLJ11BS\J11B.5324.B.555.933"
"J11B.5324.B.555.920","3","2","NO","VJMsg\J11B.5324.B.555.920 | VJMsg\J11B钢管\5324.B\555\J11B.5324.B.555.920 | VJMsg\J11B钢管\5324BQL\5324.B\555\J11B.5324.B.555.920"
"J11B.5324.B.555.924","3","2","NO","VJMsg\J11B.5324.B.555.924 | VJMsg\J11B钢管\5324.B\555\J11B.5324.B.555.924 | VJMsg\J11B钢管\5324BQL\5324.B\555\J11B.5324.B.555.924"
"J11B.5324.B.555.928","3","1","YES","VJMsg\J11B.5324.B.555.928 | VJMsg\11B红牌\TLJ11B\J11B.5324.B.555.928 | VJMsg\11B红牌\TLJ11BS\J11B.5324.B.555.928"
"J11B.5324.B.610.945","3","1","YES","VJMsg\J11B.5324.B.610.945 | VJMsg\J11B钢管\5324.B\610\J11B.5324.B.610.945 | VJMsg\J11B钢管\5324BQL\5324.B\610\J11B.5324.B.610.945"
"J11B.5324.B.610.952","3","1","YES","VJMsg\J11B.5324.B.610.952 | VJMsg\J11B钢管\5324.B\610\J11B.5324.B.610.952 | VJMsg\J11B钢管\5324BQL\5324.B\610\J11B.5324.B.610.952"
"J11B.5324.B.610.955","3","1","YES","VJMsg\J11B.5324.B.610.955 | VJMsg\J11B钢管\5324.B\610\J11B.5324.B.610.955 | VJMsg\J11B钢管\5324BQL\5324.B\610\J11B.5324.B.610.955"
"J11B.5324.B.610.944","3","1","YES","VJMsg\J11B.5324.B.610.944 | VJMsg\J11B钢管\5324.B\610\J11B.5324.B.610.944 | VJMsg\J11B钢管\5324BQL\5324.B\610\J11B.5324.B.610.944"
"J11B.5324.B.555.954","3","1","YES","VJMsg\J11B.5324.B.555.954 | VJMsg\J11B钢管\5324.B\555\J11B.5324.B.555.954 | VJMsg\J11B钢管\5324BQL\5324.B\555\J11B.5324.B.555.954"
"J11B.5324.B.555.955","3","1","YES","VJMsg\J11B.5324.B.555.955 | VJMsg\J11B钢管\5324.B\555\J11B.5324.B.555.955 | VJMsg\J11B钢管\5324BQL\5324.B\555\J11B.5324.B.555.955"
"J11B.5324.B.555.956","3","1","YES","VJMsg\J11B.5324.B.555.956 | VJMsg\J11B钢管\5324.B\555\J11B.5324.B.555.956 | VJMsg\J11B钢管\5324BQL\5324.B\555\J11B.5324.B.555.956"
"J11BS.5324.A.010.949","3","1","YES","J11B直管\J11BS.5314  5324\J11BS.5324.A.010.949 | VJMsg\J11BS.5324.A.010.949 | VJMsg\J11B钢管\QL\5334.A\5324.A\010\J11BS.5324.A.010.949"
"J11BS.5324.A.010.951","3","1","YES","J11B直管\J11BS.5314  5324\J11BS.5324.A.010.951 | VJMsg\J11BS.5324.A.010.951 | VJMsg\J11B钢管\QL\5334.A\5324.A\010\J11BS.5324.A.010.951"
"J11BS.5324.A.010.952","3","1","YES","J11B直管\J11BS.5314  5324\J11BS.5324.A.010.952 | VJMsg\J11BS.5324.A.010.952 | VJMsg\J11B钢管\QL\5334.A\5324.A\010\J11BS.5324.A.010.952"
"1S318-8-0.8-190","3","2","NO","J16\红牌\1S318-8-0.8-190 | VJMsg\1S318-8-0.8-190 | VJMsg\11B红牌\黄\1S318-8-0.8-190"
"J16.5314.A.410.971","3","1","YES","J16\J16.5314.A.410.971 | J16\HUANG\黄红\1\J16.5314.A.410.971 | J16\结构部管子\J16.5314.A.410.971"
"J11BS.5324.A.010.941","3","1","YES","J11B直管\J11BS.5314  5324\J11BS.5324.A.010.941 | VJMsg\J11BS.5324.A.010.941 | VJMsg\J11B钢管\QL\5334.A\5324.A\010\J11BS.5324.A.010.941"
"1S318-8-0.8-160","3","2","NO","J16\红牌\1S318-8-0.8-160 | VJMsg\1S318-8-0.8-160 | VJMsg\11B红牌\黄\1S318-8-0.8-160"
"J16.7601.A.235.000","3","1","YES","J16\J16.7601.A.235.000 | J16\BLM\J16.7601.A.235.000 | J16\铝管\J16.7601.A.235.000"
"J16.7601.A.230.000","3","1","YES","J16\J16.7601.A.230.000 | J16\BLM\J16.7601.A.230.000 | J16\铝管\J16.7601.A.230.000"
"J11BS.5324.A.010.974","3","2","NO","J11B直管\J11BS.5314  5324\J11BS.5324.A.010.974 | VJMsg\J11BS.5324.A.010.974 | VJMsg\J11B钢管\QL\5334.A\5324.A\010\J11BS.5324.A.010.974"
"J16.7601.A.335.000","3","1","YES","J16\J16.7601.A.335.000 | J16\BLM\LV\J16.7601.A.335.000 | J16\铝管\7601\J16.7601.A.335.000"
"J11BS.5324.A.010.953","3","1","YES","J11B直管\J11BS.5314  5324\J11BS.5324.A.010.953 | VJMsg\J11BS.5324.A.010.953 | VJMsg\J11B钢管\QL\5334.A\5324.A\010\J11BS.5324.A.010.953"
"J11BS.5324.A.010.954","3","1","YES","J11B直管\J11BS.5314  5324\J11BS.5324.A.010.954 | VJMsg\J11BS.5324.A.010.954 | VJMsg\J11B钢管\QL\5334.A\5324.A\010\J11BS.5324.A.010.954"
"J16.7601.A.680.000","3","1","YES","J16\J16.7601.A.680.000 | J16\BLM\LV\J16.7601.A.680.000 | J16\铝管\7601\J16.7601.A.680.000"
"J16.5314.A.410.972","3","1","YES","J16\J16.5314.A.410.972 | J16\HUANG\黄黑\2\J16.5314.A.410.972 | J16\结构部管子\J16.5314.A.410.972"
"30 11.5314.3.330.975","3","2","NO","VJMsg\30 11.5314.3.330.975 | VJMsg\30 11\30 11.5314\330\30 11.5314.3.330.975 | VJMsg\30 11\30 11.5314\新建文件夹 (2)\30 11.5314.3.330.975"
"J16.5314.A.410.976","3","1","YES","J16\J16.5314.A.410.976 | J16\HUANG\黄黑\6\J16.5314.A.410.976 | J16\结构部管子\J16.5314.A.410.976"
"J16.7601.A.705.000","3","1","YES","J16\J16.7601.A.705.000 | J16\BLM\LV\J16.7601.A.705.000 | J16\铝管\7601\J16.7601.A.705.000"
"J16.5314.A.410.977","3","1","YES","J16\J16.5314.A.410.977 | J16\结构部管子\J16.5314.A.410.977 | J16\结构部管子\黄红\J16.5314.A.410.977"
"J16.5314.A.410.980","3","1","YES","J16\J16.5314.A.410.980 | J16\HUANG\黄黑\0\J16.5314.A.410.980 | J16\结构部管子\J16.5314.A.410.980"
"J16.5314.A.410.979","3","1","YES","J16\J16.5314.A.410.979 | J16\HUANG\黄红\9\J16.5314.A.410.979 | J16\结构部管子\J16.5314.A.410.979"
"J16.0740.A.295.931","3","1","YES","J16\J16.0740.A.295.931 | J16\QL\全蓝\0740\J16.0740.A.295.931 | J16\ZG\0740蓝\1\J16.0740.A.295.931"
"J11BS.5314.A.050.928","3","1","YES","J11B直管\J11BS.5314  5324\J11BS.5314.A.050.928 | VJMsg\J11BS.5314.A.050.928 | VJMsg\J11B钢管\5314.B.035\5314.A\050\J11BS.5314.A.050.928"
"30 11.5314.3.330.964","3","1","YES","VJMsg\30 11.5314.3.330.964 | VJMsg\30 11\30 11.5314\330\30 11.5314.3.330.964 | VJMsg\30红牌\5314.330\30 11.5314.3.330.964"
"30 11.5314.7.655.923","3","2","NO","VJMsg\30 11.5314.7.655.923 | VJMsg\30 11\30 11.5314\655\30 11.5314.7.655.923 | VJMsg\30 11\30 11.5314\新建文件夹 (2)\30 11.5314.7.655.923"
"30 11.5314.7.655.921","3","2","NO","VJMsg\30 11.5314.7.655.921 | VJMsg\30 11\30 11.5314\655\30 11.5314.7.655.921 | VJMsg\30 11\30 11.5314\新建文件夹 (2)\30 11.5314.7.655.921"
"30 11.5314.3.330.969","3","3","NO","VJMsg\30 11.5314.3.330.969 | VJMsg\30 11\30 11.5314\330\30 11.5314.3.330.969 | VJMsg\30 11\30 11.5314\新建文件夹 (2)\30 11.5314.3.330.969"
"J16.7601.A.695.000","3","1","YES","J16\J16.7601.A.695.000 | J16\BLM\LV\J16.7601.A.695.000 | J16\铝管\7601\J16.7601.A.695.000"
"30 11.5314.7.655.920","3","2","NO","VJMsg\30 11.5314.7.655.920 | VJMsg\30 11\30 11.5314\655\30 11.5314.7.655.920 | VJMsg\30 11\30 11.5314\新建文件夹 (2)\30 11.5314.7.655.920"
"J11BS.0740.A.295.993","3","1","YES","J11B直管\J11BS.0740.A\J11BS.0740.A.295.993 | VJMsg\J11BS.0740.A.295.993 | VJMsg\J11BS.7420.A\J11BS.0740.A\J11BS.0740.A.295.993"
"J11BS.0740.A.295.953","3","1","YES","J11B直管\J11BS.0740.A\J11BS.0740.A.295.953 | VJMsg\J11BS.0740.A.295.953 | VJMsg\J11BS.7420.A\J11BS.0740.A\J11BS.0740.A.295.953"
"J11BS.0740.A.295.951","3","1","YES","J11B直管\J11BS.0740.A\J11BS.0740.A.295.951 | VJMsg\J11BS.0740.A.295.951 | VJMsg\J11BS.7420.A\J11BS.0740.A\J11BS.0740.A.295.951"
"J11BS.0740.A.295.949","3","1","YES","J11B直管\J11BS.0740.A\J11BS.0740.A.295.949 | VJMsg\J11BS.0740.A.295.949 | VJMsg\J11BS.7420.A\J11BS.0740.A\J11BS.0740.A.295.949"
"J11BS.0740.A.295.955","3","1","YES","J11B直管\J11BS.0740.A\J11BS.0740.A.295.955 | VJMsg\J11BS.0740.A.295.955 | VJMsg\J11BS.7420.A\J11BS.0740.A\J11BS.0740.A.295.955"
"J11BS.0740.A.295.961","3","2","NO","J11B直管\J11BS.0740.A\J11BS.0740.A.295.961 | VJMsg\J11BS.0740.A.295.961 | VJMsg\J11BS.7420.A\J11BS.0740.A\J11BS.0740.A.295.961"
"J11BS.0740.A.295.959","3","1","YES","J11B直管\J11BS.0740.A\J11BS.0740.A.295.959 | VJMsg\J11BS.0740.A.295.959 | VJMsg\J11BS.7420.A\J11BS.0740.A\J11BS.0740.A.295.959"
"J11BS.0740.A.295.957","3","1","YES","J11B直管\J11BS.0740.A\J11BS.0740.A.295.957 | VJMsg\J11BS.0740.A.295.957 | VJMsg\J11BS.7420.A\J11BS.0740.A\J11BS.0740.A.295.957"
"J11BS.0740.A.295.937","3","1","YES","J11B直管\J11BS.0740.A\J11BS.0740.A.295.937 | VJMsg\J11BS.0740.A.295.937 | VJMsg\J11BS.7420.A\J11BS.0740.A\J11BS.0740.A.295.937"
"J11BS.0740.A.295.935","3","1","YES","J11B直管\J11BS.0740.A\J11BS.0740.A.295.935 | VJMsg\J11BS.0740.A.295.935 | VJMsg\J11BS.7420.A\J11BS.0740.A\J11BS.0740.A.295.935"
"J11BS.0740.A.295.933","3","1","YES","J11B直管\J11BS.0740.A\J11BS.0740.A.295.933 | VJMsg\J11BS.0740.A.295.933 | VJMsg\J11BS.7420.A\J11BS.0740.A\J11BS.0740.A.295.933"
"J11BS.0740.A.295.939","3","1","YES","J11B直管\J11BS.0740.A\J11BS.0740.A.295.939 | VJMsg\J11BS.0740.A.295.939 | VJMsg\J11BS.7420.A\J11BS.0740.A\J11BS.0740.A.295.939"
"J11BS.0740.A.295.947","3","1","YES","J11B直管\J11BS.0740.A\J11BS.0740.A.295.947 | VJMsg\J11BS.0740.A.295.947 | VJMsg\J11BS.7420.A\J11BS.0740.A\J11BS.0740.A.295.947"
"J11BS.0740.A.295.943","3","1","YES","J11B直管\J11BS.0740.A\J11BS.0740.A.295.943 | VJMsg\J11BS.0740.A.295.943 | VJMsg\J11BS.7420.A\J11BS.0740.A\J11BS.0740.A.295.943"
"J11BS.0740.A.295.941","3","1","YES","J11B直管\J11BS.0740.A\J11BS.0740.A.295.941 | VJMsg\J11BS.0740.A.295.941 | VJMsg\J11BS.7420.A\J11BS.0740.A\J11BS.0740.A.295.941"
"J11BS.0740.A.295.963","3","1","YES","J11B直管\J11BS.0740.A\J11BS.0740.A.295.963 | VJMsg\J11BS.0740.A.295.963 | VJMsg\J11BS.7420.A\J11BS.0740.A\J11BS.0740.A.295.963"
"J11BS.0740.A.295.983","3","1","YES","J11B直管\J11BS.0740.A\J11BS.0740.A.295.983 | VJMsg\J11BS.0740.A.295.983 | VJMsg\J11BS.7420.A\J11BS.0740.A\J11BS.0740.A.295.983"
"J11BS.0740.A.295.981","3","1","YES","J11B直管\J11BS.0740.A\J11BS.0740.A.295.981 | VJMsg\J11BS.0740.A.295.981 | VJMsg\J11BS.7420.A\J11BS.0740.A\J11BS.0740.A.295.981"
"J11BS.0740.A.295.979","3","1","YES","J11B直管\J11BS.0740.A\J11BS.0740.A.295.979 | VJMsg\J11BS.0740.A.295.979 | VJMsg\J11BS.7420.A\J11BS.0740.A\J11BS.0740.A.295.979"
"J11BS.0740.A.295.985","3","1","YES","J11B直管\J11BS.0740.A\J11BS.0740.A.295.985 | VJMsg\J11BS.0740.A.295.985 | VJMsg\J11BS.7420.A\J11BS.0740.A\J11BS.0740.A.295.985"
"J11BS.0740.A.295.991","3","1","YES","J11B直管\J11BS.0740.A\J11BS.0740.A.295.991 | VJMsg\J11BS.0740.A.295.991 | VJMsg\J11BS.7420.A\J11BS.0740.A\J11BS.0740.A.295.991"
"J11BS.0740.A.295.989","3","1","YES","J11B直管\J11BS.0740.A\J11BS.0740.A.295.989 | VJMsg\J11BS.0740.A.295.989 | VJMsg\J11BS.7420.A\J11BS.0740.A\J11BS.0740.A.295.989"
"J11BS.0740.A.295.987","3","1","YES","J11B直管\J11BS.0740.A\J11BS.0740.A.295.987 | VJMsg\J11BS.0740.A.295.987 | VJMsg\J11BS.7420.A\J11BS.0740.A\J11BS.0740.A.295.987"
"J11BS.0740.A.295.969","3","1","YES","J11B直管\J11BS.0740.A\J11BS.0740.A.295.969 | VJMsg\J11BS.0740.A.295.969 | VJMsg\J11BS.7420.A\J11BS.0740.A\J11BS.0740.A.295.969"
"J11BS.0740.A.295.967","3","1","YES","J11B直管\J11BS.0740.A\J11BS.0740.A.295.967 | VJMsg\J11BS.0740.A.295.967 | VJMsg\J11BS.7420.A\J11BS.0740.A\J11BS.0740.A.295.967"
"J11BS.0740.A.295.965","3","1","YES","J11B直管\J11BS.0740.A\J11BS.0740.A.295.965 | VJMsg\J11BS.0740.A.295.965 | VJMsg\J11BS.7420.A\J11BS.0740.A\J11BS.0740.A.295.965"
"J11BS.0740.A.295.971","3","1","YES","J11B直管\J11BS.0740.A\J11BS.0740.A.295.971 | VJMsg\J11BS.0740.A.295.971 | VJMsg\J11BS.7420.A\J11BS.0740.A\J11BS.0740.A.295.971"
"J11BS.0740.A.295.977","3","1","YES","J11B直管\J11BS.0740.A\J11BS.0740.A.295.977 | VJMsg\J11BS.0740.A.295.977 | VJMsg\J11BS.7420.A\J11BS.0740.A\J11BS.0740.A.295.977"
"J11BS.0740.A.295.975","3","1","YES","J11B直管\J11BS.0740.A\J11BS.0740.A.295.975 | VJMsg\J11BS.0740.A.295.975 | VJMsg\J11BS.7420.A\J11BS.0740.A\J11BS.0740.A.295.975"
"J11BS.0740.A.295.973","3","1","YES","J11B直管\J11BS.0740.A\J11BS.0740.A.295.973 | VJMsg\J11BS.0740.A.295.973 | VJMsg\J11BS.7420.A\J11BS.0740.A\J11BS.0740.A.295.973"
"J11BS.5314.A.050.922","3","2","NO","J11B直管\J11BS.5314  5324\J11BS.5314.A.050.922 | VJMsg\J11BS.5314.A.050.922 | VJMsg\J11B钢管\5314.B.035\5314.A\050\J11BS.5314.A.050.922"
"30 11.5314.3.410.919","3","1","YES","VJMsg\30 11.5314.3.410.919 | VJMsg\30 11\30 11.5314\410\30 11.5314.3.410.919 | VJMsg\结构部钢管\30\30 11.5314.3.410.919"
"30 11.5314.3.410.913","3","1","YES","VJMsg\30 11.5314.3.410.913 | VJMsg\30 11\30 11.5314\410\30 11.5314.3.410.913 | VJMsg\结构部钢管\30\30 11.5314.3.410.913"
"J11BS.5314.A.050.921","3","1","YES","J11B直管\J11BS.5314  5324\J11BS.5314.A.050.921 | VJMsg\J11BS.5314.A.050.921 | VJMsg\J11B钢管\5314.B.035\5314.A\050\J11BS.5314.A.050.921"
"J11BS.5314.A.010.950","3","1","YES","J11B直管\J11BS.5314  5324\J11BS.5314.A.010.950 | VJMsg\J11BS.5314.A.010.950 | VJMsg\J11B钢管\5314.B.035\5314.A\010\J11BS.5314.A.010.950"
"30 11.5314.3.445.901","3","1","YES","VJMsg\30 11.5314.3.445.901 | VJMsg\30 11\30 11.5314\410\30 11.5314.3.445.901 | VJMsg\30 11\30 铝管\LG5314  30浅灰\30 11.5314.3.445.901"
"J11BS.5314.A.050.919","3","1","YES","J11B直管\J11BS.5314  5324\J11BS.5314.A.050.919 | VJMsg\J11BS.5314.A.050.919 | VJMsg\J11B钢管\5314.B.035\5314.A\050\J11BS.5314.A.050.919"
"30 11.5314.7.215.925","3","3","NO","VJMsg\30 11.5314.7.215.925 | VJMsg\30 11\30 11.5314\215\30 11.5314.7.215.925 | VJMsg\30 11\30 11.5314\新建文件夹 (2)\30 11.5314.7.215.925"
"30 11.5314.7.215.926","3","2","NO","VJMsg\30 11.5314.7.215.926 | VJMsg\30 11\30 11.5314\215\30 11.5314.7.215.926 | VJMsg\30 11\30 11.5314\新建文件夹 (2)\30 11.5314.7.215.926"
"J11BS.5314.A.050.923","3","1","YES","J11B直管\J11BS.5314  5324\J11BS.5314.A.050.923 | VJMsg\J11BS.5314.A.050.923 | VJMsg\J11B钢管\5314.B.035\5314.A\050\J11BS.5314.A.050.923"
"30 11.5314.7.210.992","3","1","YES","VJMsg\30 11.5314.7.210.992 | VJMsg\30 11\30 11.5314\210\30 11.5314.7.210.992 | VJMsg\30 11\30 11.5314\215\30 11.5314.7.210.992"
"30 11.5314.3.410.909","3","1","YES","VJMsg\30 11.5314.3.410.909 | VJMsg\30 11\30 11.5314\410\30 11.5314.3.410.909 | VJMsg\结构部钢管\30\30 11.5314.3.410.909"
"30 11.5314.3.410.904","3","1","YES","VJMsg\30 11.5314.3.410.904 | VJMsg\30 11\30 11.5314\410\30 11.5314.3.410.904 | VJMsg\结构部钢管\30\30 11.5314.3.410.904"
"655.907","3","3","NO","J16\HUANG\黄\655.907 | J16\QL\蓝\655.907 | J16\QL\蓝\新建文件夹\655.907"
"J16.0740.A.295.952","3","1","YES","J16\J16.0740.A.295.952 | J16\0740\J16.0740.A.295.952 | J16\QL\全蓝\0740\J16.0740.A.295.952"
"J11BS.0740.A.954.900","3","1","YES","J11B直管\J11BS.0740.A\J11BS.0740.A.954.900 | VJMsg\J11BS.0740.A.954.900 | VJMsg\J11BS.7420.A\J11BS.0740.A\J11BS.0740.A.954.900"
"J16.0740.A.295.957","3","1","YES","J16\J16.0740.A.295.957 | J16\0740\J16.0740.A.295.957 | J16\QL\全蓝\0740\J16.0740.A.295.957"
"J11BS.5314.A.010.942","3","1","YES","J11B直管\J11BS.5314  5324\J11BS.5314.A.010.942 | VJMsg\J11BS.5314.A.010.942 | VJMsg\J11B钢管\5314.B.035\5314.A\010\J11BS.5314.A.010.942"
"30 11.5314.7.210.972","3","3","NO","VJMsg\30 11.5314.7.210.972 | VJMsg\30 11\30 11.5314\210\30 11.5314.7.210.972 | VJMsg\30 11\30 11.5314\新建文件夹 (2)\30 11.5314.7.210.972"
"J16.0740.A.295.953","3","1","YES","J16\J16.0740.A.295.953 | J16\0740\J16.0740.A.295.953 | J16\QL\全蓝\0740\J16.0740.A.295.953"
"J11BS.5314.A.010.932","3","1","YES","J11B直管\J11BS.5314  5324\J11BS.5314.A.010.932 | VJMsg\J11BS.5314.A.010.932 | VJMsg\J11B钢管\5314.B.035\5314.A\010\J11BS.5314.A.010.932"
"J16.0740.A.295.954","3","1","YES","J16\J16.0740.A.295.954 | J16\0740\J16.0740.A.295.954 | J16\ZG\0740蓝\J16.0740.A.295.954"
"J11BS.0740.A.295.997","3","1","YES","J11B直管\J11BS.0740.A\J11BS.0740.A.295.997 | VJMsg\J11BS.0740.A.295.997 | VJMsg\J11BS.7420.A\J11BS.0740.A\J11BS.0740.A.295.997"
"J11BS.0740.A.295.995","3","1","YES","J11B直管\J11BS.0740.A\J11BS.0740.A.295.995 | VJMsg\J11BS.0740.A.295.995 | VJMsg\J11BS.7420.A\J11BS.0740.A\J11BS.0740.A.295.995"
"J11BS.5314.A.010.949","3","1","YES","J11B直管\J11BS.5314  5324\J11BS.5314.A.010.949 | VJMsg\J11BS.5314.A.010.949 | VJMsg\J11B钢管\5314.B.035\5314.A\010\J11BS.5314.A.010.949"
"J16.5314.A.035.962","3","2","NO","J16\J16.5314.A.035.962 | J16\HUANG\J16.5314.A.035.962 | J16\HUANG\黄\2\J16.5314.A.035.962"
"J16.7604.A.845.000","3","2","NO","J16\J16.7604.A.845.000 | J16\BLM\J16.7604.A.845.000 | J16\BLM\BAI\J16.7604.A.845.000"
"J16.0740.A.295.975","3","1","YES","J16\J16.0740.A.295.975 | J16\0740\J16.0740.A.295.975 | J16\QL\全蓝\0740\J16.0740.A.295.975"
"J16.0740.A.295.977","3","1","YES","J16\J16.0740.A.295.977 | J16\0740\J16.0740.A.295.977 | J16\ZG\0740蓝\7\J16.0740.A.295.977"
"J11BS.5314.A.050.924","3","2","NO","J11B直管\J11BS.5314  5324\J11BS.5314.A.050.924 | VJMsg\J11BS.5314.A.050.924 | VJMsg\J11B钢管\5314.B.035\5314.A\050\J11BS.5314.A.050.924"
"30 11.5314.K.400.940","3","2","NO","VJMsg\30 11.5314.K.400.940 | VJMsg\30 11\30 11.5314\400\30 11.5314.K.400.940 | VJMsg\无人机\液压油\30 11.5314.K.400.940"
"J16.5314.A.410.987","3","2","NO","J16\J16.5314.A.410.987 | J16\HUANG\黄\7\J16.5314.A.410.987 | J16\结构部管子\J16.5314.A.410.987"
"J16.0740.A.295.981","3","1","YES","J16\J16.0740.A.295.981 | J16\0740\J16.0740.A.295.981 | J16\QL\全蓝\0740\J16.0740.A.295.981"
"J16.7601.A.750.000","3","1","YES","J16\J16.7601.A.750.000 | J16\BLM\LV\J16.7601.A.750.000 | J16\铝管\7601\J16.7601.A.750.000"
"J16.7601.A.785.000","3","1","YES","J16\J16.7601.A.785.000 | J16\BLM\LV\J16.7601.A.785.000 | J16\铝管\7601\J16.7601.A.785.000"
"025.901","3","2","NO","J16\QL\全蓝\新建文件夹\025.901 | J16\ZG\6101\025.901 | VJMsg\制造件\J16DX\8\025.901"
"030.902","3","2","NO","J16\QL\全蓝\新建文件夹\030.902 | J16\QL\蓝\新建文件夹\030.902 | VJMsg\制造件\J16DX\8\030.902"
"305.931","3","2","NO","J16\QL\全蓝\新建文件夹\305.931 | J16\QL\蓝1\305.931 | VJMsg\制造件\J16DX\8\305.931"
"J16.5314.A.410.983","3","1","YES","J16\J16.5314.A.410.983 | J16\HUANG\黄红\3\J16.5314.A.410.983 | J16\结构部管子\J16.5314.A.410.983"
"J16.0740.A.295.932","3","1","YES","J16\J16.0740.A.295.932 | J16\0740\J16.0740.A.295.932 | J16\QL\全蓝\0740\J16.0740.A.295.932"
"305.925","3","2","NO","J16\QL\全蓝\新建文件夹\305.925 | J16\QL\蓝1\305.925 | VJMsg\制造件\J16DX\8\305.925"
"J16.5314.A.410.986","3","1","YES","J16\J16.5314.A.410.986 | J16\HUANG\黄黑\6\J16.5314.A.410.986 | J16\结构部管子\J16.5314.A.410.986"
"J16.0740.A.295.983","3","2","NO","J16\J16.0740.A.295.983 | J16\0740\J16.0740.A.295.983 | J16\QL\全蓝\0740\J16.0740.A.295.983"
"J16.0740.A.295.984","3","1","YES","J16\J16.0740.A.295.984 | J16\0740\J16.0740.A.295.984 | J16\QL\全蓝\0740\J16.0740.A.295.984"
"J16.5314.A.445.925","3","1","YES","J16\J16.5314.A.445.925 | J16\HUANG\黄红\5\J16.5314.A.445.925 | J16\结构部管子\黄红\J16.5314.A.445.925"
"J11BS.5314.A.050.927","3","1","YES","J11B直管\J11BS.5314  5324\J11BS.5314.A.050.927 | VJMsg\J11BS.5314.A.050.927 | VJMsg\J11B钢管\5314.B.035\5314.A\050\J11BS.5314.A.050.927"
"30 11.5314.7.210.963","3","2","NO","VJMsg\30 11.5314.7.210.963 | VJMsg\30 11\30 11.5314\210\30 11.5314.7.210.963 | VJMsg\30 11\30 11.5314\新建文件夹 (2)\30 11.5314.7.210.963"
"300.923","3","2","NO","J16\HUANG\黄红\300.923 | J16\QL\全蓝\新建文件夹\300.923 | VJMsg\制造件\J16DX\8\300.923"
"J11BS.5314.A.050.926","3","1","YES","J11B直管\J11BS.5314  5324\J11BS.5314.A.050.926 | VJMsg\J11BS.5314.A.050.926 | VJMsg\J11B钢管\5314.B.035\5314.A\050\J11BS.5314.A.050.926"
"J16.5314.A.555.903","3","1","YES","J16\J16.5314.A.555.903 | J16\HUANG\黄\J16.5314.A.555.903 | J16\红牌\J16.5314.A.555.903"
"30 11.5314.7.215.931","3","2","NO","VJMsg\30 11.5314.7.215.931 | VJMsg\30 11\30 11.5314\215\30 11.5314.7.215.931 | VJMsg\30 11\30 11.5314\新建文件夹 (2)\30 11.5314.7.215.931"
"30 11.5314.7.215.932","3","2","NO","VJMsg\30 11.5314.7.215.932 | VJMsg\30 11\30 11.5314\215\30 11.5314.7.215.932 | VJMsg\30 11\30 11.5314\新建文件夹 (2)\30 11.5314.7.215.932"
"J16.7602.A.310.000","3","2","NO","J16\J16.7602.A.310.000 | J16\BLM\LV\J16.7602.A.310.000 | J16\铝管\7601\J16.7602.A.310.000"
"30 11.5314.K.300.922","3","2","NO","VJMsg\30 11.5314.K.300.922 | VJMsg\30 11\30 11.5314\300\30 11.5314.K.300.922 | VJMsg\30 11\30 11.5314\新建文件夹 (2)\30 11.5314.K.300.922"
"J16.5314.A.445.926","3","1","YES","J16\J16.5314.A.445.926 | J16\HUANG\黄黑\6\J16.5314.A.445.926 | J16\结构部管子\黄黑\J16.5314.A.445.926"
"J16.7602.A.350.000","3","1","YES","J16\J16.7602.A.350.000 | J16\BLM\LV\J16.7602.A.350.000 | J16\铝管\7601\J16.7602.A.350.000"
"30 11.5314.7.215.939","3","2","NO","VJMsg\30 11.5314.7.215.939 | VJMsg\30 11\30 11.5314\215\30 11.5314.7.215.939 | VJMsg\30 11\30 11.5314\新建文件夹 (2)\30 11.5314.7.215.939"
"305.921","3","2","NO","J16\HUANG\黄黑\新建文件夹\305.921 | J16\QL\全蓝\新建文件夹\305.921 | VJMsg\制造件\J16DX\8\305.921"
"30 11.5314.K.300.921","3","2","NO","VJMsg\30 11.5314.K.300.921 | VJMsg\30 11\30 11.5314\300\30 11.5314.K.300.921 | VJMsg\30 11\30 11.5314\新建文件夹 (2)\30 11.5314.K.300.921"
"J11BS.7420.A.910.990","3","1","YES","J11B直管\J11BS绿\J11BS.7420.A.910.990 | VJMsg\J11BS.7420.A.910.990 | VJMsg\J11BS.7420.A\ZGJ11BSLV\J11BS.7420.A.910.990"
"30 11.0745.K.005.925","3","1","YES","VJMsg\30 11.0745.K.005.925 | VJMsg\30 11\30 直管\30 11.0745.K.005.925 | VJMsg\QL30\QK\30 11.0745.K.005.925"
"30 11.0745.K.005.916","3","1","YES","VJMsg\30 11.0745.K.005.916 | VJMsg\30 11\30 11.0740\30 11.0745.K.005.916 | VJMsg\30 11\30 直管\ZGBPQ\ZGLAN\30 11.0745.K.005.916"
"J11B.6100.B.620.000","3","2","NO","J11B直管\6100\J11B.6100.B.620.000 | VJMsg\J11B.6100.B.620.000 | VJMsg\7402.B\J11B.6100.B\J11B.6100.B.620.000"
"30 11.5314.7.210.948","3","2","NO","VJMsg\30 11.5314.7.210.948 | VJMsg\30 11\30 11.5314\210\30 11.5314.7.210.948 | VJMsg\30 11\30 11.5314\新建文件夹 (2)\30 11.5314.7.210.948"
"J11BS.7410.A.925.917","3","1","YES","J11B直管\J11BS.7410.A\J11BS.7410.A.925.917 | VJMsg\J11BS.7410.A.925.917 | VJMsg\J11B钢管\QL\J11BS.7410.A.925.917"
"J16.7402.A.440.000","3","1","YES","J16\J16.7402.A.440.000 | J16\BLM\LV\J16.7402.A.440.000 | J16\铝管\7402\J16.7402.A.440.000"
"J16.7402.A.420.000","3","1","YES","J16\J16.7402.A.420.000 | J16\BLM\LV\J16.7402.A.420.000 | J16\铝管\7402\J16.7402.A.420.000"
"30 11.5314.K.050.916","3","2","NO","VJMsg\30 11.5314.K.050.916 | VJMsg\30 11\30 11.5314\050\30 11.5314.K.050.916 | VJMsg\30 11\30 11.5314\新建文件夹 (2)\30 11.5314.K.050.916"
"30 11.5314.4.010.997","3","1","YES","VJMsg\30 11.5314.4.010.997 | VJMsg\30 11\30 11.5314\210\30 11.5314.4.010.997 | VJMsg\30红牌\5314\30 11.5314.4.010.997"
"J11B.5318.B.935.901","3","1","YES","J11B直管\深灰\J11B.5318.B.935.901 | VJMsg\J11B.5318.B.935.901 | VJMsg\7402.B\5318\J11B.5318.B.935.901"
"J11B.5318.B.935.902","3","1","YES","J11B直管\深灰\J11B.5318.B.935.902 | VJMsg\J11B.5318.B.935.902 | VJMsg\7402.B\5318\J11B.5318.B.935.902"
"30 11.5314.3.325.921","3","2","NO","VJMsg\30 11.5314.3.325.921 | VJMsg\30 11\30 11.5314\325\30 11.5314.3.325.921 | VJMsg\30 11\30 11.5314\新建文件夹 (2)\30 11.5314.3.325.921"
"J16.0740.A.295.911","3","1","YES","J16\J16.0740.A.295.911 | J16\0740\J16.0740.A.295.911 | J16\QL\全蓝\0740\J16.0740.A.295.911"
"30 11.0740.K.020.942","3","1","YES","VJMsg\30 11.0740.K.020.942 | VJMsg\30 11\30 直管\30 11.0740.K.020.942 | VJMsg\30 11\30 直管\新建文件夹\30 11.0740.K.020.942"
"30 11.0740.K.020.927","3","1","YES","VJMsg\30 11.0740.K.020.927 | VJMsg\30 11\30 11.0740\020\30 11.0740.K.020.927 | VJMsg\30 11\30 直管\新建文件夹\30 11.0740.K.020.927"
"30 11.5314.K.050.910","3","2","NO","VJMsg\30 11.5314.K.050.910 | VJMsg\30 11\30 11.5314\050\30 11.5314.K.050.910 | VJMsg\30 11\30 11.5314\新建文件夹 (2)\30 11.5314.K.050.910"
"J16.0740.A.295.910","3","1","YES","J16\J16.0740.A.295.910 | J16\0740\J16.0740.A.295.910 | J16\QL\全蓝\0740\J16.0740.A.295.910"
"J11B.6100.B.880.959","3","1","YES","J11B直管\6100\J11B.6100.B.880.959 | VJMsg\J11B.6100.B.880.959 | VJMsg\7402.B\J11B.6100.B\J11B.6100.B.880.959"
"J16.0740.A.295.912","3","1","YES","J16\J16.0740.A.295.912 | J16\0740\J16.0740.A.295.912 | J16\QL\全蓝\0740\J16.0740.A.295.912"
"J11B.6100.B.880.957","3","2","NO","J11B直管\6100\J11B.6100.B.880.957 | VJMsg\J11B.6100.B.880.957 | VJMsg\7402.B\J11B.6100.B\J11B.6100.B.880.957"
"30 11.5314.3.325.907","3","2","NO","VJMsg\30 11.5314.3.325.907 | VJMsg\30 11\30 11.5314\325\30 11.5314.3.325.907 | VJMsg\30 11\30 11.5314\新建文件夹 (2)\30 11.5314.3.325.907"
"30 11.0740.K.020.952","3","1","YES","VJMsg\30 11.0740.K.020.952 | VJMsg\30 11\30 直管\30 11.0740.K.020.952 | VJMsg\30 11\30 直管\新建文件夹\30 11.0740.K.020.952"
"J11B.6100.B.885.919","3","1","YES","J11B直管\6100\J11B.6100.B.885.919 | VJMsg\J11B.6100.B.885.919 | VJMsg\7402.B\J11B.6100.B\J11B.6100.B.885.919"
"J16.7402.A.220.000","3","1","YES","J16\J16.7402.A.220.000 | J16\BLM\LV\J16.7402.A.220.000 | J16\铝管\7402\J16.7402.A.220.000"
"30 11.0740.K.180.985","3","1","YES","VJMsg\30 11.0740.K.180.985 | VJMsg\30 11\30 11.0740\180\30 11.0740.K.180.985 | VJMsg\30 11\30 直管\浅灰\30 11.0740.K.180.985"
"30 11.0740.K.180.989","3","1","YES","VJMsg\30 11.0740.K.180.989 | VJMsg\30 11\30 11.0740\180\30 11.0740.K.180.989 | VJMsg\30 11\30 直管\浅灰\30 11.0740.K.180.989"
"30 11.0740.K.295.936","3","1","YES","VJMsg\30 11.0740.K.295.936 | VJMsg\30 11\30 直管\ZGBPQ\ZGLAN\30 11.0740.K.295.936 | VJMsg\QL30\QH\30 11.0740.K.295.936"
"J16.7402.A.060.907","3","1","YES","J16\J16.7402.A.060.907 | J16\BLM\LV\J16.7402.A.060.907 | J16\铝管\7402\J16.7402.A.060.907"
"J11B.6101.B.810.935","3","1","YES","J11B直管\J11B.6101.B.810.935 | VJMsg\J11B.6101.B.810.935 | VJMsg\7402.B\J11B.6101.B\J11B.6101.B.810.935"
"J11B.6101.B.810.933","3","1","YES","J11B直管\J11B.6101.B.810.933 | VJMsg\J11B.6101.B.810.933 | VJMsg\7402.B\J11B.6101.B\J11B.6101.B.810.933"
"30 11.0740.K.295.918","3","1","YES","VJMsg\30 11.0740.K.295.918 | VJMsg\30 11\30 直管\ZGBPQ\ZGLAN\30 11.0740.K.295.918 | VJMsg\QL30\QH\30 11.0740.K.295.918"
"J11B.0745.B.815.940","3","1","YES","J11B直管\J11B.0745.B.815.940 | VJMsg\J11B.0745.B.815.940 | VJMsg\J11B钢管\0745QK\J11B.0745.B.815.940"
"J16.5314.A.410.975","3","1","YES","J16\J16.5314.A.410.975 | J16\HUANG\黄红\5\J16.5314.A.410.975 | J16\结构部管子\J16.5314.A.410.975"
"30 11.5314.K.300.906","3","3","NO","VJMsg\30 11.5314.K.300.906 | VJMsg\30 11\30 11.5314\300\30 11.5314.K.300.906 | VJMsg\30 11\30 11.5314\新建文件夹 (2)\30 11.5314.K.300.906"
"30 11.5314.K.035.991","3","2","NO","VJMsg\30 11.5314.K.035.991 | VJMsg\30 11\30 11.5314\035\30 11.5314.K.035.991 | VJMsg\30 11\30 11.5314\新建文件夹 (2)\30 11.5314.K.035.991"
"30 11.0740.K.295.910","3","1","YES","VJMsg\30 11.0740.K.295.910 | VJMsg\QL30\30 11.0740.K.295.910 | VJMsg\QL30\0740LAN\30 11.0740.K.295.910"
"30 11.0740.K.180.965","3","1","YES","VJMsg\30 11.0740.K.180.965 | VJMsg\30 11\30 11.0740\180\30 11.0740.K.180.965 | VJMsg\QL30\QH\30 11.0740.K.180.965"
"30 11.0740.K.180.967","3","1","YES","VJMsg\30 11.0740.K.180.967 | VJMsg\30 11\30 11.0740\180\30 11.0740.K.180.967 | VJMsg\QL30\0740LAN\30 11.0740.K.180.967"
"30 11.0740.K.180.971","3","1","YES","VJMsg\30 11.0740.K.180.971 | VJMsg\30 11\30 11.0740\180\30 11.0740.K.180.971 | VJMsg\QL30\0740LAN\30 11.0740.K.180.971"
"J16.7402.A.190.000","3","1","YES","J16\J16.7402.A.190.000 | J16\BLM\LV\J16.7402.A.190.000 | J16\铝管\7402\J16.7402.A.190.000"
"30 11.5314.K.035.973","3","2","NO","VJMsg\30 11.5314.K.035.973 | VJMsg\30 11\30 11.5314\035\30 11.5314.K.035.973 | VJMsg\30 11\30 11.5314\新建文件夹 (2)\30 11.5314.K.035.973"
"30 11.0740.K.180.949","3","1","YES","VJMsg\30 11.0740.K.180.949 | VJMsg\30 11\30 11.0740\180\30 11.0740.K.180.949 | VJMsg\QL30\0740LAN\30 11.0740.K.180.949"
"J11B.6125.B.065.945","3","3","NO","J11B直管\J11B.6125.B.065.945 | VJMsg\J11B.6125.B.065.945 | VJMsg\J11B铝管\燃油管\燃油管不喷漆\J11B.6125.B.065.945"
"J11B.6101.B.810.937","3","1","YES","J11B直管\J11B.6101.B.810.937 | VJMsg\J11B.6101.B.810.937 | VJMsg\7402.B\J11B.6101.B\J11B.6101.B.810.937"
"J16.7402.A.100.000","3","1","YES","J16\J16.7402.A.100.000 | J16\BLM\LV\J16.7402.A.100.000 | J16\铝管\7402\J16.7402.A.100.000"
"J16.7402.A.170.000","3","1","YES","J16\J16.7402.A.170.000 | J16\BLM\LV\J16.7402.A.170.000 | J16\铝管\7402\J16.7402.A.170.000"
"J16.7402.A.155.000","3","1","YES","J16\J16.7402.A.155.000 | J16\BLM\LV\J16.7402.A.155.000 | J16\铝管\7402\J16.7402.A.155.000"
"J16.7402.A.130.000","3","1","YES","J16\J16.7402.A.130.000 | J16\BLM\LV\J16.7402.A.130.000 | J16\铝管\7402\J16.7402.A.130.000"
"J11BS.0740.A.295.906","3","1","YES","J11B直管\J11BS.0740.A\J11BS.0740.A.295.906 | VJMsg\J11BS.0740.A.295.906 | VJMsg\J11BS.7420.A\J11BS.0740.A\J11BS.0740.A.295.906"
"J11BS.0740.A.295.905","3","1","YES","J11B直管\J11BS.0740.A\J11BS.0740.A.295.905 | VJMsg\J11BS.0740.A.295.905 | VJMsg\J11BS.7420.A\J11BS.0740.A\J11BS.0740.A.295.905"
"J11BS.0740.A.295.904","3","1","YES","J11B直管\J11BS.0740.A\J11BS.0740.A.295.904 | VJMsg\J11BS.0740.A.295.904 | VJMsg\J11BS.7420.A\J11BS.0740.A\J11BS.0740.A.295.904"
"J11BS.0740.A.295.907","3","1","YES","J11B直管\J11BS.0740.A\J11BS.0740.A.295.907 | VJMsg\J11BS.0740.A.295.907 | VJMsg\J11BS.7420.A\J11BS.0740.A\J11BS.0740.A.295.907"
"J11BS.0740.A.295.910","3","1","YES","J11B直管\J11BS.0740.A\J11BS.0740.A.295.910 | VJMsg\J11BS.0740.A.295.910 | VJMsg\J11BS.7420.A\J11BS.0740.A\J11BS.0740.A.295.910"
"J11BS.0740.A.295.909","3","1","YES","J11B直管\J11BS.0740.A\J11BS.0740.A.295.909 | VJMsg\J11BS.0740.A.295.909 | VJMsg\J11BS.7420.A\J11BS.0740.A\J11BS.0740.A.295.909"
"J11BS.0740.A.295.908","3","1","YES","J11B直管\J11BS.0740.A\J11BS.0740.A.295.908 | VJMsg\J11BS.0740.A.295.908 | VJMsg\J11BS.7420.A\J11BS.0740.A\J11BS.0740.A.295.908"
"J11BS.0740.A.295.903","3","2","NO","J11B直管\J11BS.0740.A\J11BS.0740.A.295.903 | VJMsg\J11BS.0740.A.295.903 | VJMsg\J11BS.7420.A\J11BS.0740.A\J11BS.0740.A.295.903"
"J11BS.0740.A.295.931","3","1","YES","J11B直管\J11BS.0740.A\J11BS.0740.A.295.931 | VJMsg\J11BS.0740.A.295.931 | VJMsg\J11BS.7420.A\J11BS.0740.A\J11BS.0740.A.295.931"
"J11B.6101.B.995.925","3","1","YES","J11B直管\985\J11B.6101.B.995.925 | VJMsg\J11B.6101.B.995.925 | VJMsg\J11B铝管\燃油管\J11B.6101.B\新建文件夹\新建文件夹\新建文件夹\J11B.6101.B.995.925"
"J11B.6101.B.985.966","3","1","YES","J11B直管\985\J11B.6101.B.985.966 | VJMsg\J11B.6101.B.985.966 | VJMsg\J11B钢管\QL\燃油\J11B.6101.B.985.966"
"J16.7601.A.120.000","3","1","YES","J16\J16.7601.A.120.000 | J16\BLM\J16.7601.A.120.000 | J16\铝管\7601\J16.7601.A.120.000"
"J11BS.0740.A.295.902","3","1","YES","J11B直管\J11BS.0740.A\J11BS.0740.A.295.902 | VJMsg\J11BS.0740.A.295.902 | VJMsg\J11BS.7420.A\J11BS.0740.A\J11BS.0740.A.295.902"
"J11BS.0740.A.295.901","3","1","YES","J11B直管\J11BS.0740.A\J11BS.0740.A.295.901 | VJMsg\J11BS.0740.A.295.901 | VJMsg\J11BS.7420.A\J11BS.0740.A\J11BS.0740.A.295.901"
"J11BS.5324.A.010.984","3","1","YES","J11B直管\J11BS.5314  5324\J11BS.5324.A.010.984 | VJMsg\J11BS.5324.A.010.984 | VJMsg\J11B钢管\QL\5334.A\5324.A\010\J11BS.5324.A.010.984"
"J11BS.0740.A.295.922","3","1","YES","J11B直管\J11BS.0740.A\J11BS.0740.A.295.922 | VJMsg\J11BS.0740.A.295.922 | VJMsg\J11BS.7420.A\J11BS.0740.A\J11BS.0740.A.295.922"
"J11BS.0740.A.295.921","3","1","YES","J11B直管\J11BS.0740.A\J11BS.0740.A.295.921 | VJMsg\J11BS.0740.A.295.921 | VJMsg\J11BS.7420.A\J11BS.0740.A\J11BS.0740.A.295.921"
"J11BS.0740.A.295.920","3","2","NO","J11B直管\J11BS.0740.A\J11BS.0740.A.295.920 | VJMsg\J11BS.0740.A.295.920 | VJMsg\J11BS.7420.A\J11BS.0740.A\J11BS.0740.A.295.920"
"J11BS.0740.A.295.923","3","1","YES","J11B直管\J11BS.0740.A\J11BS.0740.A.295.923 | VJMsg\J11BS.0740.A.295.923 | VJMsg\J11BS.7420.A\J11BS.0740.A\J11BS.0740.A.295.923"
"J11BS.0740.A.295.929","3","1","YES","J11B直管\J11BS.0740.A\J11BS.0740.A.295.929 | VJMsg\J11BS.0740.A.295.929 | VJMsg\J11BS.7420.A\J11BS.0740.A\J11BS.0740.A.295.929"
"J11BS.0740.A.295.927","3","1","YES","J11B直管\J11BS.0740.A\J11BS.0740.A.295.927 | VJMsg\J11BS.0740.A.295.927 | VJMsg\J11BS.7420.A\J11BS.0740.A\J11BS.0740.A.295.927"
"J11BS.0740.A.295.925","3","1","YES","J11B直管\J11BS.0740.A\J11BS.0740.A.295.925 | VJMsg\J11BS.0740.A.295.925 | VJMsg\J11BS.7420.A\J11BS.0740.A\J11BS.0740.A.295.925"
"J11BS.0740.A.295.919","3","1","YES","J11B直管\J11BS.0740.A\J11BS.0740.A.295.919 | VJMsg\J11BS.0740.A.295.919 | VJMsg\J11BS.7420.A\J11BS.0740.A\J11BS.0740.A.295.919"
"J11BS.0740.A.295.914","3","1","YES","J11B直管\J11BS.0740.A\J11BS.0740.A.295.914 | VJMsg\J11BS.0740.A.295.914 | VJMsg\J11BS.7420.A\J11BS.0740.A\J11BS.0740.A.295.914"
"J11BS.0740.A.295.913","3","1","YES","J11B直管\J11BS.0740.A\J11BS.0740.A.295.913 | VJMsg\J11BS.0740.A.295.913 | VJMsg\J11BS.7420.A\J11BS.0740.A\J11BS.0740.A.295.913"
"J11BS.0740.A.295.912","3","1","YES","J11B直管\J11BS.0740.A\J11BS.0740.A.295.912 | VJMsg\J11BS.0740.A.295.912 | VJMsg\J11BS.7420.A\J11BS.0740.A\J11BS.0740.A.295.912"
"J11BS.0740.A.295.915","3","1","YES","J11B直管\J11BS.0740.A\J11BS.0740.A.295.915 | VJMsg\J11BS.0740.A.295.915 | VJMsg\J11BS.7420.A\J11BS.0740.A\J11BS.0740.A.295.915"
"J11BS.0740.A.295.918","3","1","YES","J11B直管\J11BS.0740.A\J11BS.0740.A.295.918 | VJMsg\J11BS.0740.A.295.918 | VJMsg\J11BS.7420.A\J11BS.0740.A\J11BS.0740.A.295.918"
"J11BS.0740.A.295.917","3","1","YES","J11B直管\J11BS.0740.A\J11BS.0740.A.295.917 | VJMsg\J11BS.0740.A.295.917 | VJMsg\J11BS.7420.A\J11BS.0740.A\J11BS.0740.A.295.917"
"J11BS.0740.A.295.916","3","2","NO","J11B直管\J11BS.0740.A\J11BS.0740.A.295.916 | VJMsg\J11BS.0740.A.295.916 | VJMsg\J11BS.7420.A\J11BS.0740.A\J11BS.0740.A.295.916"
"30 11.5314.3.325.932","3","2","NO","VJMsg\30 11.5314.3.325.932 | VJMsg\30 11\30 11.5314\325\30 11.5314.3.325.932 | VJMsg\30 11\30 11.5314\新建文件夹 (2)\30 11.5314.3.325.932"
"30 11.0740.K.020.915","3","1","YES","VJMsg\30 11.0740.K.020.915 | VJMsg\30 11\30 11.0740\020\30 11.0740.K.020.915 | VJMsg\30 11\30 直管\新建文件夹\30 11.0740.K.020.915"
"30 11.0740.K.020.905","3","1","YES","VJMsg\30 11.0740.K.020.905 | VJMsg\30 11\30 11.0740\020\30 11.0740.K.020.905 | VJMsg\30 11\30 直管\新建文件夹\30 11.0740.K.020.905"
"J16.7601.A.020.000","3","1","YES","J16\J16.7601.A.020.000 | J16\BLM\J16.7601.A.020.000 | J16\铝管\7601\J16.7601.A.020.000"
"30 11.0740.K.020.902","3","1","YES","VJMsg\30 11.0740.K.020.902 | VJMsg\30 11\30 11.0740\020\30 11.0740.K.020.902 | VJMsg\30 11\30 直管\新建文件夹\30 11.0740.K.020.902"
"30 11.0740.K.020.917","3","1","YES","VJMsg\30 11.0740.K.020.917 | VJMsg\30 11\30 11.0740\020\30 11.0740.K.020.917 | VJMsg\30 11\30 直管\新建文件夹\30 11.0740.K.020.917"
"30 11.0740.K.020.918","3","1","YES","VJMsg\30 11.0740.K.020.918 | VJMsg\30 11\30 11.0740\020\30 11.0740.K.020.918 | VJMsg\30 11\30 直管\新建文件夹\30 11.0740.K.020.918"
"30 11.0740.K.020.924","3","1","YES","VJMsg\30 11.0740.K.020.924 | VJMsg\30 11\30 11.0740\020\30 11.0740.K.020.924 | VJMsg\30 11\30 直管\新建文件夹\30 11.0740.K.020.924"
"30 11.0740.K.020.909","3","1","YES","VJMsg\30 11.0740.K.020.909 | VJMsg\30 11\30 11.0740\020\30 11.0740.K.020.909 | VJMsg\30 11\30 直管\新建文件夹\30 11.0740.K.020.909"
"J11BS.7410.A.925.902","3","1","YES","J11B直管\J11BS.7410.A\J11BS.7410.A.925.902 | VJMsg\J11BS.7410.A.925.902 | VJMsg\J11B钢管\QL\J11BS.7410.A.925.902"
"30 11.0740.K.020.926","3","1","YES","VJMsg\30 11.0740.K.020.926 | VJMsg\30 11\30 11.0740\020\30 11.0740.K.020.926 | VJMsg\30 11\30 直管\新建文件夹\30 11.0740.K.020.926"
"J11B.5334.B.315.901","2","1","YES","VJMsg\J11B.5334.B.315.901 | VJMsg\J11B钢管\QL\5334.B\315\J11B.5334.B.315.901"
"J16.5314.A.220.912","2","1","YES","J16\J16.5314.A.220.912 | J16\HUANG\黄黑\2\J16.5314.A.220.912"
"J11B.5334.B.300.959","2","1","YES","VJMsg\J11B.5334.B.300.959 | VJMsg\11B红牌\J11B.5334.B.300.959"
"J16.5314.A.220.911","2","1","YES","J16\J16.5314.A.220.911 | J16\HUANG\黄红\1\J16.5314.A.220.911"
"J16.5314.A.220.910","2","2","NO","J16\J16.5314.A.220.910 | J16\HUANG\黄黑\新建文件夹\J16.5314.A.220.910"
"J11B.5334.B.300.958","2","1","YES","VJMsg\J11B.5334.B.300.958 | VJMsg\11B红牌\J11B.5334.B.300.958"
"J11B.5334.B.025.920","2","1","YES","VJMsg\J11B.5334.B.025.920 | VJMsg\J11B钢管\QL\5334.B\J11B.5334.B.025.920"
"J11B.5334.B.315.926","2","1","YES","VJMsg\J11B.5334.B.315.926 | VJMsg\J11B钢管\QL\5334.B\315\J11B.5334.B.315.926"
"J11B.5334.B.025.923","2","1","YES","VJMsg\J11B.5334.B.025.923 | VJMsg\J11B钢管\QL\5334.B\J11B.5334.B.025.923"
"J11B.5334.B.025.922","2","1","YES","VJMsg\J11B.5334.B.025.922 | VJMsg\J11B钢管\QL\5334.B\J11B.5334.B.025.922"
"J11B.5334.B.315.919","2","1","YES","VJMsg\J11B.5334.B.315.919 | VJMsg\J11B钢管\QL\5334.B\315\J11B.5334.B.315.919"
"J11B.5334.B.315.928","2","1","YES","VJMsg\J11B.5334.B.315.928 | VJMsg\J11B钢管\QL\5334.B\315\J11B.5334.B.315.928"
"J11B.5334.B.315.921","2","1","YES","VJMsg\J11B.5334.B.315.921 | VJMsg\J11B钢管\QL\5334.B\315\J11B.5334.B.315.921"
"J11B.5334.B.025.924","2","1","YES","VJMsg\J11B.5334.B.025.924 | VJMsg\11B红牌\J11B.5334.B.025.924"
"J11B.5334.B.025.910","2","1","YES","VJMsg\J11B.5334.B.025.910 | VJMsg\J11B钢管\QL\5334.B\J11B.5334.B.025.910"
"J11B.5334.B.315.925","2","1","YES","VJMsg\J11B.5334.B.315.925 | VJMsg\J11B钢管\QL\5334.B\315\J11B.5334.B.315.925"
"J11B.5334.B.315.923","2","1","YES","VJMsg\J11B.5334.B.315.923 | VJMsg\J11B钢管\QL\5334.B\315\J11B.5334.B.315.923"
"J11B.5334.B.025.919","2","1","YES","VJMsg\J11B.5334.B.025.919 | VJMsg\J11B钢管\QL\5334.B\J11B.5334.B.025.919"
"J16.5314.A.220.903","2","1","YES","J16\J16.5314.A.220.903 | J16\HUANG\黄红\3\J16.5314.A.220.903"
"J16.5314.A.220.906","2","1","YES","J16\J16.5314.A.220.906 | J16\HUANG\黄黑\新建文件夹\J16.5314.A.220.906"
"J16.5314.A.220.905","2","1","YES","J16\J16.5314.A.220.905 | J16\HUANG\黄红\5\J16.5314.A.220.905"
"J11B.5334.B.315.920","2","1","YES","VJMsg\J11B.5334.B.315.920 | VJMsg\J11B钢管\QL\5334.B\315\J11B.5334.B.315.920"
"J11B.5334.B.315.907","2","1","YES","VJMsg\J11B.5334.B.315.907 | VJMsg\J11B钢管\QL\5334.B\315\J11B.5334.B.315.907"
"J11B.5334.B.025.911","2","1","YES","VJMsg\J11B.5334.B.025.911 | VJMsg\J11B钢管\QL\5334.B\J11B.5334.B.025.911"
"J11B.5334.B.315.911","2","1","YES","VJMsg\J11B.5334.B.315.911 | VJMsg\J11B钢管\QL\5334.B\315\J11B.5334.B.315.911"
"J11B.5334.B.315.910","2","1","YES","VJMsg\J11B.5334.B.315.910 | VJMsg\J11B钢管\QL\5334.B\315\J11B.5334.B.315.910"
"J11B.5334.B.315.909","2","1","YES","VJMsg\J11B.5334.B.315.909 | VJMsg\J11B钢管\QL\5334.B\315\J11B.5334.B.315.909"
"J16.5314.A.220.904","2","1","YES","J16\J16.5314.A.220.904 | J16\HUANG\黄黑\4\J16.5314.A.220.904"
"J11B.5334.B.315.918","2","1","YES","VJMsg\J11B.5334.B.315.918 | VJMsg\J11B钢管\QL\5334.B\315\J11B.5334.B.315.918"
"J11B.5334.B.315.916","2","1","YES","VJMsg\J11B.5334.B.315.916 | VJMsg\11B红牌\J11B.5334.B.315.916"
"J11B.5334.B.315.902","2","1","YES","VJMsg\J11B.5334.B.315.902 | VJMsg\J11B钢管\QL\5334.B\315\J11B.5334.B.315.902"
"J11B.5334.B.025.918","2","1","YES","VJMsg\J11B.5334.B.025.918 | VJMsg\J11B钢管\QL\5334.B\J11B.5334.B.025.918"
"J11B.5334.B.025.902","2","1","YES","VJMsg\J11B.5334.B.025.902 | VJMsg\J11B钢管\QL\5334.B\J11B.5334.B.025.902"
"J16.5314.A.220.909","2","1","YES","J16\J16.5314.A.220.909 | J16\HUANG\黄红\9\J16.5314.A.220.909"
"J11B.5334.B.025.907","2","1","YES","VJMsg\J11B.5334.B.025.907 | VJMsg\J11B钢管\QL\5334.B\J11B.5334.B.025.907"
"J16.5314.A.220.908","2","1","YES","J16\J16.5314.A.220.908 | J16\HUANG\黄黑\8\J16.5314.A.220.908"
"J11B.5334.B.315.905","2","1","YES","VJMsg\J11B.5334.B.315.905 | VJMsg\J11B钢管\QL\5334.B\315\J11B.5334.B.315.905"
"J11B.5334.B.025.901","2","1","YES","VJMsg\J11B.5334.B.025.901 | VJMsg\J11B钢管\QL\5334.B\J11B.5334.B.025.901"
"J11B.5334.B.315.906","2","1","YES","VJMsg\J11B.5334.B.315.906 | VJMsg\J11B钢管\QL\5334.B\315\J11B.5334.B.315.906"
"J11B.5334.B.315.903","2","2","NO","VJMsg\J11B.5334.B.315.903 | VJMsg\J11B钢管\QL\5334.B\315\J11B.5334.B.315.903"
"J16.5314.A.220.907","2","1","YES","J16\J16.5314.A.220.907 | J16\HUANG\黄红\7\J16.5314.A.220.907"
"J11B.5334.B.025.906","2","1","YES","VJMsg\J11B.5334.B.025.906 | VJMsg\J11B钢管\QL\5334.B\J11B.5334.B.025.906"
"J16.5314.A.300.921","2","1","YES","J16\J16.5314.A.300.921 | J16\HUANG\黄红\1\J16.5314.A.300.921"
"J16.5314.A.300.922","2","1","YES","J16\J16.5314.A.300.922 | J16\HUANG\黄红\2\J16.5314.A.300.922"
"J16.5314.A.300.923","2","1","YES","J16\J16.5314.A.300.923 | J16\HUANG\黄红\3\J16.5314.A.300.923"
"J16.5314.A.300.915","2","1","YES","J16\J16.5314.A.300.915 | J16\HUANG\黄\5\J16.5314.A.300.915"
"J16.5314.A.300.916","2","1","YES","J16\J16.5314.A.300.916 | J16\HUANG\黄\6\J16.5314.A.300.916"
"J16.5314.A.300.920","2","1","YES","J16\J16.5314.A.300.920 | J16\HUANG\黄红\0\J16.5314.A.300.920"
"J16.5314.A.300.927","2","1","YES","J16\J16.5314.A.300.927 | J16\HUANG\黄红\7\J16.5314.A.300.927"
"J16.5314.A.300.928","2","1","YES","J16\J16.5314.A.300.928 | J16\HUANG\黄红\8\J16.5314.A.300.928"
"J16.5314.A.300.929","2","1","YES","J16\J16.5314.A.300.929 | J16\HUANG\黄红\9\J16.5314.A.300.929"
"J16.5314.A.300.924","2","1","YES","J16\J16.5314.A.300.924 | J16\HUANG\黄红\4\J16.5314.A.300.924"
"J16.5314.A.300.925","2","1","YES","J16\J16.5314.A.300.925 | J16\HUANG\黄红\5\J16.5314.A.300.925"
"J16.5314.A.300.926","2","1","YES","J16\J16.5314.A.300.926 | J16\HUANG\黄红\6\J16.5314.A.300.926"
"J16.5314.A.300.904","2","1","YES","J16\J16.5314.A.300.904 | J16\HUANG\黄\4\J16.5314.A.300.904"
"J16.5314.A.300.905","2","1","YES","J16\J16.5314.A.300.905 | J16\HUANG\黄\5\J16.5314.A.300.905"
"J16.5314.A.300.906","2","1","YES","J16\J16.5314.A.300.906 | J16\HUANG\黄\6\J16.5314.A.300.906"
"J16.5314.A.300.901","2","1","YES","J16\J16.5314.A.300.901 | J16\HUANG\黄\1\J16.5314.A.300.901"
"J16.5314.A.300.902","2","1","YES","J16\J16.5314.A.300.902 | J16\HUANG\黄\2\J16.5314.A.300.902"
"J16.5314.A.300.903","2","1","YES","J16\J16.5314.A.300.903 | J16\HUANG\黄\3\J16.5314.A.300.903"
"J16.5314.A.300.910","2","1","YES","J16\J16.5314.A.300.910 | J16\铝管\5314\J16.5314.A.300.910"
"J16.5314.A.300.911","2","1","YES","J16\J16.5314.A.300.911 | J16\铝管\5314\J16.5314.A.300.911"
"J16.5314.A.300.912","2","1","YES","J16\J16.5314.A.300.912 | J16\铝管\5314\J16.5314.A.300.912"
"J16.5314.A.300.907","2","1","YES","J16\J16.5314.A.300.907 | J16\铝管\5314\J16.5314.A.300.907"
"J16.5314.A.300.908","2","1","YES","J16\J16.5314.A.300.908 | J16\HUANG\绿\8\J16.5314.A.300.908"
"J16.5314.A.300.909","2","1","YES","J16\J16.5314.A.300.909 | J16\铝管\5314\J16.5314.A.300.909"
"J16.5314.A.300.952","2","1","YES","J16\J16.5314.A.300.952 | J16\HUANG\黄红\2\J16.5314.A.300.952"
"J16.5314.A.300.953","2","1","YES","J16\J16.5314.A.300.953 | J16\HUANG\黄红\3\J16.5314.A.300.953"
"J16.5314.A.300.954","2","1","YES","J16\J16.5314.A.300.954 | J16\HUANG\黄红\4\J16.5314.A.300.954"
"J16.5314.A.300.945","2","1","YES","J16\J16.5314.A.300.945 | J16\HUANG\黄黑\5\J16.5314.A.300.945"
"J16.5314.A.300.950","2","1","YES","J16\J16.5314.A.300.950 | J16\HUANG\黄红\0\J16.5314.A.300.950"
"J16.5314.A.300.951","2","1","YES","J16\J16.5314.A.300.951 | J16\HUANG\黄红\1\J16.5314.A.300.951"
"J16.5314.A.300.962","2","1","YES","J16\J16.5314.A.300.962 | J16\HUANG\黄\2\J16.5314.A.300.962"
"J16.5314.A.300.963","2","1","YES","J16\J16.5314.A.300.963 | J16\HUANG\黄\3\J16.5314.A.300.963"
"J16.5314.A.300.964","2","1","YES","J16\J16.5314.A.300.964 | J16\HUANG\黄\4\J16.5314.A.300.964"
"J16.5314.A.300.956","2","1","YES","J16\J16.5314.A.300.956 | J16\HUANG\黄红\6\J16.5314.A.300.956"
"J16.5314.A.300.960","2","1","YES","J16\J16.5314.A.300.960 | J16\HUANG\黄\J16.5314.A.300.960"
"J16.5314.A.300.961","2","1","YES","J16\J16.5314.A.300.961 | J16\HUANG\黄\1\J16.5314.A.300.961"
"J16.5314.A.300.934","2","1","YES","J16\J16.5314.A.300.934 | J16\HUANG\黄黑\4\J16.5314.A.300.934"
"J16.5314.A.300.935","2","1","YES","J16\J16.5314.A.300.935 | J16\HUANG\黄黑\5\J16.5314.A.300.935"
"J16.5314.A.300.936","2","1","YES","J16\J16.5314.A.300.936 | J16\HUANG\黄黑\6\J16.5314.A.300.936"
"J16.5314.A.300.931","2","2","NO","J16\J16.5314.A.300.931 | J16\HUANG\黄黑\新建文件夹\J16.5314.A.300.931"
"J16.5314.A.300.932","2","1","YES","J16\J16.5314.A.300.932 | J16\HUANG\黄黑\2\J16.5314.A.300.932"
"J16.5314.A.300.933","2","1","YES","J16\J16.5314.A.300.933 | J16\HUANG\黄黑\新建文件夹\J16.5314.A.300.933"
"J16.5314.A.300.941","2","1","YES","J16\J16.5314.A.300.941 | J16\HUANG\黄黑\1\J16.5314.A.300.941"
"J16.5314.A.300.942","2","1","YES","J16\J16.5314.A.300.942 | J16\HUANG\黄黑\2\J16.5314.A.300.942"
"J16.5314.A.300.943","2","1","YES","J16\J16.5314.A.300.943 | J16\HUANG\黄黑\3\J16.5314.A.300.943"
"J16.5314.A.300.937","2","1","YES","J16\J16.5314.A.300.937 | J16\HUANG\黄黑\7\J16.5314.A.300.937"
"J16.5314.A.300.938","2","1","YES","J16\J16.5314.A.300.938 | J16\HUANG\黄黑\8\J16.5314.A.300.938"
"J16.5314.A.300.940","2","1","YES","J16\J16.5314.A.300.940 | J16\HUANG\黄黑\0\J16.5314.A.300.940"
"J16.5314.A.225.920","2","1","YES","J16\J16.5314.A.225.920 | J16\HUANG\黄红\0\J16.5314.A.225.920"
"J16.5314.A.220.930","2","1","YES","J16\J16.5314.A.220.930 | J16\HUANG\黄红\0\J16.5314.A.220.930"
"J16.5314.A.220.931","2","2","NO","J16\J16.5314.A.220.931 | J16\HUANG\黄黑\新建文件夹\J16.5314.A.220.931"
"J16.5314.A.220.932","2","1","YES","J16\J16.5314.A.220.932 | J16\HUANG\黄黑\2\J16.5314.A.220.932"
"J16.5314.A.220.927","2","1","YES","J16\J16.5314.A.220.927 | J16\HUANG\黄黑\7\J16.5314.A.220.927"
"J16.5314.A.220.928","2","1","YES","J16\J16.5314.A.220.928 | J16\HUANG\黄黑\新建文件夹\J16.5314.A.220.928"
"J16.5314.A.220.929","2","1","YES","J16\J16.5314.A.220.929 | J16\HUANG\黄红\9\J16.5314.A.220.929"
"J16.5314.A.220.936","2","1","YES","J16\J16.5314.A.220.936 | J16\HUANG\黄黑\6\J16.5314.A.220.936"
"J16.5314.A.220.937","2","1","YES","J16\J16.5314.A.220.937 | J16\HUANG\黄红\7\J16.5314.A.220.937"
"J16.5314.A.220.938","2","1","YES","J16\J16.5314.A.220.938 | J16\HUANG\黄红\8\J16.5314.A.220.938"
"J16.5314.A.220.933","2","1","YES","J16\J16.5314.A.220.933 | J16\HUANG\黄红\3\J16.5314.A.220.933"
"J16.5314.A.220.934","2","1","YES","J16\J16.5314.A.220.934 | J16\HUANG\黄红\4\J16.5314.A.220.934"
"J16.5314.A.220.935","2","1","YES","J16\J16.5314.A.220.935 | J16\HUANG\黄黑\5\J16.5314.A.220.935"
"J16.5314.A.220.916","2","1","YES","J16\J16.5314.A.220.916 | J16\HUANG\黄黑\6\J16.5314.A.220.916"
"J16.5314.A.220.917","2","1","YES","J16\J16.5314.A.220.917 | J16\HUANG\黄红\7\J16.5314.A.220.917"
"J16.5314.A.220.918","2","1","YES","J16\J16.5314.A.220.918 | J16\HUANG\黄黑\8\J16.5314.A.220.918"
"J16.5314.A.220.913","2","1","YES","J16\J16.5314.A.220.913 | J16\HUANG\黄红\3\J16.5314.A.220.913"
"J16.5314.A.220.914","2","1","YES","J16\J16.5314.A.220.914 | J16\HUANG\黄黑\4\J16.5314.A.220.914"
"J16.5314.A.220.915","2","1","YES","J16\J16.5314.A.220.915 | J16\HUANG\黄红\5\J16.5314.A.220.915"
"J16.5314.A.220.924","2","1","YES","J16\J16.5314.A.220.924 | J16\HUANG\黄黑\4\J16.5314.A.220.924"
"J16.5314.A.220.925","2","1","YES","J16\J16.5314.A.220.925 | J16\HUANG\黄红\5\J16.5314.A.220.925"
"J16.5314.A.220.926","2","1","YES","J16\J16.5314.A.220.926 | J16\HUANG\黄红\6\J16.5314.A.220.926"
"J16.5314.A.220.919","2","1","YES","J16\J16.5314.A.220.919 | J16\HUANG\黄黑\9\J16.5314.A.220.919"
"J16.5314.A.220.922","2","2","NO","J16\J16.5314.A.220.922 | J16\HUANG\黄\2\J16.5314.A.220.922"
"J16.5314.A.220.923","2","2","NO","J16\J16.5314.A.220.923 | J16\HUANG\绿\3\J16.5314.A.220.923"
"J16.5314.A.225.911","2","1","YES","J16\J16.5314.A.225.911 | J16\HUANG\黄黑\1\J16.5314.A.225.911"
"J16.5314.A.225.912","2","1","YES","J16\J16.5314.A.225.912 | J16\HUANG\黄红\2\J16.5314.A.225.912"
"J16.5314.A.225.913","2","1","YES","J16\J16.5314.A.225.913 | J16\HUANG\黄黑\3\J16.5314.A.225.913"
"J16.5314.A.225.908","2","1","YES","J16\J16.5314.A.225.908 | J16\HUANG\黄红\8\J16.5314.A.225.908"
"J16.5314.A.225.909","2","1","YES","J16\J16.5314.A.225.909 | J16\HUANG\黄黑\9\J16.5314.A.225.909"
"J16.5314.A.225.910","2","1","YES","J16\J16.5314.A.225.910 | J16\HUANG\黄红\0\J16.5314.A.225.910"
"J16.5314.A.225.917","2","1","YES","J16\J16.5314.A.225.917 | J16\HUANG\黄黑\7\J16.5314.A.225.917"
"J16.5314.A.225.918","2","1","YES","J16\J16.5314.A.225.918 | J16\HUANG\黄红\8\J16.5314.A.225.918"
"J16.5314.A.225.919","2","1","YES","J16\J16.5314.A.225.919 | J16\HUANG\黄黑\9\J16.5314.A.225.919"
"J16.5314.A.225.914","2","1","YES","J16\J16.5314.A.225.914 | J16\HUANG\黄红\4\J16.5314.A.225.914"
"J16.5314.A.225.915","2","1","YES","J16\J16.5314.A.225.915 | J16\HUANG\黄黑\5\J16.5314.A.225.915"
"J16.5314.A.225.916","2","1","YES","J16\J16.5314.A.225.916 | J16\HUANG\黄红\6\J16.5314.A.225.916"
"J16.5314.A.220.948","2","1","YES","J16\J16.5314.A.220.948 | J16\HUANG\黄\8\J16.5314.A.220.948"
"J16.5314.A.225.901","2","1","YES","J16\J16.5314.A.225.901 | J16\HUANG\黄黑\1\J16.5314.A.225.901"
"J16.5314.A.225.902","2","1","YES","J16\J16.5314.A.225.902 | J16\HUANG\黄红\2\J16.5314.A.225.902"
"J16.5314.A.220.939","2","1","YES","J16\J16.5314.A.220.939 | J16\HUANG\黄黑\9\J16.5314.A.220.939"
"J16.5314.A.220.940","2","1","YES","J16\J16.5314.A.220.940 | J16\HUANG\黄黑\0\J16.5314.A.220.940"
"J16.5314.A.220.947","2","1","YES","J16\J16.5314.A.220.947 | J16\结构部管子\J16.5314.A.220.947"
"J16.5314.A.225.905","2","1","YES","J16\J16.5314.A.225.905 | J16\HUANG\黄黑\5\J16.5314.A.225.905"
"J16.5314.A.225.906","2","1","YES","J16\J16.5314.A.225.906 | J16\HUANG\黄红\6\J16.5314.A.225.906"
"J16.5314.A.225.907","2","1","YES","J16\J16.5314.A.225.907 | J16\HUANG\黄黑\7\J16.5314.A.225.907"
"J16.5314.A.225.903","2","1","YES","J16\J16.5314.A.225.903 | J16\HUANG\黄黑\3\J16.5314.A.225.903"
"J16.5314.A.225.904","2","1","YES","J16\J16.5314.A.225.904 | J16\HUANG\黄红\4\J16.5314.A.225.904"
"J16.5314.A.300.965","2","1","YES","J16\J16.5314.A.300.965 | J16\HUANG\黄\5\J16.5314.A.300.965"
"J11B.5334.B.315.929","2","1","YES","VJMsg\J11B.5334.B.315.929 | VJMsg\J11B钢管\QL\5334.B\315\J11B.5334.B.315.929"
"J11B.6102.B.910.901","2","2","NO","VJMsg\J11B.6102.B.910.901 | VJMsg\J11B铝管\燃油管\6102\J11B.6102.B.910.901"
"J11B.6102.B.835.903","2","1","YES","VJMsg\J11B.6102.B.835.903 | VJMsg\J11B铝管\燃油管\6102\J11B.6102.B.835.903"
"J11B.6103.B.090.000","2","1","YES","VJMsg\J11B.6103.B.090.000 | VJMsg\J11B铝管\燃油管\6103\新建文件夹\J11B.6103.B.090.000"
"J11B.6103.B.095.000","2","1","YES","VJMsg\J11B.6103.B.095.000 | VJMsg\J11B铝管\燃油管\6103\新建文件夹\J11B.6103.B.095.000"
"J11B.6103.B.090.901","2","1","YES","VJMsg\J11B.6103.B.090.901 | VJMsg\J11B铝管\燃油管\6103\J11B.6103.B.090.901"
"J11B.6102.B.810.931","2","1","YES","VJMsg\J11B.6102.B.810.931 | VJMsg\J11B铝管\燃油管\6102\新建文件夹\J11B.6102.B.810.931"
"J11B.6102.B.210.000","2","1","YES","VJMsg\J11B.6102.B.210.000 | VJMsg\J11B铝管\燃油管\6102\J11B.6102.B.210.000"
"J11B.6102.B.810.933","2","1","YES","VJMsg\J11B.6102.B.810.933 | VJMsg\J11B铝管\燃油管\6102\新建文件夹\J11B.6102.B.810.933"
"J11B.6102.B.815.905","2","2","NO","VJMsg\J11B.6102.B.815.905 | VJMsg\J11B铝管\燃油管\6102\J11B.6102.B.815.905"
"J11B.6102.B.810.939","2","1","YES","VJMsg\J11B.6102.B.810.939 | VJMsg\J11B铝管\燃油管\6102\新建文件夹\J11B.6102.B.810.939"
"J11B.6103.B.095.901","2","1","YES","VJMsg\J11B.6103.B.095.901 | VJMsg\J11B铝管\燃油管\6103\J11B.6103.B.095.901"
"J11B.6103.B.210.901","2","1","YES","VJMsg\J11B.6103.B.210.901 | VJMsg\J11B铝管\燃油管\6103\J11B.6103.B.210.901"
"J11B.6103.B.210.000","2","1","YES","VJMsg\J11B.6103.B.210.000 | VJMsg\J11B铝管\燃油管\6103\新建文件夹\J11B.6103.B.210.000"
"J11B.6103.B.210.903","2","1","YES","VJMsg\J11B.6103.B.210.903 | VJMsg\J11B铝管\燃油管\6103\J11B.6103.B.210.903"
"J11B.6103.B.910.901","2","1","YES","VJMsg\J11B.6103.B.910.901 | VJMsg\J11B铝管\燃油管\6103\J11B.6103.B.910.901"
"J11B.6103.B.910.000","2","1","YES","VJMsg\J11B.6103.B.910.000 | VJMsg\J11B铝管\燃油管\6103\新建文件夹\J11B.6103.B.910.000"
"J11B.6103.B.205.901","2","2","NO","VJMsg\J11B.6103.B.205.901 | VJMsg\J11B铝管\燃油管\6103\J11B.6103.B.205.901"
"J11B.6103.B.205.000","2","1","YES","VJMsg\J11B.6103.B.205.000 | VJMsg\J11B铝管\燃油管\6103\新建文件夹\J11B.6103.B.205.000"
"J11B.6103.B.205.902","2","1","YES","VJMsg\J11B.6103.B.205.902 | VJMsg\J11B铝管\燃油管\6103\J11B.6103.B.205.902"
"J11B.6103.B.205.904","2","1","YES","VJMsg\J11B.6103.B.205.904 | VJMsg\J11B铝管\燃油管\6103\J11B.6103.B.205.904"
"J11B.6103.B.205.903","2","1","YES","VJMsg\J11B.6103.B.205.903 | VJMsg\J11B铝管\燃油管\6103\J11B.6103.B.205.903"
"J11B.6102.B.205.913","2","2","NO","VJMsg\J11B.6102.B.205.913 | VJMsg\J11B铝管\燃油管\6102\J11B.6102.B.205.913"
"J11B.6101.B.420.000","2","1","YES","VJMsg\J11B.6101.B.420.000 | VJMsg\J11B铝管\燃油管\J11B.6101.B\新建文件夹\新建文件夹\J11B.6101.B.420.000"
"J11B.6101.B.105.901","2","2","NO","VJMsg\J11B.6101.B.105.901 | VJMsg\J11B铝管\燃油管\J11B.6101.B\新建文件夹\J11B.6101.B.105.901"
"J11B.6101.B.430.000","2","1","YES","VJMsg\J11B.6101.B.430.000 | VJMsg\J11B铝管\燃油管\J11B.6101.B\新建文件夹\新建文件夹\J11B.6101.B.430.000"
"J11B.6101.B.505.901","2","1","YES","VJMsg\J11B.6101.B.505.901 | VJMsg\J11B铝管\燃油管\J11B.6101.B\新建文件夹\新建文件夹\J11B.6101.B.505.901"
"J11B.6101.B.505.000","2","1","YES","VJMsg\J11B.6101.B.505.000 | VJMsg\J11B铝管\燃油管\J11B.6101.B\新建文件夹\新建文件夹\J11B.6101.B.505.000"
"J16.5314.A.035.918","2","1","YES","J16\J16.5314.A.035.918 | J16\HUANG\黄\8\J16.5314.A.035.918"
"J16.5314.A.035.919","2","1","YES","J16\J16.5314.A.035.919 | J16\HUANG\黄\9\J16.5314.A.035.919"
"J16.5314.A.035.917","2","1","YES","J16\J16.5314.A.035.917 | J16\HUANG\黄\7\J16.5314.A.035.917"
"J11B.6101.B.105.000","2","1","YES","VJMsg\J11B.6101.B.105.000 | VJMsg\J11B铝管\燃油管\J11B.6101.B\新建文件夹\新建文件夹\J11B.6101.B.105.000"
"J11B.6101.B.080.901","2","2","NO","VJMsg\J11B.6101.B.080.901 | VJMsg\J11B铝管\燃油管\J11B.6101.B\新建文件夹\J11B.6101.B.080.901"
"J11B.6101.B.510.000","2","1","YES","VJMsg\J11B.6101.B.510.000 | VJMsg\J11B铝管\燃油管\J11B.6101.B\新建文件夹\新建文件夹\J11B.6101.B.510.000"
"J16.5314.A.035.915","2","1","YES","J16\J16.5314.A.035.915 | J16\HUANG\黄\5\J16.5314.A.035.915"
"J11B.6101.B.520.905","2","1","YES","VJMsg\J11B.6101.B.520.905 | VJMsg\J11B铝管\燃油管\J11B.6101.B\新建文件夹\J11B.6101.B.520.905"
"J16.5314.A.035.914","2","1","YES","J16\J16.5314.A.035.914 | J16\HUANG\黄\4\J16.5314.A.035.914"
"J11B.6101.B.995.927","2","1","YES","VJMsg\J11B.6101.B.995.927 | VJMsg\J11B铝管\燃油管\J11B.6101.B\新建文件夹\新建文件夹\新建文件夹\J11B.6101.B.995.927"
"J11B.6101.B.905.913","2","1","YES","VJMsg\J11B.6101.B.905.913 | VJMsg\J11B铝管\燃油管\J11B.6101.B\新建文件夹\新建文件夹\新建文件夹\J11B.6101.B.905.913"
"J11B.6101.B.515.000","2","1","YES","VJMsg\J11B.6101.B.515.000 | VJMsg\J11B铝管\燃油管\J11B.6101.B\新建文件夹\新建文件夹\J11B.6101.B.515.000"
"J16.5314.A.035.916","2","1","YES","J16\J16.5314.A.035.916 | J16\HUANG\黄\6\J16.5314.A.035.916"
"J11B.6101.B.515.903","2","1","YES","VJMsg\J11B.6101.B.515.903 | VJMsg\J11B铝管\燃油管\J11B.6101.B\新建文件夹\J11B.6101.B.515.903"
"J11B.6101.B.520.903","2","1","YES","VJMsg\J11B.6101.B.520.903 | VJMsg\J11B铝管\燃油管\J11B.6101.B\新建文件夹\新建文件夹\J11B.6101.B.520.903"
"J11B.6101.B.520.000","2","1","YES","VJMsg\J11B.6101.B.520.000 | VJMsg\J11B铝管\燃油管\J11B.6101.B\新建文件夹\新建文件夹\J11B.6101.B.520.000"
"J16.5002.A.170.000","2","2","NO","J16\J16.5002.A.170.000 | J16\THJ\J16.5002.A.170.000"
"J16.5101.A.870.901","2","2","NO","J16\J16.5101.A.870.901 | J16\THJ\J16.5101.A.870.901"
"J16.5002.A.050.000","2","2","NO","J16\J16.5002.A.050.000 | J16\THJ\J16.5002.A.050.000"
"J16.4930.A.015.000","2","1","YES","J16\J16.4930.A.015.000 | J16\THJ\J16.4930.A.015.000"
"J16.4930.A.020.000","2","1","YES","J16\J16.4930.A.020.000 | J16\THJ\J16.4930.A.020.000"
"J16.5314.A.030.903","2","1","YES","J16\J16.5314.A.030.903 | J16\HUANG\黄\3\J16.5314.A.030.903"
"J16.5314.A.030.904","2","1","YES","J16\J16.5314.A.030.904 | J16\HUANG\黄\4\J16.5314.A.030.904"
"J16.5314.A.030.902","2","1","YES","J16\J16.5314.A.030.902 | J16\HUANG\黄\2\J16.5314.A.030.902"
"J16.5101.A.870.903","2","2","NO","J16\J16.5101.A.870.903 | J16\THJ\J16.5101.A.870.903"
"J16.5314.A.030.901","2","1","YES","J16\J16.5314.A.030.901 | J16\HUANG\黄\1\J16.5314.A.030.901"
"J16.0795.A.060.922","2","1","YES","J16\J16.0795.A.060.922 | J16\QL\全蓝\J16.0795.A.060.922"
"J16.0770.A.010.913","2","1","YES","J16\J16.0770.A.010.913 | J16\ZG\0770蓝\J16.0770.A.010.913"
"J16.0770.A.010.915","2","1","YES","J16\J16.0770.A.010.915 | J16\ZG\0770蓝\J16.0770.A.010.915"
"J16.0770.A.010.911","2","1","YES","J16\J16.0770.A.010.911 | J16\ZG\0770蓝\J16.0770.A.010.911"
"J16.0770.A.010.907","2","1","YES","J16\J16.0770.A.010.907 | J16\QL\全蓝\J16.0770.A.010.907"
"J16.0770.A.010.909","2","1","YES","J16\J16.0770.A.010.909 | J16\ZG\0770蓝\J16.0770.A.010.909"
"J16.0795.A.060.918","2","1","YES","J16\J16.0795.A.060.918 | J16\QL\全蓝\J16.0795.A.060.918"
"J16.0795.A.060.920","2","1","YES","J16\J16.0795.A.060.920 | J16\QL\全蓝\J16.0795.A.060.920"
"J16.0795.A.060.912","2","1","YES","J16\J16.0795.A.060.912 | J16\QL\全蓝\J16.0795.A.060.912"
"J16.0770.A.010.917","2","1","YES","J16\J16.0770.A.010.917 | J16\ZG\0770蓝\J16.0770.A.010.917"
"J16.0795.A.060.908","2","1","YES","J16\J16.0795.A.060.908 | J16\QL\全蓝\J16.0795.A.060.908"
"J16.5314.A.030.905","2","1","YES","J16\J16.5314.A.030.905 | J16\ZG\5314浅灰\J16.5314.A.030.905"
"J11B.6126.B.555.905","2","1","YES","VJMsg\J11B.6126.B.555.905 | VJMsg\J11B铝管\燃油管\燃油管不喷漆\J11B.6126.B.555.905"
"J11B.6126.B.550.903","2","1","YES","VJMsg\J11B.6126.B.550.903 | VJMsg\J11B铝管\燃油管\燃油管不喷漆\J11B.6126.B.550.903"
"J11B.6126.B.765.903","2","1","YES","VJMsg\J11B.6126.B.765.903 | VJMsg\J11B铝管\燃油管\燃油管不喷漆\J11B.6126.B.765.903"
"J16.5314.A.035.912","2","1","YES","J16\J16.5314.A.035.912 | J16\HUANG\黄\2\J16.5314.A.035.912"
"J16.5314.A.035.913","2","2","NO","J16\J16.5314.A.035.913 | J16\HUANG\黄\3\J16.5314.A.035.913"
"J11B.6125.B.140.901","2","1","YES","VJMsg\J11B.6125.B.140.901 | VJMsg\J11B铝管\燃油管\燃油管不喷漆\J11B.6125.B.140.901"
"J11B.6103.B.910.902","2","1","YES","VJMsg\J11B.6103.B.910.902 | VJMsg\J11B铝管\燃油管\6103\J11B.6103.B.910.902"
"J11B.6125.B.455.909","2","1","YES","VJMsg\J11B.6125.B.455.909 | VJMsg\J11B铝管\燃油管\燃油管不喷漆\J11B.6125.B.455.909"
"J11B.6126.B.540.903","2","1","YES","VJMsg\J11B.6126.B.540.903 | VJMsg\J11B铝管\燃油管\燃油管不喷漆\J11B.6126.B.540.903"
"J11B.6125.B.455.911","2","1","YES","VJMsg\J11B.6125.B.455.911 | VJMsg\J11B铝管\燃油管\燃油管不喷漆\J11B.6125.B.455.911"
"J16.5314.A.035.911","2","1","YES","J16\J16.5314.A.035.911 | J16\铝管\5314\J16.5314.A.035.911"
"J16.5314.A.035.903","2","1","YES","J16\J16.5314.A.035.903 | J16\ZG\5314浅灰\J16.5314.A.035.903"
"J11B.6130.B.215.908","2","1","YES","VJMsg\J11B.6130.B.215.908 | VJMsg\J11B铝管\燃油管\6130\6130\新建文件夹\J11B.6130.B.215.908"
"J16.5314.A.035.902","2","1","YES","J16\J16.5314.A.035.902 | J16\ZG\5314浅灰\J16.5314.A.035.902"
"J16.5314.A.030.906","2","1","YES","J16\J16.5314.A.030.906 | J16\ZG\5314浅灰\J16.5314.A.030.906"
"J16.5314.A.035.901","2","1","YES","J16\J16.5314.A.035.901 | J16\ZG\5314浅灰\J16.5314.A.035.901"
"J16.5314.A.035.909","2","1","YES","J16\J16.5314.A.035.909 | J16\铝管\5314\J16.5314.A.035.909"
"J16.5314.A.035.910","2","1","YES","J16\J16.5314.A.035.910 | J16\铝管\5314\J16.5314.A.035.910"
"J16.5314.A.035.908","2","1","YES","J16\J16.5314.A.035.908 | J16\HUANG\绿\8\J16.5314.A.035.908"
"J16.5314.A.035.904","2","1","YES","J16\J16.5314.A.035.904 | J16\ZG\5314浅灰\J16.5314.A.035.904"
"J16.5314.A.035.905","2","1","YES","J16\J16.5314.A.035.905 | J16\ZG\5314浅灰\J16.5314.A.035.905"
"J11B.5334.B.555.901","2","2","NO","VJMsg\J11B.5334.B.555.901 | VJMsg\J11B钢管\QL\5334.B\J11B.5334.B.555.901"
"J11B.5334.B.315.971","2","1","YES","VJMsg\J11B.5334.B.315.971 | VJMsg\J11B钢管\QL\5334.B\315\J11B.5334.B.315.971"
"J11B.5334.B.555.902","2","1","YES","VJMsg\J11B.5334.B.555.902 | VJMsg\J11B钢管\QL\5334.B\J11B.5334.B.555.902"
"J11B.5334.B.555.907","2","1","YES","VJMsg\J11B.5334.B.555.907 | VJMsg\J11B钢管\QL\5334.B\J11B.5334.B.555.907"
"J11B.5334.B.555.906","2","1","YES","VJMsg\J11B.5334.B.555.906 | VJMsg\J11B钢管\QL\5334.B\J11B.5334.B.555.906"
"J11B.5334.B.315.964","2","1","YES","VJMsg\J11B.5334.B.315.964 | VJMsg\J11B钢管\QL\5334.B\315\J11B.5334.B.315.964"
"J11B.5334.B.315.963","2","1","YES","VJMsg\J11B.5334.B.315.963 | VJMsg\J11B钢管\QL\5334.B\315\J11B.5334.B.315.963"
"J11B.5334.B.315.965","2","1","YES","VJMsg\J11B.5334.B.315.965 | VJMsg\J11B钢管\QL\5334.B\315\J11B.5334.B.315.965"
"J11B.5334.B.315.968","2","1","YES","VJMsg\J11B.5334.B.315.968 | VJMsg\J11B钢管\QL\5334.B\315\J11B.5334.B.315.968"
"J11B.5334.B.315.966","2","1","YES","VJMsg\J11B.5334.B.315.966 | VJMsg\J11B钢管\QL\5334.B\315\J11B.5334.B.315.966"
"J11B.5334.B.555.910","2","2","NO","VJMsg\J11B.5334.B.555.910 | VJMsg\J11B钢管\QL\5334.B\J11B.5334.B.555.910"
"J11B.5334.B.805.940","2","2","NO","VJMsg\J11B.5334.B.805.940 | VJMsg\J11B钢管\QL\5334.B\J11B.5334.B.805.940"
"J11B.5334.B.700.913","2","1","YES","VJMsg\J11B.5334.B.700.913 | VJMsg\J11B钢管\QL\5334.B\J11B.5334.B.700.913"
"J11B.5334.B.805.947","2","1","YES","VJMsg\J11B.5334.B.805.947 | VJMsg\J11B钢管\QL\5334.B\J11B.5334.B.805.947"
"J11B.5334.B.805.953","2","1","YES","VJMsg\J11B.5334.B.805.953 | VJMsg\J11B钢管\QL\5334.B\J11B.5334.B.805.953"
"J11B.5334.B.805.952","2","1","YES","VJMsg\J11B.5334.B.805.952 | VJMsg\J11B钢管\QL\5334.B\J11B.5334.B.805.952"
"J11B.5334.B.555.913","2","1","YES","VJMsg\J11B.5334.B.555.913 | VJMsg\J11B钢管\QL\5334.B\J11B.5334.B.555.913"
"J11B.5334.B.555.911","2","1","YES","VJMsg\J11B.5334.B.555.911 | VJMsg\J11B钢管\QL\5334.B\J11B.5334.B.555.911"
"J11B.5334.B.555.914","2","1","YES","VJMsg\J11B.5334.B.555.914 | VJMsg\J11B钢管\QL\5334.B\J11B.5334.B.555.914"
"J11B.5334.B.700.912","2","1","YES","VJMsg\J11B.5334.B.700.912 | VJMsg\J11B钢管\QL\5334.B\J11B.5334.B.700.912"
"J11B.5334.B.555.915","2","1","YES","VJMsg\J11B.5334.B.555.915 | VJMsg\J11B钢管\QL\5334.B\J11B.5334.B.555.915"
"J11B.5334.B.315.962","2","1","YES","VJMsg\J11B.5334.B.315.962 | VJMsg\J11B钢管\QL\5334.B\315\J11B.5334.B.315.962"
"J11B.5334.B.315.941","2","1","YES","VJMsg\J11B.5334.B.315.941 | VJMsg\J11B钢管\QL\5334.B\315\J11B.5334.B.315.941"
"J11B.5334.B.315.940","2","1","YES","VJMsg\J11B.5334.B.315.940 | VJMsg\J11B钢管\QL\5334.B\315\J11B.5334.B.315.940"
"J11B.5334.B.315.944","2","1","YES","VJMsg\J11B.5334.B.315.944 | VJMsg\J11B钢管\QL\5334.B\315\J11B.5334.B.315.944"
"J11B.5334.B.315.946","2","2","NO","VJMsg\J11B.5334.B.315.946 | VJMsg\J11B钢管\QL\5334.B\315\J11B.5334.B.315.946"
"J11B.5334.B.315.945","2","2","NO","VJMsg\J11B.5334.B.315.945 | VJMsg\J11B钢管\QL\5334.B\315\J11B.5334.B.315.945"
"J11B.5334.B.315.931","2","1","YES","VJMsg\J11B.5334.B.315.931 | VJMsg\J11B钢管\QL\5334.B\315\J11B.5334.B.315.931"
"J11B.5334.B.315.930","2","1","YES","VJMsg\J11B.5334.B.315.930 | VJMsg\J11B钢管\QL\5334.B\315\J11B.5334.B.315.930"
"J11B.5334.B.315.935","2","1","YES","VJMsg\J11B.5334.B.315.935 | VJMsg\J11B钢管\QL\5334.B\315\J11B.5334.B.315.935"
"J11B.5334.B.315.937","2","1","YES","VJMsg\J11B.5334.B.315.937 | VJMsg\J11B钢管\QL\5334.B\315\J11B.5334.B.315.937"
"J11B.5334.B.315.936","2","1","YES","VJMsg\J11B.5334.B.315.936 | VJMsg\J11B钢管\QL\5334.B\315\J11B.5334.B.315.936"
"J11B.5334.B.315.947","2","2","NO","VJMsg\J11B.5334.B.315.947 | VJMsg\J11B钢管\QL\5334.B\315\J11B.5334.B.315.947"
"J11B.5334.B.315.955","2","1","YES","VJMsg\J11B.5334.B.315.955 | VJMsg\J11B钢管\QL\5334.B\315\J11B.5334.B.315.955"
"J11B.5334.B.315.954","2","1","YES","VJMsg\J11B.5334.B.315.954 | VJMsg\J11B钢管\QL\5334.B\315\J11B.5334.B.315.954"
"J11B.5334.B.315.956","2","2","NO","VJMsg\J11B.5334.B.315.956 | VJMsg\11B红牌\J11B.5334.B.315.956"
"J11B.5334.B.315.961","2","1","YES","VJMsg\J11B.5334.B.315.961 | VJMsg\J11B钢管\QL\5334.B\315\J11B.5334.B.315.961"
"J11B.5334.B.315.958","2","1","YES","VJMsg\J11B.5334.B.315.958 | VJMsg\11B红牌\J11B.5334.B.315.958"
"J11B.5334.B.315.949","2","1","YES","VJMsg\J11B.5334.B.315.949 | VJMsg\J11B钢管\QL\5334.B\315\J11B.5334.B.315.949"
"J11B.5334.B.315.948","2","1","YES","VJMsg\J11B.5334.B.315.948 | VJMsg\J11B钢管\QL\5334.B\315\J11B.5334.B.315.948"
"J11B.5334.B.315.950","2","1","YES","VJMsg\J11B.5334.B.315.950 | VJMsg\J11B钢管\QL\5334.B\315\J11B.5334.B.315.950"
"J11B.5334.B.315.953","2","1","YES","VJMsg\J11B.5334.B.315.953 | VJMsg\11B红牌\J11B.5334.B.315.953"
"J11B.5334.B.315.951","2","2","NO","VJMsg\J11B.5334.B.315.951 | VJMsg\J11B钢管\QL\5334.B\315\J11B.5334.B.315.951"
"J16.5314.A.035.934","2","1","YES","J16\J16.5314.A.035.934 | J16\红牌\黄红\J16.5314.A.035.934"
"J16.5314.A.035.935","2","1","YES","J16\J16.5314.A.035.935 | J16\HUANG\黄红\5\J16.5314.A.035.935"
"J16.5314.A.035.933","2","1","YES","J16\J16.5314.A.035.933 | J16\HUANG\黄黑\3\J16.5314.A.035.933"
"J16.5314.A.035.931","2","1","YES","J16\J16.5314.A.035.931 | J16\HUANG\黄黑\1\J16.5314.A.035.931"
"J16.5314.A.035.932","2","1","YES","J16\J16.5314.A.035.932 | J16\HUANG\黄黑\2\J16.5314.A.035.932"
"J16.5314.A.035.939","2","1","YES","J16\J16.5314.A.035.939 | J16\HUANG\黄红\9\J16.5314.A.035.939"
"J16.5314.A.035.940","2","1","YES","J16\J16.5314.A.035.940 | J16\HUANG\黄红\0\J16.5314.A.035.940"
"J16.5314.A.035.938","2","1","YES","J16\J16.5314.A.035.938 | J16\HUANG\黄红\8\J16.5314.A.035.938"
"J16.5314.A.035.936","2","1","YES","J16\J16.5314.A.035.936 | J16\HUANG\黄红\6\J16.5314.A.035.936"
"J16.5314.A.035.937","2","1","YES","J16\J16.5314.A.035.937 | J16\HUANG\黄红\7\J16.5314.A.035.937"
"J16.5314.A.035.930","2","1","YES","J16\J16.5314.A.035.930 | J16\HUANG\黄黑\0\J16.5314.A.035.930"
"J16.5314.A.035.923","2","1","YES","J16\J16.5314.A.035.923 | J16\HUANG\黄\3\J16.5314.A.035.923"
"J16.5314.A.035.924","2","1","YES","J16\J16.5314.A.035.924 | J16\HUANG\黄\4\J16.5314.A.035.924"
"J16.5314.A.035.922","2","1","YES","J16\J16.5314.A.035.922 | J16\HUANG\黄\2\J16.5314.A.035.922"
"J16.5314.A.035.920","2","1","YES","J16\J16.5314.A.035.920 | J16\HUANG\黄\J16.5314.A.035.920"
"J16.5314.A.035.921","2","1","YES","J16\J16.5314.A.035.921 | J16\HUANG\黄\1\J16.5314.A.035.921"
"J16.5314.A.035.928","2","1","YES","J16\J16.5314.A.035.928 | J16\红牌\黄黑\J16.5314.A.035.928"
"J16.5314.A.035.929","2","1","YES","J16\J16.5314.A.035.929 | J16\HUANG\黄黑\9\J16.5314.A.035.929"
"J16.5314.A.035.927","2","1","YES","J16\J16.5314.A.035.927 | J16\HUANG\黄\7\J16.5314.A.035.927"
"J16.5314.A.035.925","2","1","YES","J16\J16.5314.A.035.925 | J16\HUANG\黄\5\J16.5314.A.035.925"
"J16.5314.A.035.926","2","1","YES","J16\J16.5314.A.035.926 | J16\HUANG\黄\6\J16.5314.A.035.926"
"J16.5314.A.035.941","2","1","YES","J16\J16.5314.A.035.941 | J16\HUANG\黄黑\1\J16.5314.A.035.941"
"J16.5314.A.035.963","2","1","YES","J16\J16.5314.A.035.963 | J16\HUANG\黄\3\J16.5314.A.035.963"
"J16.5314.A.035.964","2","1","YES","J16\J16.5314.A.035.964 | J16\HUANG\黄\4\J16.5314.A.035.964"
"J16.5314.A.035.961","2","1","YES","J16\J16.5314.A.035.961 | J16\HUANG\黄\1\J16.5314.A.035.961"
"J16.5314.A.035.953","2","1","YES","J16\J16.5314.A.035.953 | J16\HUANG\黄红\3\J16.5314.A.035.953"
"J16.5314.A.035.954","2","1","YES","J16\J16.5314.A.035.954 | J16\HUANG\黄红\4\J16.5314.A.035.954"
"J11B.5334.B.805.959","2","1","YES","VJMsg\J11B.5334.B.805.959 | VJMsg\J11B钢管\QL\5334.B\J11B.5334.B.805.959"
"J11B.5334.B.805.954","2","1","YES","VJMsg\J11B.5334.B.805.954 | VJMsg\J11B钢管\QL\5334.B\J11B.5334.B.805.954"
"J11B.5334.B.805.960","2","1","YES","VJMsg\J11B.5334.B.805.960 | VJMsg\J11B钢管\QL\5334.B\J11B.5334.B.805.960"
"J16.5314.A.220.901","2","1","YES","J16\J16.5314.A.220.901 | J16\HUANG\黄\1\J16.5314.A.220.901"
"J16.5314.A.220.902","2","1","YES","J16\J16.5314.A.220.902 | J16\HUANG\绿\2\J16.5314.A.220.902"
"J16.5314.A.035.952","2","1","YES","J16\J16.5314.A.035.952 | J16\HUANG\黄红\2\J16.5314.A.035.952"
"J16.5314.A.035.945","2","1","YES","J16\J16.5314.A.035.945 | J16\HUANG\黄黑\5\J16.5314.A.035.945"
"J16.5314.A.035.946","2","2","NO","J16\J16.5314.A.035.946 | J16\红牌\黄红\J16.5314.A.035.946"
"J16.5314.A.035.944","2","1","YES","J16\J16.5314.A.035.944 | J16\HUANG\黄黑\4\J16.5314.A.035.944"
"J16.5314.A.035.942","2","1","YES","J16\J16.5314.A.035.942 | J16\HUANG\黄黑\2\J16.5314.A.035.942"
"J16.5314.A.035.943","2","1","YES","J16\J16.5314.A.035.943 | J16\HUANG\黄黑\3\J16.5314.A.035.943"
"J16.5314.A.035.950","2","1","YES","J16\J16.5314.A.035.950 | J16\HUANG\黄红\0\J16.5314.A.035.950"
"J16.5314.A.035.951","2","1","YES","J16\J16.5314.A.035.951 | J16\HUANG\黄红\1\J16.5314.A.035.951"
"J16.5314.A.035.949","2","1","YES","J16\J16.5314.A.035.949 | J16\HUANG\黄红\9\J16.5314.A.035.949"
"J16.5314.A.035.947","2","1","YES","J16\J16.5314.A.035.947 | J16\HUANG\黄红\7\J16.5314.A.035.947"
"J16.5314.A.035.948","2","1","YES","J16\J16.5314.A.035.948 | J16\HUANG\黄红\8\J16.5314.A.035.948"
"J16.5314.A.300.966","2","1","YES","J16\J16.5314.A.300.966 | J16\HUANG\绿\6\J16.5314.A.300.966"
"220.926","2","2","NO","J16\HUANG\黄红\220.926 | J16\QL\蓝红\新建文件夹\220.926"
"220.930","2","2","NO","J16\HUANG\黄红\220.930 | J16\QL\蓝红\新建文件夹\220.930"
"220.917","2","2","NO","J16\HUANG\黄红\220.917 | J16\QL\蓝红\新建文件夹\220.917"
"220.909","2","2","NO","J16\HUANG\黄红\220.909 | J16\QL\蓝红\新建文件夹\220.909"
"220.913","2","2","NO","J16\HUANG\黄红\220.913 | J16\QL\蓝红\新建文件夹\220.913"
"225.918","2","2","NO","J16\HUANG\黄红\225.918 | J16\QL\蓝红\新建文件夹\225.918"
"305.913","2","2","NO","J16\HUANG\黄红\305.913 | J16\QL\蓝2\305.913"
"225.908","2","2","NO","J16\HUANG\黄红\225.908 | J16\QL\蓝红\新建文件夹\225.908"
"220.934","2","2","NO","J16\HUANG\黄红\220.934 | J16\QL\蓝红\新建文件夹\220.934"
"220.938","2","2","NO","J16\HUANG\黄红\220.938 | J16\QL\蓝红\新建文件夹\220.938"
"仪表空气","2","2","NO","J16\仪表空气 | VJMsg\仪表空气"
"815.924","2","2","NO","J16\HUANG\绿\815.924 | J16\HUANG\绿\4\815.924"
"J16.7802.A.075.901","2","1","YES","J16\J16.7802.A.075.901 | J16\氧气管\蓝7802\J16.7802.A.075.901"
"J16.7802.A.060.901","2","1","YES","J16\J16.7802.A.060.901 | J16\氧气管\7802\J16.7802.A.060.901"
"J16.7802.A.060.903","2","1","YES","J16\J16.7802.A.060.903 | J16\氧气管\7802\J16.7802.A.060.903"
"655.909","2","2","NO","J16\HUANG\黄\655.909 | J16\QL\蓝\655.909"
"220.907","2","2","NO","J16\HUANG\黄红\220.907 | J16\QL\蓝红\新建文件夹\220.907"
"655.908","2","2","NO","J16\HUANG\黄\655.908 | J16\QL\蓝\655.908"
"J16.5314.A.035.906","2","1","YES","J16\HUANG\绿\6\J16.5314.A.035.906 | J16\ZG\5314浅灰\J16.5314.A.035.906"
"300.901","2","2","NO","J16\HUANG\黄\300.901 | J16\QL\蓝1\300.901"
"720.903","2","2","NO","J16\HUANG\黄黑\720.903 | J16\HUANG\黄黑\新建文件夹\720.903"
"305.911","2","1","YES","J16\QL\全蓝\新建文件夹\305.911 | VJMsg\制造件\J16DX\8\305.911"
"305.912","2","1","YES","J16\QL\全蓝\新建文件夹\305.912 | VJMsg\制造件\J16DX\8\305.912"
"305.905","2","1","YES","J16\QL\全蓝\新建文件夹\305.905 | VJMsg\制造件\J16DX\8\305.905"
"060.908","2","1","YES","J16\QL\全蓝\新建文件夹\060.908 | VJMsg\制造件\J16DX\8\060.908"
"305.903","2","1","YES","J16\QL\全蓝\新建文件夹\305.903 | VJMsg\制造件\J16DX\8\305.903"
"555.901","2","1","YES","J16\QL\全蓝\新建文件夹\555.901 | VJMsg\制造件\J16DX\8\555.901"
"555.904","2","1","YES","J16\QL\全蓝\新建文件夹\555.904 | VJMsg\制造件\J16DX\8\555.904"
"305.919","2","1","YES","J16\QL\全蓝\新建文件夹\305.919 | VJMsg\制造件\J16DX\8\305.919"
"305.915","2","1","YES","J16\QL\全蓝\新建文件夹\305.915 | VJMsg\制造件\J16DX\8\305.915"
"305.917","2","1","YES","J16\QL\全蓝\新建文件夹\305.917 | VJMsg\制造件\J16DX\8\305.917"
"J16.0741.A.600.903","2","1","YES","J16\J16.0741\J16.0741.A.600.903 | J16\ZG\0741深灰\J16.0741.A.600.903"
"J16.0741.A.600.905","2","2","NO","J16\J16.0741\J16.0741.A.600.905 | J16\ZG\0741深灰\J16.0741.A.600.905"
"J16.0741.A.600.901","2","1","YES","J16\J16.0741\J16.0741.A.600.901 | J16\ZG\0741深灰\J16.0741.A.600.901"
"220.910","2","2","NO","J16\HUANG\黄黑\新建文件夹\220.910 | J16\QL\蓝黑\新建文件夹\220.910"
"220.931","2","2","NO","J16\HUANG\黄黑\新建文件夹\220.931 | J16\QL\蓝黑\新建文件夹\220.931"
"J16.0741.A.600.963","2","1","YES","J16\J16.0741\J16.0741.A.600.963 | J16\ZG\0741深灰\J16.0741.A.600.963"
"J16.6170.A.830.937","2","2","NO","J16\QL\6170\6170\J16.6170.A.830.937 | VJMsg\J16.6170.A.830.937"
"J16.0741.A.600.961","2","1","YES","J16\J16.0741\J16.0741.A.600.961 | J16\ZG\0741深灰\J16.0741.A.600.961"
"J16.0741.A.600.911","2","2","NO","J16\J16.0741\J16.0741.A.600.911 | J16\ZG\0741深灰\J16.0741.A.600.911"
"J16.0741.A.600.913","2","2","NO","J16\J16.0741\J16.0741.A.600.913 | J16\ZG\0741深灰\J16.0741.A.600.913"
"J16.7802.A.005.911","2","1","YES","J16\J16.7802.A.005.911 | J16\氧气管\7802\J16.7802.A.005.911"
"J16.7601.A.725.000","2","1","YES","J16\J16.7601.A.725.000 | J16\BLM\BAI\J16.7601.A.725.000"
"J16.7601.A.730.000","2","1","YES","J16\J16.7601.A.730.000 | J16\BLM\BAI\J16.7601.A.730.000"
"J16.7601.A.625.000","2","1","YES","J16\J16.7601.A.625.000 | J16\BLM\J16.7601.A.625.000"
"J16.7601.A.210.000","2","1","YES","J16\J16.7601.A.210.000 | J16\BLM\J16.7601.A.210.000"
"J16.7601.A.250.000","2","1","YES","J16\J16.7601.A.250.000 | J16\结构部空调管\J16.7601.A.250.000"
"J16.7602.A.390.000","2","2","NO","J16\J16.7602.A.390.000 | J16\铝管\7601\J16.7602.A.390.000"
"J16.7602.A.395.000","2","1","YES","J16\J16.7602.A.395.000 | J16\铝管\7601\J16.7602.A.395.000"
"J16.7602.A.070.000","2","1","YES","J16\J16.7602.A.070.000 | J16\铝管\7601\J16.7602.A.070.000"
"J16.7601.A.755.000","2","1","YES","J16\J16.7601.A.755.000 | J16\BLM\BAI\J16.7601.A.755.000"
"J16.7601.A.835.000","2","1","YES","J16\J16.7601.A.835.000 | J16\BLM\J16.7601.A.835.000"
"J16.7601.A.010.000","2","1","YES","J16\J16.7601.A.010.000 | J16\BLM\J16.7601.A.010.000"
"J16.7601.A.015.000","2","1","YES","J16\J16.7601.A.015.000 | J16\BLM\J16.7601.A.015.000"
"J16.7410.A.945.905","2","1","YES","J16\J16.7410.A.945.905 | J16\ZG\7410黑\J16.7410.A.945.905"
"J11B.5318.B.970.903","2","2","NO","VJMsg\J11B.5318.B.970.903 | VJMsg\J11B钢管\BS浅灰蓝\J11B.5318.B.970.903"
"J11B.5318.B.970.901","2","2","NO","VJMsg\J11B.5318.B.970.901 | VJMsg\J11B钢管\BS浅灰蓝\J11B.5318.B.970.901"
"J16.7601.A.115.000","2","1","YES","J16\J16.7601.A.115.000 | J16\BLM\J16.7601.A.115.000"
"J16.7601.A.135.000","2","1","YES","J16\J16.7601.A.135.000 | J16\BLM\J16.7601.A.135.000"
"J16.7601.A.110.000","2","1","YES","J16\J16.7601.A.110.000 | J16\BLM\J16.7601.A.110.000"
"J16.7601.A.025.000","2","1","YES","J16\J16.7601.A.025.000 | J16\BLM\J16.7601.A.025.000"
"J16.7601.A.030.000","2","1","YES","J16\J16.7601.A.030.000 | J16\BLM\J16.7601.A.030.000"
"J16.7603.A.010.000","2","1","YES","J16\J16.7603.A.010.000 | J16\BLM\BAI\J16.7603.A.010.000"
"J16.7603.A.955.000","2","1","YES","J16\J16.7603.A.955.000 | J16\BLM\BAI\J16.7603.A.955.000"
"J16.7604.A.850.000","2","2","NO","J16\J16.7604.A.850.000 | J16\BLM\BAI\J16.7604.A.850.000"
"J16.7603.A.935.000","2","1","YES","J16\J16.7603.A.935.000 | J16\铝管\7601\J16.7603.A.935.000"
"J16.7603.A.725.000","2","1","YES","J16\J16.7603.A.725.000 | J16\铝管\7601\J16.7603.A.725.000"
"J16.7603.A.825.000","2","2","NO","J16\J16.7603.A.825.000 | J16\QL\7603\J16.7603.A.825.000"
"J16.7802.A.005.907","2","1","YES","J16\J16.7802.A.005.907 | J16\氧气管\7802\J16.7802.A.005.907"
"J16.7802.A.005.909","2","1","YES","J16\J16.7802.A.005.909 | J16\氧气管\7802\J16.7802.A.005.909"
"J16.7802.A.005.905","2","1","YES","J16\J16.7802.A.005.905 | J16\氧气管\7802\J16.7802.A.005.905"
"J16.7802.A.005.901","2","1","YES","J16\J16.7802.A.005.901 | J16\氧气管\7802\J16.7802.A.005.901"
"J16.7802.A.005.903","2","1","YES","J16\J16.7802.A.005.903 | J16\氧气管\7802\J16.7802.A.005.903"
"J16.7603.A.080.000","2","1","YES","J16\J16.7603.A.080.000 | J16\BLM\BAI\J16.7603.A.080.000"
"J16.7603.A.085.000","2","1","YES","J16\J16.7603.A.085.000 | J16\BLM\BAI\J16.7603.A.085.000"
"J16.7603.A.065.000","2","1","YES","J16\J16.7603.A.065.000 | J16\BLM\BAI\J16.7603.A.065.000"
"J16.7603.A.015.000","2","1","YES","J16\J16.7603.A.015.000 | J16\BLM\BAI\J16.7603.A.015.000"
"J16.7603.A.060.000","2","1","YES","J16\J16.7603.A.060.000 | J16\BLM\BAI\J16.7603.A.060.000"
"J16.7603.A.715.000","2","1","YES","J16\J16.7603.A.715.000 | J16\BLM\BAI\J16.7603.A.715.000"
"J16.7603.A.720.000","2","1","YES","J16\J16.7603.A.720.000 | J16\BLM\BAI\J16.7603.A.720.000"
"J16.7603.A.710.000","2","1","YES","J16\J16.7603.A.710.000 | J16\BLM\BAI\J16.7603.A.710.000"
"J16.7603.A.090.000","2","1","YES","J16\J16.7603.A.090.000 | J16\BLM\BAI\J16.7603.A.090.000"
"J16.7603.A.705.000","2","1","YES","J16\J16.7603.A.705.000 | J16\BLM\BAI\J16.7603.A.705.000"
"30 11.0740.K.020.991","2","1","YES","VJMsg\30 11.0740.K.020.991 | VJMsg\30 11\30 直管\新建文件夹\30 11.0740.K.020.991"
"30 11.0740.K.020.992","2","1","YES","VJMsg\30 11.0740.K.020.992 | VJMsg\30 11\30 直管\新建文件夹\30 11.0740.K.020.992"
"30 11.0740.K.020.989","2","1","YES","VJMsg\30 11.0740.K.020.989 | VJMsg\30 11\30 直管\新建文件夹\30 11.0740.K.020.989"
"30 11.0740.K.020.987","2","1","YES","VJMsg\30 11.0740.K.020.987 | VJMsg\30 11\30 直管\新建文件夹\30 11.0740.K.020.987"
"30 11.0740.K.020.988","2","1","YES","VJMsg\30 11.0740.K.020.988 | VJMsg\30 11\30 直管\新建文件夹\30 11.0740.K.020.988"
"30 11.0740.K.020.996","2","1","YES","VJMsg\30 11.0740.K.020.996 | VJMsg\30 11\30 直管\新建文件夹\30 11.0740.K.020.996"
"30 11.0740.K.020.997","2","1","YES","VJMsg\30 11.0740.K.020.997 | VJMsg\30 11\30 直管\新建文件夹\30 11.0740.K.020.997"
"30 11.0740.K.020.995","2","1","YES","VJMsg\30 11.0740.K.020.995 | VJMsg\30 11\30 直管\新建文件夹\30 11.0740.K.020.995"
"30 11.0740.K.020.993","2","1","YES","VJMsg\30 11.0740.K.020.993 | VJMsg\30 11\30 直管\新建文件夹\30 11.0740.K.020.993"
"30 11.0740.K.020.994","2","1","YES","VJMsg\30 11.0740.K.020.994 | VJMsg\30 11\30 直管\新建文件夹\30 11.0740.K.020.994"
"30 11.0740.K.020.955","2","1","YES","VJMsg\30 11.0740.K.020.955 | VJMsg\30 11\30 直管\新建文件夹\30 11.0740.K.020.955"
"30 11.0740.K.020.958","2","1","YES","VJMsg\30 11.0740.K.020.958 | VJMsg\30 11\30 直管\新建文件夹\30 11.0740.K.020.958"
"30 11.0740.K.020.953","2","1","YES","VJMsg\30 11.0740.K.020.953 | VJMsg\30 11\30 直管\新建文件夹\30 11.0740.K.020.953"
"30 11.0740.K.020.945","2","1","YES","VJMsg\30 11.0740.K.020.945 | VJMsg\30 11\30 直管\新建文件夹\30 11.0740.K.020.945"
"30 11.0740.K.020.949","2","1","YES","VJMsg\30 11.0740.K.020.949 | VJMsg\30 11\30 直管\新建文件夹\30 11.0740.K.020.949"
"30 11.0740.K.020.980","2","1","YES","VJMsg\30 11.0740.K.020.980 | VJMsg\30 11\30 直管\浅灰\30 11.0740.K.020.980"
"30 11.0740.K.020.982","2","1","YES","VJMsg\30 11.0740.K.020.982 | VJMsg\30 11\30 直管\浅灰\30 11.0740.K.020.982"
"30 11.0740.K.020.975","2","1","YES","VJMsg\30 11.0740.K.020.975 | VJMsg\30 11\30 直管\新建文件夹\30 11.0740.K.020.975"
"30 11.0740.K.020.959","2","1","YES","VJMsg\30 11.0740.K.020.959 | VJMsg\30 11\30 直管\新建文件夹\30 11.0740.K.020.959"
"30 11.0740.K.020.969","2","1","YES","VJMsg\30 11.0740.K.020.969 | VJMsg\30 11\30 直管\新建文件夹\30 11.0740.K.020.969"
"30 11.0740.K.175.000","2","1","YES","VJMsg\30 11.0740.K.175.000 | VJMsg\机电部\30 11.0740.K.175.000"
"30 11.0740.K.295.901","2","1","YES","VJMsg\30 11.0740.K.295.901 | VJMsg\QL30\0740LAN\30 11.0740.K.295.901"
"30 11.0740.K.295.902","2","1","YES","VJMsg\30 11.0740.K.295.902 | VJMsg\QL30\0740LAN\30 11.0740.K.295.902"
"30 11.0740.K.180.983","2","1","YES","VJMsg\30 11.0740.K.180.983 | VJMsg\30 11\30 直管\浅灰\30 11.0740.K.180.983"
"30 11.0740.K.180.980","2","1","YES","VJMsg\30 11.0740.K.180.980 | VJMsg\30 11\30 11.0740\180\30 11.0740.K.180.980"
"30 11.0740.K.180.981","2","1","YES","VJMsg\30 11.0740.K.180.981 | VJMsg\30 11\30 11.0740\180\30 11.0740.K.180.981"
"30 11.0740.K.295.912","2","1","YES","VJMsg\30 11.0740.K.295.912 | VJMsg\30 11\30 直管\ZGBPQ\ZGLAN\30 11.0740.K.295.912"
"30 11.0740.K.295.914","2","1","YES","VJMsg\30 11.0740.K.295.914 | VJMsg\30 11\30 直管\浅灰\ZG0740浅灰\30 11.0740.K.295.914"
"30 11.0740.K.295.908","2","1","YES","VJMsg\30 11.0740.K.295.908 | VJMsg\QL30\0740LAN\30 11.0740.K.295.908"
"30 11.0740.K.295.903","2","1","YES","VJMsg\30 11.0740.K.295.903 | VJMsg\QL30\0740LAN\30 11.0740.K.295.903"
"30 11.0740.K.295.906","2","1","YES","VJMsg\30 11.0740.K.295.906 | VJMsg\QL30\0740LAN\30 11.0740.K.295.906"
"30 11.0740.K.180.907","2","1","YES","VJMsg\30 11.0740.K.180.907 | VJMsg\30 11\30 直管\30 11.0740.K.180.907"
"30 11.0740.K.180.923","2","1","YES","VJMsg\30 11.0740.K.180.923 | VJMsg\30 11\30 直管\30 11.0740.K.180.923"
"30 11.0740.K.180.905","2","1","YES","VJMsg\30 11.0740.K.180.905 | VJMsg\30 11\30 直管\30 11.0740.K.180.905"
"30 11.0740.K.180.902","2","1","YES","VJMsg\30 11.0740.K.180.902 | VJMsg\30 11\30 直管\30 11.0740.K.180.902"
"30 11.0740.K.180.903","2","1","YES","VJMsg\30 11.0740.K.180.903 | VJMsg\30 11\30 直管\30 11.0740.K.180.903"
"30 11.0740.K.180.977","2","1","YES","VJMsg\30 11.0740.K.180.977 | VJMsg\30 11\30 11.0740\180\30 11.0740.K.180.977"
"30 11.0740.K.180.979","2","1","YES","VJMsg\30 11.0740.K.180.979 | VJMsg\30 11\30 11.0740\180\30 11.0740.K.180.979"
"30 11.0740.K.180.975","2","1","YES","VJMsg\30 11.0740.K.180.975 | VJMsg\30 11\30 直管\30 11.0740.K.180.975"
"30 11.0740.K.180.925","2","1","YES","VJMsg\30 11.0740.K.180.925 | VJMsg\30 11\30 直管\30 11.0740.K.180.925"
"30 11.0740.K.180.926","2","1","YES","VJMsg\30 11.0740.K.180.926 | VJMsg\30 11\30 11.0740\180\30 11.0740.K.180.926"
"30 11.0740.K.020.936","2","2","NO","VJMsg\30 11.0740.K.020.936 | VJMsg\30 11\30 直管\新建文件夹\30 11.0740.K.020.936"
"J16.7420.A.060.902","2","2","NO","J16\ZG\7420绿\J16.7420.A.060.902 | J16\铝管\7420\2\J16.7420.A.060.902"
"10.5314.0.220.902","2","1","YES","VJMsg\10.5314.0.220.902 | VJMsg\SK\10.5314.0.220.902"
"6101 - 快捷方式.lnk","2","2","NO","J16\ZG\6101\065\6101 - 快捷方式.lnk | J16\铝管\6101 - 快捷方式.lnk"
"220.918","2","2","NO","J16\QL\蓝红\新建文件夹\220.918 | J16\QL\蓝黑\新建文件夹\220.918"
"035.903","2","2","NO","J16\ZG\5314浅灰\035.903 | J16\ZG\6101\035.903"
"1S318-8-0.8-290","2","1","YES","VJMsg\1S318-8-0.8-290 | VJMsg\11B红牌\黄\1S318-8-0.8-290"
"30 11.0730.K.755.902","2","1","YES","VJMsg\30 11.0730.K.755.902 | VJMsg\30 11\30 11.0740\845\30 11.0730.K.755.902"
"1S318-8-0.8-280","2","2","NO","VJMsg\1S318-8-0.8-280 | VJMsg\11B红牌\黄\1S318-8-0.8-280"
"11.5334.3.805.961A","2","1","YES","VJMsg\11.5334.3.805.961A | VJMsg\J11B钢管\QL\5334.A\11.5334.3.805.961A"
"11.6800.B.040.000","2","1","YES","VJMsg\11.6800.B.040.000 | VJMsg\钛合金\11.6800.B.040.000"
"J16.5324.A.655.910","2","2","NO","J16\QL\蓝\0\J16.5324.A.655.910 | J16\QL\蓝\新建文件夹\J16.5324.A.655.910"
"J16.5324.A.305.901","2","1","YES","J16\QL\蓝\1\J16.5324.A.305.901 | J16\QL\蓝\新建文件夹\J16.5324.A.305.901"
"J16.5324.A.655.908","2","2","NO","J16\QL\蓝\J16.5324.A.655.908 | J16\QL\蓝\新建文件夹\J16.5324.A.655.908"
"555.907","2","1","YES","J16\QL\全蓝\新建文件夹\555.907 | VJMsg\制造件\J16DX\8\555.907"
"J16.5324.A.910.904","2","1","YES","J16\QL\咖\J16.5324.A.910.904 | J16\QL\咖\1\J16咖14\J16.5324.A.910.904"
"J16.5324.A.655.907","2","2","NO","J16\QL\蓝\7\J16.5324.A.655.907 | J16\QL\蓝\新建文件夹\J16.5324.A.655.907"
"J16.5324.A.655.909","2","2","NO","J16\QL\蓝\9\J16.5324.A.655.909 | J16\QL\蓝\新建文件夹\J16.5324.A.655.909"
"J16.5324.A.410.957","2","2","NO","J16\QL\蓝\7\J16.5324.A.410.957 | J16\QL\蓝\新建文件夹\J16.5324.A.410.957"
"J16.5324.A.815.901","2","1","YES","J16\QL\蓝\1\J16.5324.A.815.901 | VJMsg\J11B铝管\J11B空调管\060\J16.5324.A.815.901"
"J16.5324.A.505.902","2","1","YES","J16\QL\蓝\2\J16.5324.A.505.902 | J16\红牌\蓝黑\J16.5324.A.505.902"
"30 11.0740.3.845.942","2","1","YES","VJMsg\30 11.0740.3.845.942 | VJMsg\30 11\30 11.0740\845\30 11.0740.3.845.942"
"30 11.0740.K.020.913","2","1","YES","VJMsg\30 11.0740.K.020.913 | VJMsg\30 11\30 11.0740\020\30 11.0740.K.020.913"
"30 11.0740.K.020.920","2","1","YES","VJMsg\30 11.0740.K.020.920 | VJMsg\30 11\30 11.0740\020\30 11.0740.K.020.920"
"30 11.0740.K.020.911","2","1","YES","VJMsg\30 11.0740.K.020.911 | VJMsg\30 11\30 11.0740\020\30 11.0740.K.020.911"
"J11B.5314.B.555.903","2","1","YES","VJMsg\J11B.5314.B.555.903 | VJMsg\11B红牌\黄\J11B.5314.B.555.903"
"30 11.0740.K.020.903","2","1","YES","VJMsg\30 11.0740.K.020.903 | VJMsg\30 11\30 11.0740\020\30 11.0740.K.020.903"
"30 11.0740.K.020.931","2","1","YES","VJMsg\30 11.0740.K.020.931 | VJMsg\30 11\30 直管\新建文件夹\30 11.0740.K.020.931"
"30 11.0740.K.020.934","2","1","YES","VJMsg\30 11.0740.K.020.934 | VJMsg\30 11\30 直管\新建文件夹\30 11.0740.K.020.934"
"30 11.0740.K.020.930","2","1","YES","VJMsg\30 11.0740.K.020.930 | VJMsg\30 11\30 直管\新建文件夹\30 11.0740.K.020.930"
"30 11.0740.K.020.928","2","1","YES","VJMsg\30 11.0740.K.020.928 | VJMsg\30 11\30 直管\新建文件夹\30 11.0740.K.020.928"
"30 11.0740.K.020.929","2","1","YES","VJMsg\30 11.0740.K.020.929 | VJMsg\30 11\30 直管\新建文件夹\30 11.0740.K.020.929"
"30 11.0740.3.845.946","2","1","YES","VJMsg\30 11.0740.3.845.946 | VJMsg\30 11\30 11.0740\845\30 11.0740.3.845.946"
"J11B.5314.B.565.902","2","1","YES","VJMsg\J11B.5314.B.565.902 | VJMsg\J11B钢管\565\J11B.5314.B.565.902"
"30 11.0740.3.845.945","2","1","YES","VJMsg\30 11.0740.3.845.945 | VJMsg\30 11\30 11.0740\845\30 11.0740.3.845.945"
"30 11.0740.3.845.943","2","2","NO","VJMsg\30 11.0740.3.845.943 | VJMsg\30 11\30 11.0740\845\30 11.0740.3.845.943"
"30 11.0740.3.845.944","2","1","YES","VJMsg\30 11.0740.3.845.944 | VJMsg\30 11\30 11.0740\845\30 11.0740.3.845.944"
"30 11.0740.3.845.982","2","1","YES","VJMsg\30 11.0740.3.845.982 | VJMsg\30 11\30 11.0740\845\30 11.0740.3.845.982"
"J11B.5314.B.555.912","2","1","YES","VJMsg\J11B.5314.B.555.912 | VJMsg\11B红牌\黄\J11B.5314.B.555.912"
"J11B.5314.B.555.920","2","1","YES","VJMsg\J11B.5314.B.555.920 | VJMsg\11B红牌\黄\J11B.5314.B.555.920"
"J11B.5314.B.565.901","2","1","YES","VJMsg\J11B.5314.B.565.901 | VJMsg\J11B钢管\565\J11B.5314.B.565.901"
"J11B.5314.B.555.921","2","1","YES","VJMsg\J11B.5314.B.555.921 | VJMsg\11B红牌\黄\J11B.5314.B.555.921"
"J16.5314.A.315.927","2","1","YES","J16\J16.5314.A.315.927 | J16\HUANG\黄黑\7\J16.5314.A.315.927"
"J16.5314.A.315.928","2","1","YES","J16\J16.5314.A.315.928 | J16\HUANG\黄黑\8\J16.5314.A.315.928"
"J16.5314.A.315.926","2","1","YES","J16\J16.5314.A.315.926 | J16\红牌\黄红\J16.5314.A.315.926"
"J11B.5324.B.445.934","2","1","YES","VJMsg\J11B.5324.B.445.934 | VJMsg\结构部钢管\J11B.5324.B.445.934"
"J16.5314.A.315.925","2","1","YES","J16\J16.5314.A.315.925 | J16\红牌\黄红\J16.5314.A.315.925"
"J16.5314.A.400.904","2","1","YES","J16\J16.5314.A.400.904 | J16\HUANG\绿\4\J16.5314.A.400.904"
"J16.5314.A.400.906","2","1","YES","J16\J16.5314.A.400.906 | J16\HUANG\绿\6\J16.5314.A.400.906"
"J16.5314.A.400.902","2","1","YES","J16\J16.5314.A.400.902 | J16\HUANG\绿\2\J16.5314.A.400.902"
"J16.5314.A.315.929","2","1","YES","J16\J16.5314.A.315.929 | J16\HUANG\黄红\9\J16.5314.A.315.929"
"J16.5314.A.315.930","2","1","YES","J16\J16.5314.A.315.930 | J16\HUANG\黄红\0\J16.5314.A.315.930"
"J16.5314.A.315.912","2","1","YES","J16\J16.5314.A.315.912 | J16\红牌\黄红\J16.5314.A.315.912"
"J16.5314.A.315.913","2","1","YES","J16\J16.5314.A.315.913 | J16\红牌\黄黑\J16.5314.A.315.913"
"J16.5314.A.315.911","2","1","YES","J16\J16.5314.A.315.911 | J16\红牌\黄红\J16.5314.A.315.911"
"J16.5314.A.315.905","2","1","YES","J16\J16.5314.A.315.905 | J16\红牌\黄红\J16.5314.A.315.905"
"J16.5314.A.315.906","2","1","YES","J16\J16.5314.A.315.906 | J16\红牌\黄红\J16.5314.A.315.906"
"J16.5314.A.315.923","2","1","YES","J16\J16.5314.A.315.923 | J16\红牌\黄黑\J16.5314.A.315.923"
"J16.5314.A.315.924","2","1","YES","J16\J16.5314.A.315.924 | J16\红牌\黄黑\J16.5314.A.315.924"
"J16.5314.A.315.922","2","1","YES","J16\J16.5314.A.315.922 | J16\红牌\黄黑\J16.5314.A.315.922"
"J16.5314.A.315.914","2","1","YES","J16\J16.5314.A.315.914 | J16\红牌\黄黑\J16.5314.A.315.914"
"J16.5314.A.315.921","2","1","YES","J16\J16.5314.A.315.921 | J16\红牌\黄黑\J16.5314.A.315.921"
"J16.5314.A.400.908","2","1","YES","J16\J16.5314.A.400.908 | J16\HUANG\绿\8\J16.5314.A.400.908"
"J16.5314.A.445.933","2","1","YES","J16\J16.5314.A.445.933 | J16\HUANG\黄\3\J16.5314.A.445.933"
"J16.5314.A.445.934","2","1","YES","J16\J16.5314.A.445.934 | J16\铝管\5314\J16.5314.A.445.934"
"J16.5314.A.445.931","2","1","YES","J16\J16.5314.A.445.931 | J16\HUANG\黄\1\J16.5314.A.445.931"
"J16.5314.A.445.928","2","1","YES","J16\J16.5314.A.445.928 | J16\HUANG\黄黑\8\J16.5314.A.445.928"
"J16.5314.A.445.929","2","1","YES","J16\J16.5314.A.445.929 | J16\HUANG\黄\9\J16.5314.A.445.929"
"J16.5314.A.555.902","2","1","YES","J16\J16.5314.A.555.902 | J16\红牌\J16.5314.A.555.902"
"J16.5314.A.555.904","2","1","YES","J16\J16.5314.A.555.904 | J16\HUANG\黄\4\J16.5314.A.555.904"
"J16.5314.A.555.901","2","1","YES","J16\J16.5314.A.555.901 | J16\HUANG\黄\1\J16.5314.A.555.901"
"J16.5314.A.445.935","2","1","YES","J16\J16.5314.A.445.935 | J16\HUANG\黄\5\J16.5314.A.445.935"
"J16.5314.A.445.936","2","1","YES","J16\J16.5314.A.445.936 | J16\铝管\5314\J16.5314.A.445.936"
"J16.5314.A.410.982","2","1","YES","J16\J16.5314.A.410.982 | J16\HUANG\黄黑\新建文件夹\J16.5314.A.410.982"
"J16.5314.A.410.992","2","2","NO","J16\J16.5314.A.410.992 | J16\铝管\5314\J16.5314.A.410.992"
"J16.5314.A.410.978","2","1","YES","J16\J16.5314.A.410.978 | J16\结构部管子\黄黑\J16.5314.A.410.978"
"J16.5314.A.410.973","2","1","YES","J16\J16.5314.A.410.973 | J16\结构部管子\黄红\J16.5314.A.410.973"
"J16.5314.A.410.974","2","1","YES","J16\J16.5314.A.410.974 | J16\结构部管子\黄黑\J16.5314.A.410.974"
"J16.5314.A.445.924","2","1","YES","J16\J16.5314.A.445.924 | J16\HUANG\黄黑\4\J16.5314.A.445.924"
"J16.5314.A.445.927","2","1","YES","J16\J16.5314.A.445.927 | J16\HUANG\黄红\7\J16.5314.A.445.927"
"J16.5314.A.445.923","2","1","YES","J16\J16.5314.A.445.923 | J16\HUANG\黄红\3\J16.5314.A.445.923"
"J16.5314.A.445.921","2","1","YES","J16\J16.5314.A.445.921 | J16\HUANG\黄红\1\J16.5314.A.445.921"
"J16.5314.A.445.922","2","1","YES","J16\J16.5314.A.445.922 | J16\HUANG\黄黑\新建文件夹\J16.5314.A.445.922"
"J16.5314.A.315.904","2","1","YES","J16\J16.5314.A.315.904 | J16\红牌\黄红\J16.5314.A.315.904"
"J16.5314.A.305.913","2","1","YES","J16\J16.5314.A.305.913 | J16\HUANG\黄红\3\J16.5314.A.305.913"
"J16.5314.A.305.914","2","1","YES","J16\J16.5314.A.305.914 | J16\HUANG\黄红\4\J16.5314.A.305.914"
"J11B.5324.B.555.953","2","1","YES","VJMsg\J11B.5324.B.555.953 | VJMsg\11B红牌\H\J11B.5324.B.555.953"
"J16.5314.A.305.911","2","1","YES","J16\J16.5314.A.305.911 | J16\HUANG\黄红\1\J16.5314.A.305.911"
"J16.5314.A.305.912","2","1","YES","J16\J16.5314.A.305.912 | J16\HUANG\黄红\2\J16.5314.A.305.912"
"J16.5314.A.305.917","2","1","YES","J16\J16.5314.A.305.917 | J16\HUANG\黄红\7\J16.5314.A.305.917"
"J11B.5324.B.555.927","2","1","YES","VJMsg\J11B.5324.B.555.927 | VJMsg\11B红牌\H\J11B.5324.B.555.927"
"J11B.5324.B.555.932","2","1","YES","VJMsg\J11B.5324.B.555.932 | VJMsg\11B红牌\H\J11B.5324.B.555.932"
"J16.5314.A.305.915","2","1","YES","J16\J16.5314.A.305.915 | J16\HUANG\黄红\5\J16.5314.A.305.915"
"J16.5314.A.305.916","2","1","YES","J16\J16.5314.A.305.916 | J16\HUANG\黄红\6\J16.5314.A.305.916"
"J16.5314.A.305.906","2","1","YES","J16\J16.5314.A.305.906 | J16\HUANG\黄\6\J16.5314.A.305.906"
"J16.5314.A.305.907","2","1","YES","J16\J16.5314.A.305.907 | J16\HUANG\黄\7\J16.5314.A.305.907"
"J16.5314.A.305.905","2","1","YES","J16\J16.5314.A.305.905 | J16\HUANG\黄\5\J16.5314.A.305.905"
"J16.5314.A.305.901","2","1","YES","J16\J16.5314.A.305.901 | J16\HUANG\黄\1\J16.5314.A.305.901"
"J16.5314.A.305.902","2","1","YES","J16\J16.5314.A.305.902 | J16\铝管\5314\J16.5314.A.305.902"
"J11B.5324.B.565.901","2","1","YES","VJMsg\J11B.5324.B.565.901 | VJMsg\J11B钢管\565\J11B.5324.B.565.901"
"J16.5314.A.305.910","2","1","YES","J16\J16.5314.A.305.910 | J16\HUANG\黄红\0\J16.5314.A.305.910"
"J11B.5324.B.565.902","2","1","YES","VJMsg\J11B.5324.B.565.902 | VJMsg\J11B钢管\565\J11B.5324.B.565.902"
"J11B.5324.B.565.904","2","1","YES","VJMsg\J11B.5324.B.565.904 | VJMsg\J11B钢管\565\J11B.5324.B.565.904"
"J11B.5324.B.565.903","2","1","YES","VJMsg\J11B.5324.B.565.903 | VJMsg\J11B钢管\565\J11B.5324.B.565.903"
"J16.5314.A.305.918","2","1","YES","J16\J16.5314.A.305.918 | J16\HUANG\黄红\8\J16.5314.A.305.918"
"J11B.5324.B.505.922","2","1","YES","VJMsg\J11B.5324.B.505.922 | VJMsg\11B红牌\TLJ11B\J11B.5324.B.505.922"
"J11B.5324.B.505.921","2","1","YES","VJMsg\J11B.5324.B.505.921 | VJMsg\11B红牌\TLJ11B\J11B.5324.B.505.921"
"J16.5314.A.305.936","2","1","YES","J16\J16.5314.A.305.936 | J16\HUANG\黄红\6\J16.5314.A.305.936"
"J16.5314.A.305.933","2","1","YES","J16\J16.5314.A.305.933 | J16\HUANG\黄黑\3\J16.5314.A.305.933"
"J16.5314.A.305.935","2","1","YES","J16\J16.5314.A.305.935 | J16\HUANG\黄红\5\J16.5314.A.305.935"
"J16.5314.A.315.902","2","1","YES","J16\J16.5314.A.315.902 | J16\红牌\黄黑\J16.5314.A.315.902"
"J16.5314.A.315.903","2","1","YES","J16\J16.5314.A.315.903 | J16\红牌\黄红\J16.5314.A.315.903"
"J16.5314.A.315.901","2","1","YES","J16\J16.5314.A.315.901 | J16\红牌\黄黑\J16.5314.A.315.901"
"J16.5314.A.305.937","2","1","YES","J16\J16.5314.A.305.937 | J16\HUANG\黄红\7\J16.5314.A.305.937"
"J16.5314.A.305.939","2","1","YES","J16\J16.5314.A.305.939 | J16\HUANG\黄红\9\J16.5314.A.305.939"
"J11B.5324.B.555.914","2","1","YES","VJMsg\J11B.5324.B.555.914 | VJMsg\11B红牌\H\J11B.5324.B.555.914"
"J16.5314.A.305.923","2","1","YES","J16\J16.5314.A.305.923 | J16\HUANG\黄黑\3\J16.5314.A.305.923"
"J16.5314.A.305.922","2","1","YES","J16\J16.5314.A.305.922 | J16\HUANG\黄黑\2\J16.5314.A.305.922"
"J16.5314.A.305.920","2","1","YES","J16\J16.5314.A.305.920 | J16\HUANG\黄黑\新建文件夹\J16.5314.A.305.920"
"J16.5314.A.305.921","2","1","YES","J16\J16.5314.A.305.921 | J16\HUANG\黄黑\新建文件夹\J16.5314.A.305.921"
"J16.5314.A.305.930","2","1","YES","J16\J16.5314.A.305.930 | J16\HUANG\黄黑\0\J16.5314.A.305.930"
"J16.5314.A.305.931","2","1","YES","J16\J16.5314.A.305.931 | J16\HUANG\黄黑\1\J16.5314.A.305.931"
"J16.5314.A.305.926","2","1","YES","J16\J16.5314.A.305.926 | J16\HUANG\黄黑\6\J16.5314.A.305.926"
"J16.5314.A.305.924","2","1","YES","J16\J16.5314.A.305.924 | J16\HUANG\黄黑\4\J16.5314.A.305.924"
"J16.5314.A.305.925","2","1","YES","J16\J16.5314.A.305.925 | J16\HUANG\黄黑\5\J16.5314.A.305.925"
"J16.6170.A.680.000","2","1","YES","J16\J16.6170.A.680.000 | J16\QL\6170\6170\J16.6170.A.680.000"
"J16.6170.A.690.000","2","1","YES","J16\J16.6170.A.690.000 | J16\QL\6170\6170\J16.6170.A.690.000"
"J16.6170.A.675.000","2","1","YES","J16\J16.6170.A.675.000 | J16\铝管\6160 6170\J16.6170.A.675.000"
"J16.6160.A.960.000","2","1","YES","J16\J16.6160.A.960.000 | J16\铝管\6160 6170\J16.6160.A.960.000"
"J16.6170.A.655.000","2","2","NO","J16\J16.6170.A.655.000 | J16\铝管\6160 6170\J16.6170.A.655.000"
"J16.6201.A.820.917","2","1","YES","J16\J16.6201.A.820.917 | J16\铝管\J16.6201.A.820.917"
"J16.6400.A.015.000","2","2","NO","J16\J16.6400.A.015.000 | J16\THJ\J16.6400.A.015.000"
"J16.6201.A.820.915","2","1","YES","J16\J16.6201.A.820.915 | J16\铝管\J16.6201.A.820.915"
"J16.6200.A.810.903","2","1","YES","J16\J16.6200.A.810.903 | J16\QL\6200\J16.6200.A.810.903"
"J16.6201.A.820.913","2","1","YES","J16\J16.6201.A.820.913 | J16\铝管\J16.6201.A.820.913"
"J16.6110.A.825.911","2","1","YES","J16\J16.6110.A.825.911 | J16\ZG\BPQ\J16.6110.A.825.911"
"J16.6125.A.010.000","2","1","YES","J16\J16.6125.A.010.000 | J16\铝管\6125\J16.6125.A.010.000"
"J16.6110.A.175.000","2","1","YES","J16\J16.6110.A.175.000 | J16\铝管\6110\J16.6110.A.175.000"
"J16.6110.A.040.000","2","1","YES","J16\J16.6110.A.040.000 | J16\铝管\6110\J16.6110.A.040.000"
"J16.6110.A.155.000","2","1","YES","J16\J16.6110.A.155.000 | J16\铝管\6110\J16.6110.A.155.000"
"J16.6160.A.880.000","2","1","YES","J16\J16.6160.A.880.000 | J16\铝管\6160 6170\J16.6160.A.880.000"
"J16.6160.A.915.000","2","1","YES","J16\J16.6160.A.915.000 | J16\铝管\6160 6170\J16.6160.A.915.000"
"J16.6130.A.875.908","2","2","NO","J16\J16.6130.A.875.908 | J16\ZG\6130\J16.6130.A.875.908"
"J16.6125.A.015.000","2","1","YES","J16\J16.6125.A.015.000 | J16\铝管\6125\J16.6125.A.015.000"
"J16.6126.A.770.000","2","2","NO","J16\J16.6126.A.770.000 | J16\铝管\6126\J16.6126.A.770.000"
"J16.6500.A.830.000","2","1","YES","J16\J16.6500.A.830.000 | J16\THJ\J16.6500.A.830.000"
"J16.7410.A.925.929","2","1","YES","J16\J16.7410.A.925.929 | J16\ZG\7410黑\J16.7410.A.925.929"
"J16.7410.A.925.931","2","1","YES","J16\J16.7410.A.925.931 | J16\ZG\7410黑\J16.7410.A.925.931"
"J16.7410.A.925.927","2","1","YES","J16\J16.7410.A.925.927 | J16\ZG\7410黑\J16.7410.A.925.927"
"J16.7410.A.925.923","2","1","YES","J16\J16.7410.A.925.923 | J16\ZG\7410黑\J16.7410.A.925.923"
"J16.7410.A.925.925","2","1","YES","J16\J16.7410.A.925.925 | J16\ZG\7410黑\J16.7410.A.925.925"
"J11B.5318.B.975.901","2","2","NO","VJMsg\J11B.5318.B.975.901 | VJMsg\J11B钢管\BS浅灰蓝\J11B.5318.B.975.901"
"J11B.5318.B.970.915","2","2","NO","VJMsg\J11B.5318.B.970.915 | VJMsg\J11B钢管\BS浅灰蓝\J11B.5318.B.970.915"
"J11B.5318.B.975.909","2","2","NO","VJMsg\J11B.5318.B.975.909 | VJMsg\J11B钢管\BS浅灰蓝\J11B.5318.B.975.909"
"J16.7410.A.925.933","2","1","YES","J16\J16.7410.A.925.933 | J16\QL\6201\J16.7410.A.925.933"
"J16.7410.A.945.903","2","1","YES","J16\J16.7410.A.945.903 | J16\ZG\7410黑\J16.7410.A.945.903"
"J16.7410.A.925.905","2","1","YES","J16\J16.7410.A.925.905 | J16\ZG\7410黑\J16.7410.A.925.905"
"J16.7410.A.925.907","2","1","YES","J16\J16.7410.A.925.907 | J16\ZG\7410黑\J16.7410.A.925.907"
"J16.7410.A.925.903","2","1","YES","J16\J16.7410.A.925.903 | J16\ZG\7410黑\J16.7410.A.925.903"
"J16.6600.A.950.903","2","1","YES","J16\J16.6600.A.950.903 | J16\QL\6600\J16.6600.A.950.903"
"J16.6800.A.040.000","2","1","YES","J16\J16.6800.A.040.000 | J16\THJ\J16.6800.A.040.000"
"J16.7410.A.925.917","2","1","YES","J16\J16.7410.A.925.917 | J16\ZG\7410黑\J16.7410.A.925.917"
"J16.7410.A.925.919","2","1","YES","J16\J16.7410.A.925.919 | J16\ZG\7410黑\J16.7410.A.925.919"
"J16.7410.A.925.915","2","1","YES","J16\J16.7410.A.925.915 | J16\ZG\7410黑\J16.7410.A.925.915"
"J16.7410.A.925.911","2","1","YES","J16\J16.7410.A.925.911 | J16\ZG\7410黑\J16.7410.A.925.911"
"J16.7410.A.925.913","2","1","YES","J16\J16.7410.A.925.913 | J16\ZG\7410黑\J16.7410.A.925.913"
"J16.6101.A.080.000","2","2","NO","J16\J16.6101.A.080.000 | J16\ZG\6101\J16.6101.A.080.000"
"J16.5314.A.610.910","2","1","YES","J16\J16.5314.A.610.910 | J16\铝管\5314\J16.5314.A.610.910"
"J16.5314.A.610.911","2","1","YES","J16\J16.5314.A.610.911 | J16\HUANG\黄红\1\J16.5314.A.610.911"
"J16.5314.A.610.909","2","1","YES","J16\J16.5314.A.610.909 | J16\HUANG\黄\9\J16.5314.A.610.909"
"J16.5314.A.610.907","2","1","YES","J16\J16.5314.A.610.907 | J16\HUANG\黄\7\J16.5314.A.610.907"
"J16.5314.A.610.908","2","1","YES","J16\J16.5314.A.610.908 | J16\HUANG\黄\8\J16.5314.A.610.908"
"J16.5314.A.610.915","2","1","YES","J16\J16.5314.A.610.915 | J16\HUANG\黄黑\5\J16.5314.A.610.915"
"J16.5314.A.610.916","2","1","YES","J16\J16.5314.A.610.916 | J16\HUANG\黄红\6\J16.5314.A.610.916"
"J16.5314.A.610.914","2","1","YES","J16\J16.5314.A.610.914 | J16\HUANG\黄黑\4\J16.5314.A.610.914"
"J16.5314.A.610.912","2","1","YES","J16\J16.5314.A.610.912 | J16\HUANG\黄红\2\J16.5314.A.610.912"
"J16.5314.A.610.913","2","1","YES","J16\J16.5314.A.610.913 | J16\HUANG\黄黑\3\J16.5314.A.610.913"
"J16.5314.A.565.902","2","1","YES","J16\J16.5314.A.565.902 | J16\HUANG\黄\2\J16.5314.A.565.902"
"J16.5314.A.610.901","2","1","YES","J16\J16.5314.A.610.901 | J16\HUANG\黄红\1\J16.5314.A.610.901"
"J16.5314.A.565.901","2","1","YES","J16\J16.5314.A.565.901 | J16\HUANG\黄\1\J16.5314.A.565.901"
"J16.5314.A.555.907","2","1","YES","J16\J16.5314.A.555.907 | J16\HUANG\黄\7\J16.5314.A.555.907"
"J16.5314.A.555.908","2","1","YES","J16\J16.5314.A.555.908 | J16\HUANG\黄\8\J16.5314.A.555.908"
"J16.5314.A.610.905","2","1","YES","J16\J16.5314.A.610.905 | J16\铝管\5314\J16.5314.A.610.905"
"J16.5314.A.610.906","2","1","YES","J16\J16.5314.A.610.906 | J16\HUANG\黄\6\J16.5314.A.610.906"
"J16.5314.A.610.904","2","1","YES","J16\J16.5314.A.610.904 | J16\铝管\5314\J16.5314.A.610.904"
"J16.5314.A.610.902","2","1","YES","J16\J16.5314.A.610.902 | J16\HUANG\黄黑\2\J16.5314.A.610.902"
"J16.5314.A.610.903","2","1","YES","J16\J16.5314.A.610.903 | J16\铝管\5314\J16.5314.A.610.903"
"J16.5314.A.610.917","2","1","YES","J16\J16.5314.A.610.917 | J16\HUANG\J16.5314.A.610.917"
"J16.5324.A.410.960","2","2","NO","J16\J16.5324.A.410.960 | J16\铝管\5324\J16.5324.A.410.960"
"J16.5324.A.410.962","2","1","YES","J16\J16.5324.A.410.962 | J16\铝管\5324\J16.5324.A.410.962"
"J16.5324.A.410.955","2","1","YES","J16\J16.5324.A.410.955 | J16\结构部管子\蓝红\J16.5324.A.410.955"
"J16.5324.A.030.915","2","1","YES","J16\J16.5324.A.030.915 | J16\QL\蓝黑\5\J16.5324.A.030.915"
"J16.5324.A.030.916","2","1","YES","J16\J16.5324.A.030.916 | J16\QL\蓝黑\6\J16.5324.A.030.916"
"J16.6100.A.875.967","2","1","YES","J16\J16.6100.A.875.967 | J16\QL\6100\J16.6100.A.875.967"
"J16.6100.A.875.969","2","1","YES","J16\J16.6100.A.875.969 | J16\QL\6100\J16.6100.A.875.969"
"J16.5334.A.305.903","2","1","YES","J16\J16.5334.A.305.903 | J16\QL\蓝1\J16.5334.A.305.903"
"J16.5324.A.565.901","2","1","YES","J16\J16.5324.A.565.901 | J16\QL\蓝\1\J16.5324.A.565.901"
"J16.5324.A.565.902","2","1","YES","J16\J16.5324.A.565.902 | J16\QL\蓝\2\J16.5324.A.565.902"
"J16.5317.A.710.000","2","1","YES","J16\J16.5317.A.710.000 | J16\QL\J16.5317.A.710.000"
"J16.5317.A.720.000","2","1","YES","J16\J16.5317.A.720.000 | J16\QL\J16.5317.A.720.000"
"J16.5317.A.700.000","2","1","YES","J16\J16.5317.A.700.000 | J16\QL\J16.5317.A.700.000"
"J16.5314.A.610.918","2","1","YES","J16\J16.5314.A.610.918 | J16\HUANG\J16.5314.A.610.918"
"J16.5314.A.610.919","2","1","YES","J16\J16.5314.A.610.919 | J16\HUANG\J16.5314.A.610.919"
"J16.5318.A.980.000","2","2","NO","J16\J16.5318.A.980.000 | J16\QL\J16.5318.A.980.000"
"J16.5324.A.030.914","2","1","YES","J16\J16.5324.A.030.914 | J16\QL\蓝黑\4\J16.5324.A.030.914"
"J16.5318.A.975.000","2","1","YES","J16\J16.5318.A.975.000 | J16\QL\J16.5318.A.975.000"
"J16.5318.A.935.000","2","1","YES","J16\J16.5318.A.935.000 | J16\QL\J16.5318.A.935.000"
"J16.5318.A.970.000","2","1","YES","J16\J16.5318.A.970.000 | J16\QL\J16.5318.A.970.000"
"J11BS.5334.A.315.977","2","1","YES","VJMsg\J11BS.5334.A.315.977 | VJMsg\J11B钢管\QL\5334.A\J11BS.5334.A.315.977"
"J11BS.5334.A.315.976","2","1","YES","VJMsg\J11BS.5334.A.315.976 | VJMsg\J11B钢管\QL\5334.A\J11BS.5334.A.315.976"
"J11BS.5334.A.315.978","2","2","NO","VJMsg\J11BS.5334.A.315.978 | VJMsg\J11B钢管\QL\5334.A\J11BS.5334.A.315.978"
"J11BS.5334.A.555.902","2","1","YES","VJMsg\J11BS.5334.A.555.902 | VJMsg\J11B钢管\QL\5334.A\J11BS.5334.A.555.902"
"J11BS.5334.A.555.901","2","2","NO","VJMsg\J11BS.5334.A.555.901 | VJMsg\J11B钢管\QL\5334.A\J11BS.5334.A.555.901"
"J11BS.5334.A.315.975","2","1","YES","VJMsg\J11BS.5334.A.315.975 | VJMsg\J11B钢管\QL\5334.A\J11BS.5334.A.315.975"
"J11BS.5334.A.315.904","2","1","YES","VJMsg\J11BS.5334.A.315.904 | VJMsg\J11B钢管\QL\5334.A\J11BS.5334.A.315.904"
"J11BS.5334.A.315.903","2","1","YES","VJMsg\J11BS.5334.A.315.903 | VJMsg\J11B钢管\QL\5334.A\J11BS.5334.A.315.903"
"J11BS.5334.A.315.905","2","1","YES","VJMsg\J11BS.5334.A.315.905 | VJMsg\J11B钢管\QL\5334.A\J11BS.5334.A.315.905"
"J11BS.5334.A.315.966","2","1","YES","VJMsg\J11BS.5334.A.315.966 | VJMsg\J11B钢管\QL\5334.A\J11BS.5334.A.315.966"
"J11BS.5334.A.315.945","2","1","YES","VJMsg\J11BS.5334.A.315.945 | VJMsg\J11B钢管\QL\5334.A\J11BS.5334.A.315.945"
"J11BS.5334.A.555.916","2","1","YES","VJMsg\J11BS.5334.A.555.916 | VJMsg\J11B钢管\QL\5334.A\J11BS.5334.A.555.916"
"J11B.0740.B.845.972","2","1","YES","J11B直管\深灰\J11B.0740.B.845.972 | VJMsg\J11B.0740.B.845.972"
"J11BS.6801.A.000.059","2","2","NO","VJMsg\J11BS.6801.A.000.059 | VJMsg\J11B钢管\J11BS.6801.A.000.059"
"J11BS.7402.A.045.000","2","1","YES","VJMsg\J11BS.7402.A.045.000 | VJMsg\J11B铝管\7402.A\J11BS.7402.A.045.000"
"J11B.0740.B.845.937","2","2","NO","J11B直管\深灰\J11B.0740.B.845.937 | VJMsg\J11B.0740.B.845.937"
"J11B.0740.B.845.954","2","1","YES","J11B直管\深灰\J11B.0740.B.845.954 | VJMsg\J11B.0740.B.845.954"
"J11BS.6801.A.000.057","2","2","NO","VJMsg\J11BS.6801.A.000.057 | VJMsg\J11B钢管\J11BS.6801.A.000.057"
"J11BS.6170.A.065.000","2","1","YES","VJMsg\J11BS.6170.A.065.000 | VJMsg\J11B铝管\燃油管\J11BS.6170.A.065.000"
"J11BS.6120.A.060.000","2","1","YES","VJMsg\J11BS.6120.A.060.000 | VJMsg\J11BS.7420.A\7402.A\J11BS.6120.A.060.000"
"J11BS.6170.A.070.000","2","1","YES","VJMsg\J11BS.6170.A.070.000 | VJMsg\J11B铝管\燃油管\J11BS.6170.A.070.000"
"J11BS.6201.A.000.025","2","2","NO","VJMsg\J11BS.6201.A.000.025 | VJMsg\J11B钢管\QL\6201 7601.A\J11BS.6201.A.000.025"
"J11BS.6201.A.000.023","2","2","NO","VJMsg\J11BS.6201.A.000.023 | VJMsg\J11B钢管\QL\6201 7601.A\J11BS.6201.A.000.023"
"J11BS.5324.A.655.971","2","1","YES","VJMsg\J11BS.5324.A.655.971 | VJMsg\J11B钢管\QL\5334.A\5324.A\655\J11BS.5324.A.655.971"
"J11BS.5324.A.655.919","2","1","YES","VJMsg\J11BS.5324.A.655.919 | VJMsg\J11B钢管\QL\5334.A\5324.A\655\J11BS.5324.A.655.919"
"J11BS.5324.A.655.972","2","1","YES","VJMsg\J11BS.5324.A.655.972 | VJMsg\J11B钢管\QL\5334.A\5324.A\655\J11BS.5324.A.655.972"
"J11BS.5334.A.010.903","2","1","YES","VJMsg\J11BS.5334.A.010.903 | VJMsg\J11B钢管\QL\5334.A\010\J11BS.5334.A.010.903"
"J11BS.5334.A.010.902","2","1","YES","VJMsg\J11BS.5334.A.010.902 | VJMsg\J11B钢管\QL\5334.A\010\J11BS.5334.A.010.902"
"J11BS.5324.A.655.918","2","1","YES","VJMsg\J11BS.5324.A.655.918 | VJMsg\J11B钢管\QL\5334.A\5324.A\655\J11BS.5324.A.655.918"
"J11BS.5324.A.655.906","2","1","YES","VJMsg\J11BS.5324.A.655.906 | VJMsg\J11B钢管\QL\5334.A\5324.A\655\J11BS.5324.A.655.906"
"J11BS.5324.A.655.905","2","1","YES","VJMsg\J11BS.5324.A.655.905 | VJMsg\J11B钢管\QL\5334.A\5324.A\655\J11BS.5324.A.655.905"
"J11BS.5324.A.655.907","2","2","NO","VJMsg\J11BS.5324.A.655.907 | VJMsg\J11B钢管\QL\5334.A\5324.A\655\J11BS.5324.A.655.907"
"J11BS.5324.A.655.911","2","1","YES","VJMsg\J11BS.5324.A.655.911 | VJMsg\J11B钢管\QL\5334.A\5324.A\655\J11BS.5324.A.655.911"
"J11BS.5324.A.655.910","2","1","YES","VJMsg\J11BS.5324.A.655.910 | VJMsg\J11B钢管\QL\5334.A\5324.A\655\J11BS.5324.A.655.910"
"J11BS.5334.A.010.904","2","1","YES","VJMsg\J11BS.5334.A.010.904 | VJMsg\J11B钢管\QL\5334.A\010\J11BS.5334.A.010.904"
"J11BS.5334.A.010.914","2","1","YES","VJMsg\J11BS.5334.A.010.914 | VJMsg\J11B钢管\QL\5334.A\010\J11BS.5334.A.010.914"
"J11BS.5334.A.010.913","2","1","YES","VJMsg\J11BS.5334.A.010.913 | VJMsg\J11B钢管\QL\5334.A\010\J11BS.5334.A.010.913"
"J11BS.5334.A.010.915","2","1","YES","VJMsg\J11BS.5334.A.010.915 | VJMsg\J11B钢管\QL\5334.A\010\J11BS.5334.A.010.915"
"J11BS.5334.A.315.902","2","1","YES","VJMsg\J11BS.5334.A.315.902 | VJMsg\J11B钢管\QL\5334.A\J11BS.5334.A.315.902"
"J11BS.5334.A.315.901","2","1","YES","VJMsg\J11BS.5334.A.315.901 | VJMsg\J11B钢管\QL\5334.A\J11BS.5334.A.315.901"
"J11BS.5334.A.010.911","2","1","YES","VJMsg\J11BS.5334.A.010.911 | VJMsg\J11B钢管\QL\5334.A\010\J11BS.5334.A.010.911"
"J11BS.5334.A.010.906","2","1","YES","VJMsg\J11BS.5334.A.010.906 | VJMsg\J11B钢管\QL\5334.A\010\J11BS.5334.A.010.906"
"J11BS.5334.A.010.905","2","1","YES","VJMsg\J11BS.5334.A.010.905 | VJMsg\J11B钢管\QL\5334.A\010\J11BS.5334.A.010.905"
"J11BS.5334.A.010.908","2","1","YES","VJMsg\J11BS.5334.A.010.908 | VJMsg\J11B钢管\QL\5334.A\010\J11BS.5334.A.010.908"
"J11BS.5334.A.010.910","2","1","YES","VJMsg\J11BS.5334.A.010.910 | VJMsg\J11B钢管\QL\5334.A\010\J11BS.5334.A.010.910"
"J11BS.5334.A.010.909","2","1","YES","VJMsg\J11BS.5334.A.010.909 | VJMsg\J11B钢管\QL\5334.A\010\J11BS.5334.A.010.909"
"J11BS.7420.A.920.000","2","1","YES","VJMsg\J11BS.7420.A.920.000 | VJMsg\J11B铝管\7420.A\新建文件夹\J11BS.7420.A.920.000"
"J11BS.7420.A.910.994","2","1","YES","VJMsg\J11BS.7420.A.910.994 | VJMsg\J11B铝管\7420.A\新建文件夹\J11BS.7420.A.910.994"
"J11BS.7420.A.950.000","2","1","YES","VJMsg\J11BS.7420.A.950.000 | VJMsg\J11B铝管\7420.A\新建文件夹\J11BS.7420.A.950.000"
"J11BS.7420.A.980.000","2","1","YES","VJMsg\J11BS.7420.A.980.000 | VJMsg\J11B铝管\7420.A\新建文件夹\J11BS.7420.A.980.000"
"J11BS.7420.A.975.000","2","2","NO","VJMsg\J11BS.7420.A.975.000 | VJMsg\J11B铝管\7420.A\新建文件夹\J11BS.7420.A.975.000"
"J11BS.7420.A.260.000","2","1","YES","VJMsg\J11BS.7420.A.260.000 | VJMsg\J11B铝管\7420.A\新建文件夹\J11BS.7420.A.260.000"
"J11BS.7420.A.060.965","2","1","YES","VJMsg\J11BS.7420.A.060.965 | VJMsg\J11BS.7420.A\7402.A\J11BS.7420.A.060.965"
"J11BS.5324.A.010.972","2","1","YES","J11B直管\J11BS.5314  5324\J11BS.5324.A.010.972 | VJMsg\J11BS.5324.A.010.972"
"J11BS.5324.A.010.960","2","1","YES","J11B直管\J11BS.5314  5324\J11BS.5324.A.010.960 | VJMsg\J11BS.5324.A.010.960"
"J11BS.5324.A.010.955","2","1","YES","J11B直管\J11BS.5314  5324\J11BS.5324.A.010.955 | VJMsg\J11BS.5324.A.010.955"
"J11BS.5324.A.010.956","2","1","YES","J11B直管\J11BS.5314  5324\J11BS.5324.A.010.956 | VJMsg\J11BS.5324.A.010.956"
"J11BS.7420.A.995.000","2","1","YES","VJMsg\J11BS.7420.A.995.000 | VJMsg\J11B铝管\7420.A\新建文件夹\J11BS.7420.A.995.000"
"J11BS.7601.A.035.000","2","1","YES","VJMsg\J11BS.7601.A.035.000 | VJMsg\J11BS.7420.A\J11BS.7601.A\J11BS.7601.A.035.000"
"J11BS.7601.A.031.000","2","1","YES","VJMsg\J11BS.7601.A.031.000 | VJMsg\J11BS.7420.A\J11BS.7601.A\J11BS.7601.A.031.000"
"J11BS.7601.A.040.000","2","1","YES","VJMsg\J11BS.7601.A.040.000 | VJMsg\J11BS.7420.A\J11BS.7601.A\J11BS.7601.A.040.000"
"J11BS.7601.A.315.000","2","1","YES","VJMsg\J11BS.7601.A.315.000 | VJMsg\J11B铝管\J11BS空调管浅灰细\J11BS.7601.A.315.000"
"J11BS.7601.A.045.000","2","1","YES","VJMsg\J11BS.7601.A.045.000 | VJMsg\J11BS.7420.A\J11BS.7601.A\J11BS.7601.A.045.000"
"J11BS.7601.A.030.000","2","1","YES","VJMsg\J11BS.7601.A.030.000 | VJMsg\J11BS.7420.A\J11BS.7601.A\J11BS.7601.A.030.000"
"J11BS.7601.A.010.000","2","1","YES","VJMsg\J11BS.7601.A.010.000 | VJMsg\J11BS.7420.A\J11BS.7601.A\J11BS.7601.A.010.000"
"J11BS.7601.A.005.000","2","1","YES","VJMsg\J11BS.7601.A.005.000 | VJMsg\J11B铝管\J11BS空调管浅灰粗\J11BS.7601.A.005.000"
"J11BS.7601.A.015.000","2","1","YES","VJMsg\J11BS.7601.A.015.000 | VJMsg\J11BS.7420.A\J11BS.7601.A\J11BS.7601.A.015.000"
"J11BS.7601.A.026.000","2","1","YES","VJMsg\J11BS.7601.A.026.000 | VJMsg\J11BS.7420.A\J11BS.7601.A\J11BS.7601.A.026.000"
"J11BS.7601.A.025.000","2","1","YES","VJMsg\J11BS.7601.A.025.000 | VJMsg\J11BS.7420.A\J11BS.7601.A\J11BS.7601.A.025.000"
"J11BS.7410.A.925.911","2","1","YES","J11B直管\J11BS.7410.A\J11BS.7410.A.925.911 | VJMsg\J11BS.7410.A.925.911"
"J11BS.7410.A.925.912","2","1","YES","J11B直管\J11BS.7410.A\J11BS.7410.A.925.912 | VJMsg\J11BS.7410.A.925.912"
"J11BS.7410.A.925.910","2","1","YES","J11B直管\J11BS.7410.A\J11BS.7410.A.925.910 | VJMsg\J11BS.7410.A.925.910"
"J11BS.7410.A.925.908","2","1","YES","J11B直管\J11BS.7410.A\J11BS.7410.A.925.908 | VJMsg\J11BS.7410.A.925.908"
"J11BS.7410.A.925.909","2","1","YES","J11B直管\J11BS.7410.A\J11BS.7410.A.925.909 | VJMsg\J11BS.7410.A.925.909"
"J11BS.7410.A.925.913","2","1","YES","J11B直管\J11BS.7410.A\J11BS.7410.A.925.913 | VJMsg\J11BS.7410.A.925.913"
"J11BS.7410.A.925.975","2","1","YES","J11B直管\J11BS.7410.A\J11BS.7410.A.925.975 | VJMsg\J11BS.7410.A.925.975"
"J11BS.7410.A.945.000","2","1","YES","J11B直管\J11BS.7410.A\J11BS.7410.A.945.000 | VJMsg\J11BS.7410.A.945.000"
"J11BS.7410.A.925.919","2","1","YES","J11B直管\J11BS.7410.A\J11BS.7410.A.925.919 | VJMsg\J11BS.7410.A.925.919"
"J11BS.7410.A.925.914","2","1","YES","J11B直管\J11BS.7410.A\J11BS.7410.A.925.914 | VJMsg\J11BS.7410.A.925.914"
"J11BS.7410.A.925.915","2","1","YES","J11B直管\J11BS.7410.A\J11BS.7410.A.925.915 | VJMsg\J11BS.7410.A.925.915"
"J11BS.7410.A.925.907","2","1","YES","J11B直管\J11BS.7410.A\J11BS.7410.A.925.907 | VJMsg\J11BS.7410.A.925.907"
"J11BS.7410.A.925.903","2","1","YES","J11B直管\J11BS.7410.A\J11BS.7410.A.925.903 | VJMsg\J11BS.7410.A.925.903"
"J11BS.7402.A.235.000","2","1","YES","VJMsg\J11BS.7402.A.235.000 | VJMsg\J11B铝管\7402.A\J11BS.7402.A.235.000"
"J11BS.7410.A.925.901","2","1","YES","J11B直管\J11BS.7410.A\J11BS.7410.A.925.901 | VJMsg\J11BS.7410.A.925.901"
"J11BS.5324.A.010.973","2","1","YES","J11B直管\J11BS.5314  5324\J11BS.5324.A.010.973 | VJMsg\J11BS.5324.A.010.973"
"J11BS.5324.A.010.975","2","1","YES","J11B直管\J11BS.5314  5324\J11BS.5324.A.010.975 | VJMsg\J11BS.5324.A.010.975"
"J11BS.7402.A.230.000","2","2","NO","VJMsg\J11BS.7402.A.230.000 | VJMsg\J11B铝管\7402.A\J11BS.7402.A.230.000"
"J11BS.7410.A.925.905","2","1","YES","J11B直管\J11BS.7410.A\J11BS.7410.A.925.905 | VJMsg\J11BS.7410.A.925.905"
"J11BS.7410.A.925.906","2","1","YES","J11B直管\J11BS.7410.A\J11BS.7410.A.925.906 | VJMsg\J11BS.7410.A.925.906"
"J11BS.7410.A.925.904","2","1","YES","J11B直管\J11BS.7410.A\J11BS.7410.A.925.904 | VJMsg\J11BS.7410.A.925.904"
"J11BS.7402.A.085.905","2","2","NO","VJMsg\J11BS.7402.A.085.905 | VJMsg\J11B钢管\新建文件夹\J11BS.7402.A.085.905"
"J11BS.7402.A.085.901","2","1","YES","VJMsg\J11BS.7402.A.085.901 | VJMsg\J11B铝管\7402.A\J11BS.7402.A.085.901"
"J11BS.5324.A.655.904","2","1","YES","VJMsg\J11BS.5324.A.655.904 | VJMsg\J11B钢管\QL\5334.A\5324.A\655\J11BS.5324.A.655.904"
"J11BS.5314.A.655.906","2","1","YES","VJMsg\J11BS.5314.A.655.906 | VJMsg\J11B钢管\5314.B.035\5314.A\655.A\J11BS.5314.A.655.906"
"J11BS.5314.A.655.905","2","1","YES","VJMsg\J11BS.5314.A.655.905 | VJMsg\J11B钢管\5314.B.035\5314.A\655.A\J11BS.5314.A.655.905"
"J11BS.5314.A.655.908","2","1","YES","VJMsg\J11BS.5314.A.655.908 | VJMsg\J11B钢管\5314.B.035\5314.A\655.A\J11BS.5314.A.655.908"
"J11BS.5314.A.655.910","2","1","YES","VJMsg\J11BS.5314.A.655.910 | VJMsg\J11B钢管\5314.B.035\5314.A\655.A\J11BS.5314.A.655.910"
"J11BS.5314.A.655.909","2","1","YES","VJMsg\J11BS.5314.A.655.909 | VJMsg\J11B钢管\5314.B.035\5314.A\655.A\J11BS.5314.A.655.909"
"J11BS.5314.A.655.903","2","1","YES","VJMsg\J11BS.5314.A.655.903 | VJMsg\J11B钢管\5314.B.035\5314.A\655.A\J11BS.5314.A.655.903"
"J11BS.5314.A.050.939","2","1","YES","VJMsg\J11BS.5314.A.050.939 | VJMsg\J11B钢管\5314.B.035\5314.A\050\J11BS.5314.A.050.939"
"J11BS.5314.A.050.938","2","1","YES","VJMsg\J11BS.5314.A.050.938 | VJMsg\J11B钢管\5314.B.035\5314.A\050\J11BS.5314.A.050.938"
"J11BS.5314.A.330.901","2","1","YES","VJMsg\J11BS.5314.A.330.901 | VJMsg\J11B钢管\J11BS.5314.A.330.901"
"J11BS.5314.A.655.902","2","1","YES","VJMsg\J11BS.5314.A.655.902 | VJMsg\J11B钢管\5314.B.035\5314.A\655.A\J11BS.5314.A.655.902"
"J11BS.5314.A.655.901","2","1","YES","VJMsg\J11BS.5314.A.655.901 | VJMsg\J11B钢管\5314.B.035\5314.A\655.A\J11BS.5314.A.655.901"
"J11BS.5314.A.655.911","2","1","YES","VJMsg\J11BS.5314.A.655.911 | VJMsg\J11B钢管\5314.B.035\5314.A\655.A\J11BS.5314.A.655.911"
"J11BS.5324.A.010.917","2","1","YES","VJMsg\J11BS.5324.A.010.917 | VJMsg\J11B钢管\QL\5334.A\5324.A\010\J11BS.5324.A.010.917"
"J11BS.5324.A.010.906","2","1","YES","VJMsg\J11BS.5324.A.010.906 | VJMsg\J11B钢管\QL\5334.A\5324.A\010\J11BS.5324.A.010.906"
"J11BS.5324.A.010.919","2","1","YES","VJMsg\J11BS.5324.A.010.919 | VJMsg\J11B钢管\QL\5334.A\5324.A\010\J11BS.5324.A.010.919"
"J11BS.5324.A.010.923","2","1","YES","VJMsg\J11BS.5324.A.010.923 | VJMsg\J11B钢管\QL\5334.A\5324.A\010\J11BS.5324.A.010.923"
"J11BS.5324.A.010.922","2","1","YES","VJMsg\J11BS.5324.A.010.922 | VJMsg\J11B钢管\QL\5334.A\5324.A\010\J11BS.5324.A.010.922"
"J11BS.5324.A.010.905","2","1","YES","VJMsg\J11BS.5324.A.010.905 | VJMsg\J11B钢管\QL\5334.A\5324.A\010\J11BS.5324.A.010.905"
"J11BS.5314.A.655.917","2","1","YES","VJMsg\J11BS.5314.A.655.917 | VJMsg\J11B钢管\5314.B.035\5314.A\655.A\J11BS.5314.A.655.917"
"J11BS.5314.A.655.914","2","1","YES","VJMsg\J11BS.5314.A.655.914 | VJMsg\J11B钢管\5314.B.035\5314.A\655.A\J11BS.5314.A.655.914"
"J11BS.5314.A.655.935","2","1","YES","VJMsg\J11BS.5314.A.655.935 | VJMsg\J11B钢管\5314.B.035\5314.A\655.A\J11BS.5314.A.655.935"
"J11BS.5324.A.010.902","2","1","YES","VJMsg\J11BS.5324.A.010.902 | VJMsg\J11B钢管\QL\5334.A\5324.A\010\J11BS.5324.A.010.902"
"J11BS.5314.A.655.936","2","1","YES","VJMsg\J11BS.5314.A.655.936 | VJMsg\J11B钢管\5314.B.035\5314.A\655.A\J11BS.5314.A.655.936"
"J11BS.5314.A.050.908","2","1","YES","VJMsg\J11BS.5314.A.050.908 | VJMsg\J11B钢管\5314.B.035\5314.A\050\J11BS.5314.A.050.908"
"J11BS.5314.A.050.907","2","1","YES","VJMsg\J11BS.5314.A.050.907 | VJMsg\J11B钢管\5314.B.035\5314.A\050\J11BS.5314.A.050.907"
"J11BS.5314.A.050.909","2","1","YES","VJMsg\J11BS.5314.A.050.909 | VJMsg\J11B钢管\5314.B.035\5314.A\050\J11BS.5314.A.050.909"
"J11BS.5314.A.050.911","2","1","YES","VJMsg\J11BS.5314.A.050.911 | VJMsg\J11B钢管\5314.B.035\5314.A\050\J11BS.5314.A.050.911"
"J11BS.5314.A.050.910","2","1","YES","VJMsg\J11BS.5314.A.050.910 | VJMsg\J11B钢管\5314.B.035\5314.A\050\J11BS.5314.A.050.910"
"J11BS.5314.A.050.906","2","1","YES","VJMsg\J11BS.5314.A.050.906 | VJMsg\J11B钢管\5314.B.035\5314.A\050\J11BS.5314.A.050.906"
"J11BS.5314.A.050.902","2","1","YES","VJMsg\J11BS.5314.A.050.902 | VJMsg\J11B钢管\5314.B.035\5314.A\050\J11BS.5314.A.050.902"
"J11BS.5314.A.010.994","2","1","YES","VJMsg\J11BS.5314.A.010.994 | VJMsg\J11B钢管\5314.B.035\5314.A\010\J11BS.5314.A.010.994"
"J11BS.5314.A.050.903","2","1","YES","VJMsg\J11BS.5314.A.050.903 | VJMsg\J11B钢管\5314.B.035\5314.A\050\J11BS.5314.A.050.903"
"J11BS.5314.A.050.905","2","1","YES","VJMsg\J11BS.5314.A.050.905 | VJMsg\J11B钢管\5314.B.035\5314.A\050\J11BS.5314.A.050.905"
"J11BS.5314.A.050.904","2","1","YES","VJMsg\J11BS.5314.A.050.904 | VJMsg\J11B钢管\5314.B.035\5314.A\050\J11BS.5314.A.050.904"
"J11BS.5314.A.050.912","2","1","YES","VJMsg\J11BS.5314.A.050.912 | VJMsg\J11B钢管\5314.B.035\5314.A\050\J11BS.5314.A.050.912"
"J11BS.5314.A.050.931","2","1","YES","VJMsg\J11BS.5314.A.050.931 | VJMsg\J11B钢管\5314.B.035\5314.A\050\J11BS.5314.A.050.931"
"J11BS.5314.A.050.925","2","1","YES","VJMsg\J11BS.5314.A.050.925 | VJMsg\J11B钢管\5314.B.035\5314.A\050\J11BS.5314.A.050.925"
"J11BS.5314.A.050.932","2","1","YES","VJMsg\J11BS.5314.A.050.932 | VJMsg\J11B钢管\5314.B.035\5314.A\050\J11BS.5314.A.050.932"
"J11BS.5314.A.050.937","2","1","YES","VJMsg\J11BS.5314.A.050.937 | VJMsg\J11B钢管\5314.B.035\5314.A\050\J11BS.5314.A.050.937"
"J11BS.5314.A.050.936","2","1","YES","VJMsg\J11BS.5314.A.050.936 | VJMsg\J11B钢管\5314.B.035\5314.A\050\J11BS.5314.A.050.936"
"J11BS.5314.A.050.918","2","2","NO","VJMsg\J11BS.5314.A.050.918 | VJMsg\J11B钢管\5314.B.035\5314.A\050\J11BS.5314.A.050.918"
"J11BS.5314.A.050.914","2","1","YES","VJMsg\J11BS.5314.A.050.914 | VJMsg\J11B钢管\5314.B.035\5314.A\050\J11BS.5314.A.050.914"
"J11BS.5314.A.050.913","2","1","YES","VJMsg\J11BS.5314.A.050.913 | VJMsg\J11B钢管\5314.B.035\5314.A\050\J11BS.5314.A.050.913"
"J11BS.5314.A.050.915","2","1","YES","VJMsg\J11BS.5314.A.050.915 | VJMsg\J11B钢管\5314.B.035\5314.A\050\J11BS.5314.A.050.915"
"J11BS.5314.A.050.917","2","1","YES","VJMsg\J11BS.5314.A.050.917 | VJMsg\J11B钢管\5314.B.035\5314.A\050\J11BS.5314.A.050.917"
"J11BS.5314.A.050.916","2","1","YES","VJMsg\J11BS.5314.A.050.916 | VJMsg\J11B钢管\5314.B.035\5314.A\050\J11BS.5314.A.050.916"
"J11BS.5324.A.010.983","2","1","YES","VJMsg\J11BS.5324.A.010.983 | VJMsg\J11B钢管\QL\5334.A\5324.A\010\J11BS.5324.A.010.983"
"J11BS.5324.A.010.982","2","1","YES","VJMsg\J11BS.5324.A.010.982 | VJMsg\J11B钢管\QL\5334.A\5324.A\010\J11BS.5324.A.010.982"
"J11BS.5324.A.010.985","2","1","YES","VJMsg\J11BS.5324.A.010.985 | VJMsg\J11B钢管\QL\5334.A\5324.A\010\J11BS.5324.A.010.985"
"J11BS.5324.A.010.987","2","1","YES","VJMsg\J11BS.5324.A.010.987 | VJMsg\J11B钢管\QL\5334.A\5324.A\010\J11BS.5324.A.010.987"
"J11BS.5324.A.010.986","2","1","YES","VJMsg\J11BS.5324.A.010.986 | VJMsg\J11B钢管\QL\5334.A\5324.A\010\J11BS.5324.A.010.986"
"J11BS.5324.A.010.981","2","1","YES","VJMsg\J11BS.5324.A.010.981 | VJMsg\J11B钢管\QL\5334.A\5324.A\010\J11BS.5324.A.010.981"
"J11BS.5324.A.010.970","2","1","YES","VJMsg\J11BS.5324.A.010.970 | VJMsg\J11B钢管\QL\5334.A\5324.A\010\J11BS.5324.A.010.970"
"J11BS.5324.A.010.969","2","1","YES","VJMsg\J11BS.5324.A.010.969 | VJMsg\J11B钢管\QL\5334.A\5324.A\010\J11BS.5324.A.010.969"
"J11BS.5324.A.010.971","2","1","YES","VJMsg\J11BS.5324.A.010.971 | VJMsg\J11B钢管\QL\5334.A\5324.A\010\J11BS.5324.A.010.971"
"J11BS.5324.A.010.980","2","1","YES","VJMsg\J11BS.5324.A.010.980 | VJMsg\J11B钢管\QL\5334.A\5324.A\010\J11BS.5324.A.010.980"
"J11BS.5324.A.010.976","2","1","YES","VJMsg\J11BS.5324.A.010.976 | VJMsg\J11B钢管\QL\5334.A\5324.A\010\J11BS.5324.A.010.976"
"J11BS.5324.A.010.988","2","1","YES","VJMsg\J11BS.5324.A.010.988 | VJMsg\J11B钢管\QL\5334.A\5324.A\010\J11BS.5324.A.010.988"
"J11BS.5324.A.505.930","2","1","YES","VJMsg\J11BS.5324.A.505.930 | VJMsg\J11B钢管\QL\5334.A\5324.A\505\J11BS.5324.A.505.930"
"J11B.0740.B.845.974","2","1","YES","J11B直管\深灰\J11B.0740.B.845.974 | VJMsg\J11B.0740.B.845.974"
"J11BS.5324.A.655.901","2","1","YES","VJMsg\J11BS.5324.A.655.901 | VJMsg\J11B钢管\QL\5334.A\5324.A\655\J11BS.5324.A.655.901"
"J11BS.5324.A.655.903","2","2","NO","VJMsg\J11BS.5324.A.655.903 | VJMsg\J11B钢管\QL\5334.A\5324.A\655\J11BS.5324.A.655.903"
"J11BS.5324.A.655.902","2","1","YES","VJMsg\J11BS.5324.A.655.902 | VJMsg\J11B钢管\QL\5334.A\5324.A\655\J11BS.5324.A.655.902"
"J11BS.5324.A.505.927","2","1","YES","VJMsg\J11BS.5324.A.505.927 | VJMsg\J11B钢管\QL\5334.A\5324.A\505\J11BS.5324.A.505.927"
"J11BS.5324.A.505.920","2","1","YES","VJMsg\J11BS.5324.A.505.920 | VJMsg\J11B钢管\QL\5334.A\5324.A\505\J11BS.5324.A.505.920"
"J11BS.5324.A.505.919","2","1","YES","VJMsg\J11BS.5324.A.505.919 | VJMsg\J11B钢管\QL\5334.A\5324.A\505\J11BS.5324.A.505.919"
"J11B.0740.B.845.981","2","1","YES","J11B直管\深灰\J11B.0740.B.845.981 | VJMsg\J11B.0740.B.845.981"
"J11BS.5324.A.505.923","2","1","YES","VJMsg\J11BS.5324.A.505.923 | VJMsg\J11B钢管\QL\5334.A\5324.A\505\J11BS.5324.A.505.923"
"J11B.0740.B.845.980","2","1","YES","J11B直管\深灰\J11B.0740.B.845.980 | VJMsg\J11B.0740.B.845.980"
"J11BS.5324.A.010.936","2","1","YES","VJMsg\J11BS.5324.A.010.936 | VJMsg\J11B钢管\QL\5334.A\5324.A\010\J11BS.5324.A.010.936"
"J11BS.5324.A.010.935","2","1","YES","VJMsg\J11BS.5324.A.010.935 | VJMsg\J11B钢管\QL\5334.A\5324.A\010\J11BS.5324.A.010.935"
"J11BS.5324.A.010.937","2","1","YES","VJMsg\J11BS.5324.A.010.937 | VJMsg\J11B钢管\QL\5334.A\5324.A\010\J11BS.5324.A.010.937"
"J11BS.5324.A.010.939","2","1","YES","VJMsg\J11BS.5324.A.010.939 | VJMsg\J11B钢管\QL\5334.A\5324.A\010\J11BS.5324.A.010.939"
"J11BS.5324.A.010.938","2","1","YES","VJMsg\J11BS.5324.A.010.938 | VJMsg\J11B钢管\QL\5334.A\5324.A\010\J11BS.5324.A.010.938"
"J11BS.5324.A.010.932","2","1","YES","VJMsg\J11BS.5324.A.010.932 | VJMsg\J11B钢管\QL\5334.A\5324.A\010\J11BS.5324.A.010.932"
"J11BS.5324.A.010.925","2","1","YES","VJMsg\J11BS.5324.A.010.925 | VJMsg\J11B钢管\QL\5334.A\5324.A\010\J11BS.5324.A.010.925"
"J11BS.5324.A.010.924","2","1","YES","VJMsg\J11BS.5324.A.010.924 | VJMsg\J11B钢管\QL\5334.A\5324.A\010\J11BS.5324.A.010.924"
"J11BS.5324.A.010.927","2","1","YES","VJMsg\J11BS.5324.A.010.927 | VJMsg\J11B钢管\QL\5334.A\5324.A\010\J11BS.5324.A.010.927"
"J11BS.5324.A.010.930","2","1","YES","VJMsg\J11BS.5324.A.010.930 | VJMsg\J11B钢管\QL\5334.A\5324.A\010\J11BS.5324.A.010.930"
"J11BS.5324.A.010.928","2","1","YES","VJMsg\J11BS.5324.A.010.928 | VJMsg\J11B钢管\QL\5334.A\5324.A\010\J11BS.5324.A.010.928"
"J11BS.5324.A.010.940","2","1","YES","VJMsg\J11BS.5324.A.010.940 | VJMsg\J11B钢管\QL\5334.A\5324.A\010\J11BS.5324.A.010.940"
"J11BS.5324.A.010.965","2","1","YES","VJMsg\J11BS.5324.A.010.965 | VJMsg\J11B钢管\QL\5334.A\5324.A\010\J11BS.5324.A.010.965"
"J11BS.5324.A.010.964","2","1","YES","VJMsg\J11BS.5324.A.010.964 | VJMsg\J11B钢管\QL\5334.A\5324.A\010\J11BS.5324.A.010.964"
"J11BS.5324.A.010.966","2","1","YES","VJMsg\J11BS.5324.A.010.966 | VJMsg\J11B钢管\QL\5334.A\5324.A\010\J11BS.5324.A.010.966"
"J11BS.5324.A.010.968","2","1","YES","VJMsg\J11BS.5324.A.010.968 | VJMsg\J11B钢管\QL\5334.A\5324.A\010\J11BS.5324.A.010.968"
"J11BS.5324.A.010.967","2","1","YES","VJMsg\J11BS.5324.A.010.967 | VJMsg\J11B钢管\QL\5334.A\5324.A\010\J11BS.5324.A.010.967"
"J11BS.5324.A.010.963","2","1","YES","VJMsg\J11BS.5324.A.010.963 | VJMsg\J11B钢管\QL\5334.A\5324.A\010\J11BS.5324.A.010.963"
"J11BS.5324.A.010.948","2","2","NO","VJMsg\J11BS.5324.A.010.948 | VJMsg\J11B钢管\QL\5334.A\5324.A\010\J11BS.5324.A.010.948"
"J11BS.5324.A.010.944","2","1","YES","VJMsg\J11BS.5324.A.010.944 | VJMsg\J11B钢管\QL\5334.A\5324.A\010\J11BS.5324.A.010.944"
"J11BS.5324.A.010.958","2","1","YES","VJMsg\J11BS.5324.A.010.958 | VJMsg\J11B钢管\QL\5334.A\5324.A\010\J11BS.5324.A.010.958"
"J11BS.5324.A.010.961","2","1","YES","VJMsg\J11BS.5324.A.010.961 | VJMsg\J11B钢管\QL\5334.A\5324.A\010\J11BS.5324.A.010.961"
"J11BS.5324.A.010.959","2","1","YES","VJMsg\J11BS.5324.A.010.959 | VJMsg\J11B钢管\QL\5334.A\5324.A\010\J11BS.5324.A.010.959"
"J11B.6101.B.805.913","2","1","YES","J11B直管\805\J11B.6101.B.805.913 | VJMsg\J11B.6101.B.805.913"
"J11B.6101.B.805.914","2","1","YES","J11B直管\805\J11B.6101.B.805.914 | VJMsg\J11B.6101.B.805.914"
"J11B.6101.B.805.912","2","1","YES","J11B直管\805\J11B.6101.B.805.912 | VJMsg\J11B.6101.B.805.912"
"J11B.6101.B.805.910","2","1","YES","J11B直管\805\J11B.6101.B.805.910 | VJMsg\J11B.6101.B.805.910"
"J11B.6101.B.805.911","2","1","YES","J11B直管\805\J11B.6101.B.805.911 | VJMsg\J11B.6101.B.805.911"
"J11B.6101.B.805.915","2","1","YES","J11B直管\805\J11B.6101.B.805.915 | VJMsg\J11B.6101.B.805.915"
"J11B.6101.B.805.926","2","1","YES","J11B直管\805\J11B.6101.B.805.926 | VJMsg\J11B.6101.B.805.926"
"J11B.6101.B.805.927","2","2","NO","J11B直管\805\J11B.6101.B.805.927 | VJMsg\J11B.6101.B.805.927"
"J11B.6101.B.805.924","2","1","YES","J11B直管\805\J11B.6101.B.805.924 | VJMsg\J11B.6101.B.805.924"
"J11B.6101.B.805.916","2","1","YES","J11B直管\805\J11B.6101.B.805.916 | VJMsg\J11B.6101.B.805.916"
"J11B.6101.B.805.920","2","1","YES","J11B直管\805\J11B.6101.B.805.920 | VJMsg\J11B.6101.B.805.920"
"J11B.6101.B.805.909","2","1","YES","J11B直管\805\J11B.6101.B.805.909 | VJMsg\J11B.6101.B.805.909"
"J11B.6102.B.800.907","2","1","YES","J11B直管\6102\J11B.6102.B.800.907 | VJMsg\J11B.6102.B.800.907"
"J11B.6102.B.800.911","2","1","YES","J11B直管\6102\J11B.6102.B.800.911 | VJMsg\J11B.6102.B.800.911"
"210.964","2","2","NO","VJMsg\30 11\30 11.5314\新建文件夹 (2)\210.964 | VJMsg\30 11\30 11.5324\新建文件夹 (2)\210.964"
"949","2","2","NO","VJMsg\30 11\30 11.5324\045\949 | VJMsg\30 11\30 11.5324\900\949"
"210.969","2","2","NO","VJMsg\30 11\30 11.5314\新建文件夹 (2)\210.969 | VJMsg\30 11\30 11.5324\新建文件夹 (2)\210.969"
"J11B.6102.B.800.919","2","1","YES","J11B直管\6102\J11B.6102.B.800.919 | VJMsg\J11B.6102.B.800.919"
"975","2","2","NO","VJMsg\30 11\30 11.5314\815\975 | VJMsg\30 11\30 11.5324\900\975"
"J11B.6130.B.875.969","2","1","YES","J11B直管\6130\J11B.6130.B.875.969 | VJMsg\J11B.6130.B.875.969"
"J11B.6102.B.865.000","2","1","YES","J11B直管\6102\J11B.6102.B.865.000 | VJMsg\J11B.6102.B.865.000"
"981","2","2","NO","VJMsg\30 11\30 11.5314\815\981 | VJMsg\30 11\30 11.5324\900\981"
"J11B.6102.B.800.931","2","1","YES","J11B直管\6102\J11B.6102.B.800.931 | VJMsg\J11B.6102.B.800.931"
"J16DX-5720-GZ-0119-0101","2","1","YES","VJMsg\J16DX-5720-GZ-0119-0101 | VJMsg\制造件\J16DX\9\J16DX-5720-GZ-0119-0101"
"J16DX-5720-GZ-0012-0103-2","2","2","NO","VJMsg\J16DX-5720-GZ-0012-0103-2 | VJMsg\制造件\J16DX\2\J16DX-5720-GZ-0012-0103-2"
"J16DX-5720-GZ-0164-0101","2","2","NO","VJMsg\J16DX-5720-GZ-0164-0101 | VJMsg\制造件\J16DX\4\J16DX-5720-GZ-0164-0101"
"单11.7603.b.810.000","2","1","YES","VJMsg\单11.7603.b.810.000 | VJMsg\7402.B\7603.B\单11.7603.b.810.000"
"J16DX-5720-GZ-0288-1","2","1","YES","VJMsg\J16DX-5720-GZ-0288-1 | VJMsg\制造件\J16DX\8\J16DX-5720-GZ-0288-1"
"J16DX-5720-GZ-0012-0103","2","2","NO","VJMsg\J16DX-5720-GZ-0012-0103 | VJMsg\制造件\J16DX\2\J16DX-5720-GZ-0012-0103"
"J16.1121.A.103.002","2","2","NO","VJMsg\J16.1121.A.103.002 | VJMsg\制造件\J16.1121.A.103.002"
"J16.0255.A.010.009","2","2","NO","VJMsg\J16.0255.A.010.009 | VJMsg\结构部钢管\J16.0255.A.010.009"
"J16.2000.A.715.038","2","2","NO","VJMsg\J16.2000.A.715.038 | VJMsg\制造件\J16.2000.A.715.038"
"J16DX-5720-GZ-0011-0103","2","1","YES","VJMsg\J16DX-5720-GZ-0011-0103 | VJMsg\制造件\J16DX\1\J16DX-5720-GZ-0011-0103"
"J16.3425.A.260.009","2","2","NO","VJMsg\J16.3425.A.260.009 | VJMsg\制造件\J16.3425.A.260.009"
"954","2","2","NO","VJMsg\30 11\30 11.5314\045\954 | VJMsg\30 11\30 11.5314\815\954"
"J11B.6101.B.985.920","2","1","YES","J11B直管\985\J11B.6101.B.985.920 | VJMsg\J11B.6101.B.985.920"
"J11B.6101.B.985.948","2","1","YES","J11B直管\985\J11B.6101.B.985.948 | VJMsg\J11B.6101.B.985.948"
"J11B.6101.B.985.916","2","1","YES","J11B直管\985\J11B.6101.B.985.916 | VJMsg\J11B.6101.B.985.916"
"J11B.6101.B.805.928","2","1","YES","J11B直管\805\J11B.6101.B.805.928 | VJMsg\J11B.6101.B.805.928"
"J11B.6101.B.985.912","2","1","YES","J11B直管\985\J11B.6101.B.985.912 | VJMsg\J11B.6101.B.985.912"
"J11B.6101.B.985.954","2","1","YES","J11B直管\985\J11B.6101.B.985.954 | VJMsg\J11B.6101.B.985.954"
"937","2","2","NO","VJMsg\30 11\30 11.5314\300\937 | VJMsg\30 11\30 11.5314\S30.5314\937"
"97","2","1","YES","J11B直管\J11BS.0740.A\97 | VJMsg\J11BS.7420.A\J11BS.0740.A\97"
"J11B.6101.B.985.964","2","1","YES","J11B直管\985\J11B.6101.B.985.964 | VJMsg\J11B.6101.B.985.964"
"J11B.6101.B.985.956","2","1","YES","J11B直管\985\J11B.6101.B.985.956 | VJMsg\J11B.6101.B.985.956"
"J11B.6101.B.985.962","2","1","YES","J11B直管\985\J11B.6101.B.985.962 | VJMsg\J11B.6101.B.985.962"
"J11B.6126.B.050.910","2","1","YES","J11B直管\J11B.6126.B.050.910 | VJMsg\J11B.6126.B.050.910"
"J11B.7698.B.035.000","2","1","YES","J11B直管\J11B.7698.B.035.000 | VJMsg\J11B.7698.B.035.000"
"959","2","1","YES","VJMsg\J11B钢管\5324.B\030\LV\959 | VJMsg\J11B钢管\5324BQL\5324.B\新建文件夹\5324褐6\959"
"991","2","1","YES","VJMsg\J11B钢管\5324.B\655\655LV\991 | VJMsg\J11B钢管\5324BQL\5324.B\新建文件夹\5324褐6\991"
"940","2","1","YES","VJMsg\J11B钢管\5324.B\220\LV\940 | VJMsg\J11B钢管\5324BQL\5324.B\新建文件夹\5324褐10\940"
"J11BS.0745.A.005.912","2","1","YES","J11B直管\J11BS.0745.A.005.912 | VJMsg\J11BS.0745.A.005.912"
"J11B.0740.B.045.906","2","1","YES","J11B直管\0740\J11B.0740.B.045.906 | VJMsg\J11B.0740.B.045.906"
"J11B.0740.B.045.991","2","1","YES","J11B直管\0740\J11B.0740.B.045.991 | VJMsg\J11B.0740.B.045.991"
"J11BS.0745.A.005.916","2","1","YES","J11B直管\J11BS.0745.A.005.916 | VJMsg\J11BS.0745.A.005.916"
"J11BS.0745.A.005.914","2","1","YES","J11B直管\J11BS.0745.A.005.914 | VJMsg\J11BS.0745.A.005.914"
"J11BS.0745.A.005.915","2","1","YES","J11B直管\J11BS.0745.A.005.915 | VJMsg\J11BS.0745.A.005.915"
"J11B.0745.B.815.941","2","1","YES","J11B直管\J11B.0745.B.815.941 | VJMsg\J11B.0745.B.815.941"
"CB2712288 000 001","2","1","YES","VJMsg\SK\红色\CB2712288 000 001 | VJMsg\SK\黑色\CB2712288 000 001"
"CB2712278 000 001","2","1","YES","VJMsg\SK\红色\CB2712278 000 001 | VJMsg\SK\黑色\CB2712278 000 001"
"J16DX-5720-GZ-0401-1","2","1","YES","VJMsg\制造件\J16DX\1\J16DX-5720-GZ-0401-1 | VJMsg\制造件\J16DX\2\J16DX-5720-GZ-0401-1"
"B620800Z001101","2","2","NO","VJMsg\无人机\B620800Z001101 | VJMsg\无人机\液压油\B620800Z001101"
"B610216Z001101","2","2","NO","VJMsg\无人机\B610216Z001101 | VJMsg\无人机\燃油\B610216Z001101"
"CB2292L78 000 001","2","2","NO","VJMsg\SK\红色\CB2292L78 000 001 | VJMsg\SK\黑色\CB2292L78 000 001"
"555.910","2","2","NO","VJMsg\J11B钢管\QL\5334.B\555.910 | VJMsg\QL30\S30.5334\555.910"
"963","2","1","YES","VJMsg\J11B钢管\5324.B\915\915LV\963 | VJMsg\J11B钢管\5324BQL\5324.B\新建文件夹\5324褐14\963"
"555.913","2","2","NO","VJMsg\QL30\30 11.5334\555.913 | VJMsg\QL30\S30.5334\555.913"
"CB2292L31 000 001","2","2","NO","VJMsg\SK\红色\CB2292L31 000 001 | VJMsg\SK\黑色\CB2292L31 000 001"
"CB221T1LA 000 001","2","2","NO","VJMsg\SK\红色\CB221T1LA 000 001 | VJMsg\SK\黑色\CB221T1LA 000 001"
"J11B.0740.B.845.939","2","1","YES","J11B直管\0740\J11B.0740.B.845.939 | VJMsg\J11B.0740.B.845.939"
"J11B.0740.B.845.947","2","1","YES","J11B直管\0740\J11B.0740.B.845.947 | VJMsg\J11B.0740.B.845.947"
"J11B.0740.B.845.935","2","1","YES","J11B直管\0740\J11B.0740.B.845.935 | VJMsg\J11B.0740.B.845.935"
"30 S30 I.6801.1.835.901","2","1","YES","VJMsg\30 11\GG7601\30 S30 I.6801.1.835.901 | VJMsg\QL30\68016802\30 S30 I.6801.1.835.901"
"335.915","2","2","NO","VJMsg\30 11\30 铝管\LG5314  30浅灰\335.915 | VJMsg\J11B铝管\5314\335.915"
"J11B.0740.B.845.955","2","1","YES","J11B直管\0740\J11B.0740.B.845.955 | VJMsg\J11B.0740.B.845.955"
"J11B.0740.B.845.966","2","1","YES","J11B直管\0740\J11B.0740.B.845.966 | VJMsg\J11B.0740.B.845.966"
"J11B.0740.B.845.978","2","1","YES","J11B直管\0740\J11B.0740.B.845.978 | VJMsg\J11B.0740.B.845.978"
"J11B.0740.B.845.963","2","1","YES","J11B直管\0740\J11B.0740.B.845.963 | VJMsg\J11B.0740.B.845.963"
"J11B.0740.B.845.957","2","1","YES","J11B直管\0740\J11B.0740.B.845.957 | VJMsg\J11B.0740.B.845.957"
"J11B.0740.B.845.959","2","1","YES","J11B直管\0740\J11B.0740.B.845.959 | VJMsg\J11B.0740.B.845.959"
"30 S30 I.6801.1.835.905","2","1","YES","VJMsg\30 11\GG7601\30 S30 I.6801.1.835.905 | VJMsg\QL30\30 S30 I.6801.1.835.905"
"J11B.0740.B.845.904","2","1","YES","J11B直管\0740\J11B.0740.B.845.904 | VJMsg\J11B.0740.B.845.904"
"J11B.0740.B.845.905","2","1","YES","J11B直管\0740\J11B.0740.B.845.905 | VJMsg\J11B.0740.B.845.905"
"J11B.0740.B.845.903","2","1","YES","J11B直管\0740\J11B.0740.B.845.903 | VJMsg\J11B.0740.B.845.903"
"J11B.0740.B.845.901","2","1","YES","J11B直管\0740\J11B.0740.B.845.901 | VJMsg\J11B.0740.B.845.901"
"J11B.0740.B.845.902","2","1","YES","J11B直管\0740\J11B.0740.B.845.902 | VJMsg\J11B.0740.B.845.902"
"J11B.0740.B.845.916","2","1","YES","J11B直管\0740\J11B.0740.B.845.916 | VJMsg\J11B.0740.B.845.916"
"J11B.0740.B.845.934","2","1","YES","J11B直管\0740\J11B.0740.B.845.934 | VJMsg\J11B.0740.B.845.934"
"070.941","2","2","NO","VJMsg\7402.B\7603.B\070.941 | VJMsg\J11B钢管\QL\070.941"
"710 - 快捷方式.lnk","2","2","NO","VJMsg\J11B钢管\5314.B.035\710 - 快捷方式.lnk | VJMsg\J11B钢管\5314.B.035\035\710 - 快捷方式.lnk"
"J11B.0740.B.845.933","2","1","YES","J11B直管\0740\J11B.0740.B.845.933 | VJMsg\J11B.0740.B.845.933"
"937  2","2","1","YES","VJMsg\J11B钢管\5314.B.035\035\937  2 | VJMsg\J11B钢管\5314.B.035\规格绿\8LV\937  2"
"J11BSDX-GZ-41-1-2","2","2","NO","VJMsg\J11BSDX-GZ-41-1-2 | VJMsg\制造件\J11BSDX\J11BSDX-GZ-41-1-2"
"J11BS.7800.A.045.919","2","1","YES","VJMsg\J11BS.7800.A.045.919 | VJMsg\J11B氧气管\J11BS.7800.A.045\J11BS.7800.A.045.919"
"J11BS.7800.A.045.917","2","1","YES","VJMsg\J11BS.7800.A.045.917 | VJMsg\J11B氧气管\J11BS.7800.A.045\J11BS.7800.A.045.917"
"J11BS.7800.A.045.921","2","1","YES","VJMsg\J11BS.7800.A.045.921 | VJMsg\J11B氧气管\J11BS.7800.A.045\J11BS.7800.A.045.921"
"J11BS.7800.A.045.925","2","1","YES","VJMsg\J11BS.7800.A.045.925 | VJMsg\J11B氧气管\J11BS.7800.A.045\J11BS.7800.A.045.925"
"J11BS.7800.A.045.923","2","1","YES","VJMsg\J11BS.7800.A.045.923 | VJMsg\J11B氧气管\J11BS.7800.A.045\J11BS.7800.A.045.923"
"J11BS.7800.A.045.915","2","1","YES","VJMsg\J11BS.7800.A.045.915 | VJMsg\J11B氧气管\J11BS.7800.A.045\J11BS.7800.A.045.915"
"J11BS.7800.A.045.907","2","1","YES","VJMsg\J11BS.7800.A.045.907 | VJMsg\J11B氧气管\J11BS.7800.A.045\J11BS.7800.A.045.907"
"J11BS.7800.A.045.905","2","1","YES","VJMsg\J11BS.7800.A.045.905 | VJMsg\J11B氧气管\J11BS.7800.A.045\J11BS.7800.A.045.905"
"J11BS.7800.A.045.909","2","1","YES","VJMsg\J11BS.7800.A.045.909 | VJMsg\J11B氧气管\J11BS.7800.A.045\J11BS.7800.A.045.909"
"J11BS.7800.A.045.913","2","1","YES","VJMsg\J11BS.7800.A.045.913 | VJMsg\J11B氧气管\J11BS.7800.A.045\J11BS.7800.A.045.913"
"J11BS.7800.A.045.911","2","1","YES","VJMsg\J11BS.7800.A.045.911 | VJMsg\J11B氧气管\J11BS.7800.A.045\J11BS.7800.A.045.911"
"J11BS.7800.A.045.927","2","1","YES","VJMsg\J11BS.7800.A.045.927 | VJMsg\J11B氧气管\J11BS.7800.A.045\J11BS.7800.A.045.927"
"J11BS.7800.A.045.961","2","1","YES","VJMsg\J11BS.7800.A.045.961 | VJMsg\J11B氧气管\J11BS.7800.A.045\J11BS.7800.A.045.961"
"J11BS.7800.A.045.959","2","1","YES","VJMsg\J11BS.7800.A.045.959 | VJMsg\J11B氧气管\J11BS.7800.A.045\J11BS.7800.A.045.959"
"J11BS.7800.A.045.963","2","1","YES","VJMsg\J11BS.7800.A.045.963 | VJMsg\J11B氧气管\J11BS.7800.A.045\J11BS.7800.A.045.963"
"J11BS.7800.A.050.903","2","1","YES","VJMsg\J11BS.7800.A.050.903 | VJMsg\J11B氧气管\J11BS.7800.A.050.903"
"J11BS.7800.A.050.901","2","1","YES","VJMsg\J11BS.7800.A.050.901 | VJMsg\J11B氧气管\J11BS.7800.A.050.901"
"J11BS.7800.A.045.957","2","1","YES","VJMsg\J11BS.7800.A.045.957 | VJMsg\J11B氧气管\J11BS.7800.A.045\J11BS.7800.A.045.957"
"J11BS.7800.A.045.933","2","1","YES","VJMsg\J11BS.7800.A.045.933 | VJMsg\J11B氧气管\J11BS.7800.A.045\J11BS.7800.A.045.933"
"J11BS.7800.A.045.929","2","1","YES","VJMsg\J11BS.7800.A.045.929 | VJMsg\J11B氧气管\J11BS.7800.A.045\J11BS.7800.A.045.929"
"J11BS.7800.A.045.935","2","1","YES","VJMsg\J11BS.7800.A.045.935 | VJMsg\J11B氧气管\J11BS.7800.A.045\J11BS.7800.A.045.935"
"J11BS.7800.A.045.941","2","1","YES","VJMsg\J11BS.7800.A.045.941 | VJMsg\J11B氧气管\J11BS.7800.A.045\J11BS.7800.A.045.941"
"J11BS.7800.A.045.939","2","1","YES","VJMsg\J11BS.7800.A.045.939 | VJMsg\J11B氧气管\J11BS.7800.A.045\J11BS.7800.A.045.939"
"J11BS.7601.A.720.901","2","1","YES","VJMsg\J11BS.7601.A.720.901 | VJMsg\J11B钢管\QL\6201 7601.A\J11BS.7601.A.720.901"
"J11BS.5314.A.010.941","2","1","YES","J11B直管\J11BS.5314  5324\J11BS.5314.A.010.941 | VJMsg\J11BS.5314.A.010.941"
"J11BS.7601.A.720.903","2","1","YES","VJMsg\J11BS.7601.A.720.903 | VJMsg\J11B钢管\QL\6201 7601.A\J11BS.7601.A.720.903"
"J11BS.7601.A.810.000","2","1","YES","VJMsg\J11BS.7601.A.810.000 | VJMsg\J11BS.7420.A\J11BS.7601.A\J11BS.7601.A.810.000"
"J11BS.7601.A.805.000","2","1","YES","VJMsg\J11BS.7601.A.805.000 | VJMsg\J11B铝管\J11BS空调管浅灰粗\J11BS.7601.A.805.000"
"J11BS.7601.A.690.000","2","1","YES","VJMsg\J11BS.7601.A.690.000 | VJMsg\J11BS.7420.A\J11BS.7601.A\J11BS.7601.A.690.000"
"J11BS.7601.A.650.901","2","1","YES","VJMsg\J11BS.7601.A.650.901 | VJMsg\J11BS.7420.A\J11BS.7601.A\J11BS.7601.A.650.901"
"J11BS.7601.A.625.000","2","1","YES","VJMsg\J11BS.7601.A.625.000 | VJMsg\J11BS.7420.A\J11BS.7601.A\J11BS.7601.A.625.000"
"J11BS.7601.A.660.000","2","1","YES","VJMsg\J11BS.7601.A.660.000 | VJMsg\J11BS.7420.A\J11BS.7601.A\J11BS.7601.A.660.000"
"J11BS.7601.A.665.902","2","1","YES","VJMsg\J11BS.7601.A.665.902 | VJMsg\J11BS.7420.A\J11BS.7601.A\J11BS.7601.A.665.902"
"J11BS.7601.A.665.901","2","1","YES","VJMsg\J11BS.7601.A.665.901 | VJMsg\J11BS.7420.A\J11BS.7601.A\J11BS.7601.A.665.901"
"J11BS.7601.A.815.000","2","1","YES","VJMsg\J11BS.7601.A.815.000 | VJMsg\J11B铝管\J11BS空调管浅灰粗\J11BS.7601.A.815.000"
"J11BS.7800.A.005.947","2","1","YES","VJMsg\J11BS.7800.A.005.947 | VJMsg\J11B氧气管\J11BS.7800.A.005.947"
"J11BS.7800.A.005.945","2","1","YES","VJMsg\J11BS.7800.A.005.945 | VJMsg\J11B氧气管\J11BS.7800.A.005.945"
"J11BS.7800.A.005.949","2","1","YES","VJMsg\J11BS.7800.A.005.949 | VJMsg\J11B氧气管\J11BS.7800.A.005.949"
"J11BS.7800.A.045.903","2","1","YES","VJMsg\J11BS.7800.A.045.903 | VJMsg\J11B氧气管\J11BS.7800.A.045\J11BS.7800.A.045.903"
"J11BS.7800.A.045.901","2","1","YES","VJMsg\J11BS.7800.A.045.901 | VJMsg\J11B氧气管\J11BS.7800.A.045\J11BS.7800.A.045.901"
"J11BS.7800.A.005.909","2","1","YES","VJMsg\J11BS.7800.A.005.909 | VJMsg\J11B氧气管\J11BS.7800.A.005.909"
"J11BS.7601.A.845.000","2","1","YES","VJMsg\J11BS.7601.A.845.000 | VJMsg\J11BS.7420.A\J11BS.7601.A\J11BS.7601.A.845.000"
"J11BS.7601.A.840.000","2","1","YES","VJMsg\J11BS.7601.A.840.000 | VJMsg\J11BS.7420.A\J11BS.7601.A\J11BS.7601.A.840.000"
"J11BS.7601.A.846.000","2","1","YES","VJMsg\J11BS.7601.A.846.000 | VJMsg\J11BS.7420.A\J11BS.7601.A\J11BS.7601.A.846.000"
"J11BS.7800.A.005.901","2","1","YES","VJMsg\J11BS.7800.A.005.901 | VJMsg\J11B氧气管\J11BS.7800.A.005.901"
"J11BS.7698.A.070.000","2","1","YES","VJMsg\J11BS.7698.A.070.000 | VJMsg\J11B铝管\J11BS空调管浅灰细\J11BS.7698.A.070.000"
"J11BS.7801.A.020.907","2","1","YES","VJMsg\J11BS.7801.A.020.907 | VJMsg\J11B氧气管\QHL\J11BS.7801.A.020.907"
"J11BS.7801.A.020.905","2","1","YES","VJMsg\J11BS.7801.A.020.905 | VJMsg\J11B氧气管\QHL\J11BS.7801.A.020.905"
"J11BS.7801.A.020.911","2","1","YES","VJMsg\J11BS.7801.A.020.911 | VJMsg\J11B氧气管\QHL\J11BS.7801.A.020.911"
"J11BS.7801.A.020.921","2","1","YES","VJMsg\J11BS.7801.A.020.921 | VJMsg\J11B氧气管\QHL\J11BS.7801.A.020.921"
"J11BS.7801.A.020.915","2","1","YES","VJMsg\J11BS.7801.A.020.915 | VJMsg\J11B氧气管\QHL\J11BS.7801.A.020.915"
"J11BS.7801.A.020.903","2","2","NO","VJMsg\J11BS.7801.A.020.903 | VJMsg\J11B氧气管\QHL\J11BS.7801.A.020.903"
"J11BS.7800.A.140.957","2","1","YES","VJMsg\J11BS.7800.A.140.957 | VJMsg\J11B氧气管\J11BS.7800.A.140\J11BS.7800.A.140.957"
"J11BS.7800.A.140.955","2","1","YES","VJMsg\J11BS.7800.A.140.955 | VJMsg\J11B氧气管\J11BS.7800.A.140\J11BS.7800.A.140.955"
"J11BS.7800.A.140.959","2","1","YES","VJMsg\J11BS.7800.A.140.959 | VJMsg\J11B氧气管\J11BS.7800.A.140\J11BS.7800.A.140.959"
"J11BS.7800.A.140.963","2","1","YES","VJMsg\J11BS.7800.A.140.963 | VJMsg\J11B氧气管\J11BS.7800.A.140\J11BS.7800.A.140.963"
"J11BS.7800.A.140.961","2","1","YES","VJMsg\J11BS.7800.A.140.961 | VJMsg\J11B氧气管\J11BS.7800.A.140\J11BS.7800.A.140.961"
"J11BS.7801.A.020.923","2","1","YES","VJMsg\J11BS.7801.A.020.923 | VJMsg\J11B氧气管\QHL\J11BS.7801.A.020.923"
"J11BSDX-5720-GZ-0336-1-2","2","2","NO","VJMsg\J11BSDX-5720-GZ-0336-1-2 | VJMsg\制造件\J11BSDX\J11BSDX-5720-GZ-0336-1-2"
"J11BSDX-5720-GZ-0068-4","2","2","NO","VJMsg\J11BSDX-5720-GZ-0068-4 | VJMsg\制造件\J11BSDX\J11BSDX-5720-GZ-0068-4"
"J11BSDX-5720-GZ-0336-2-2","2","2","NO","VJMsg\J11BSDX-5720-GZ-0336-2-2 | VJMsg\制造件\J11BSDX\J11BSDX-5720-GZ-0336-2-2"
"J11BSDX-GZ-41-1","2","1","YES","VJMsg\J11BSDX-GZ-41-1 | VJMsg\制造件\J11BSDX\J11BSDX-GZ-41-1"
"J11BSDX-5720-GZ-0373-0101","2","2","NO","VJMsg\J11BSDX-5720-GZ-0373-0101 | VJMsg\制造件\J11BSDX\J11BSDX-5720-GZ-0373-0101"
"J11BSDX-5720-GZ-0068-11","2","2","NO","VJMsg\J11BSDX-5720-GZ-0068-11 | VJMsg\制造件\J11BSDX\J11BSDX-5720-GZ-0068-11"
"J11BS.7810.A.010.933","2","1","YES","VJMsg\J11BS.7810.A.010.933 | VJMsg\J11B氧气管\J11BS.7810.A.010.933"
"J11BS.7810.A.010.903","2","1","YES","VJMsg\J11BS.7810.A.010.903 | VJMsg\J11B氧气管\J11BS.7810.A.010.903"
"J11BS.7810.A.010.941","2","1","YES","VJMsg\J11BS.7810.A.010.941 | VJMsg\J11B氧气管\J11BS.7810.A.010.941"
"J11BSDX-5720-GZ-0054-2","2","1","YES","VJMsg\J11BSDX-5720-GZ-0054-2 | VJMsg\制造件\J11BSDX\J11BSDX-5720-GZ-0054-2"
"J11BS.7810.A.010.943","2","1","YES","VJMsg\J11BS.7810.A.010.943 | VJMsg\J11B氧气管\J11BS.7810.A.010.943"
"J11BS.7800.A.140.917","2","1","YES","VJMsg\J11BS.7800.A.140.917 | VJMsg\J11B氧气管\J11BS.7800.A.140\J11BS.7800.A.140.917"
"J11BS.7800.A.140.915","2","1","YES","VJMsg\J11BS.7800.A.140.915 | VJMsg\J11B氧气管\J11BS.7800.A.140\J11BS.7800.A.140.915"
"J11BS.7800.A.140.919","2","1","YES","VJMsg\J11BS.7800.A.140.919 | VJMsg\J11B氧气管\J11BS.7800.A.140\J11BS.7800.A.140.919"
"J11BS.7800.A.140.923","2","1","YES","VJMsg\J11BS.7800.A.140.923 | VJMsg\J11B氧气管\J11BS.7800.A.140\J11BS.7800.A.140.923"
"J11BS.7800.A.140.921","2","1","YES","VJMsg\J11BS.7800.A.140.921 | VJMsg\J11B氧气管\J11BS.7800.A.140\J11BS.7800.A.140.921"
"J11BS.7800.A.140.913","2","1","YES","VJMsg\J11BS.7800.A.140.913 | VJMsg\J11B氧气管\J11BS.7800.A.140\J11BS.7800.A.140.913"
"J11BS.7800.A.140.903","2","1","YES","VJMsg\J11BS.7800.A.140.903 | VJMsg\J11B氧气管\J11BS.7800.A.140\J11BS.7800.A.140.903"
"J11BS.7800.A.140.901","2","1","YES","VJMsg\J11BS.7800.A.140.901 | VJMsg\J11B氧气管\J11BS.7800.A.140\J11BS.7800.A.140.901"
"J11BS.7800.A.140.905","2","1","YES","VJMsg\J11BS.7800.A.140.905 | VJMsg\J11B氧气管\J11BS.7800.A.140\J11BS.7800.A.140.905"
"J11BS.7800.A.140.911","2","2","NO","VJMsg\J11BS.7800.A.140.911 | VJMsg\J11B氧气管\J11BS.7800.A.140\J11BS.7800.A.140.911"
"J11BS.7800.A.140.907","2","1","YES","VJMsg\J11BS.7800.A.140.907 | VJMsg\J11B氧气管\J11BS.7800.A.140\J11BS.7800.A.140.907"
"J11BS.7800.A.140.925","2","1","YES","VJMsg\J11BS.7800.A.140.925 | VJMsg\J11B氧气管\J11BS.7800.A.140\J11BS.7800.A.140.925"
"J11BS.7800.A.140.947","2","1","YES","VJMsg\J11BS.7800.A.140.947 | VJMsg\J11B氧气管\J11BS.7800.A.140\J11BS.7800.A.140.947"
"J11BS.7800.A.140.945","2","1","YES","VJMsg\J11BS.7800.A.140.945 | VJMsg\J11B氧气管\J11BS.7800.A.140\J11BS.7800.A.140.945"
"J11BS.7800.A.140.949","2","1","YES","VJMsg\J11BS.7800.A.140.949 | VJMsg\J11B氧气管\J11BS.7800.A.140\J11BS.7800.A.140.949"
"J11BS.7800.A.140.953","2","1","YES","VJMsg\J11BS.7800.A.140.953 | VJMsg\J11B氧气管\J11BS.7800.A.140\J11BS.7800.A.140.953"
"J11BS.7800.A.140.951","2","1","YES","VJMsg\J11BS.7800.A.140.951 | VJMsg\J11B氧气管\J11BS.7800.A.140\J11BS.7800.A.140.951"
"J11BS.7800.A.140.943","2","1","YES","VJMsg\J11BS.7800.A.140.943 | VJMsg\J11B氧气管\J11BS.7800.A.140\J11BS.7800.A.140.943"
"J11BS.7800.A.140.929","2","1","YES","VJMsg\J11BS.7800.A.140.929 | VJMsg\J11B氧气管\J11BS.7800.A.140\J11BS.7800.A.140.929"
"J11BS.7800.A.140.927","2","1","YES","VJMsg\J11BS.7800.A.140.927 | VJMsg\J11B氧气管\J11BS.7800.A.140\J11BS.7800.A.140.927"
"J11BS.7800.A.140.933","2","1","YES","VJMsg\J11BS.7800.A.140.933 | VJMsg\J11B氧气管\J11BS.7800.A.140\J11BS.7800.A.140.933"
"J11BS.7800.A.140.941","2","1","YES","VJMsg\J11BS.7800.A.140.941 | VJMsg\J11B氧气管\J11BS.7800.A.140\J11BS.7800.A.140.941"
"J11BS.7800.A.140.935","2","1","YES","VJMsg\J11BS.7800.A.140.935 | VJMsg\J11B氧气管\J11BS.7800.A.140\J11BS.7800.A.140.935"
"J11BS.5314.A.010.993","2","1","YES","VJMsg\J11BS.5314.A.010.993 | VJMsg\J11B钢管\5314.B.035\5314.A\010\J11BS.5314.A.010.993"
"J11B.6802.B.905.977","2","1","YES","VJMsg\J11B.6802.B.905.977 | VJMsg\J11B钢管\QL\6802\J11B.6802.B.905.977"
"J11B.6802.B.905.975","2","1","YES","VJMsg\J11B.6802.B.905.975 | VJMsg\J11B钢管\QL\6802\J11B.6802.B.905.975"
"J11B.6802.B.905.978","2","1","YES","VJMsg\J11B.6802.B.905.978 | VJMsg\J11B钢管\QL\6802\J11B.6802.B.905.978"
"J16.0740.A.295.973","2","2","NO","J16\J16.0740.A.295.973 | J16\ZG\0740蓝\J16.0740.A.295.973"
"J11B.6802.B.905.979","2","1","YES","VJMsg\J11B.6802.B.905.979 | VJMsg\J11B钢管\QL\6802\J11B.6802.B.905.979"
"J11B.6802.B.905.973","2","1","YES","VJMsg\J11B.6802.B.905.973 | VJMsg\J11B钢管\QL\6802\J11B.6802.B.905.973"
"J11B.6802.B.905.949","2","1","YES","VJMsg\J11B.6802.B.905.949 | VJMsg\J11B钢管\QL\6802\J11B.6802.B.905.949"
"J11B.6802.B.905.948","2","1","YES","VJMsg\J11B.6802.B.905.948 | VJMsg\J11B钢管\QL\6802\J11B.6802.B.905.948"
"J11B.6802.B.905.959","2","1","YES","VJMsg\J11B.6802.B.905.959 | VJMsg\J11B钢管\QL\6802\J11B.6802.B.905.959"
"J11B.6802.B.905.972","2","1","YES","VJMsg\J11B.6802.B.905.972 | VJMsg\J11B钢管\QL\6802\J11B.6802.B.905.972"
"J11B.6802.B.905.961","2","1","YES","VJMsg\J11B.6802.B.905.961 | VJMsg\J11B钢管\QL\6802\J11B.6802.B.905.961"
"J16.0740.A.295.955","2","1","YES","J16\J16.0740.A.295.955 | J16\0740\J16.0740.A.295.955"
"J16.0740.A.295.939","2","1","YES","J16\J16.0740.A.295.939 | J16\ZG\0740蓝\J16.0740.A.295.939"
"J16.0740.A.295.941","2","1","YES","J16\J16.0740.A.295.941 | J16\ZG\0740蓝\1\J16.0740.A.295.941"
"J16.0740.A.295.938","2","1","YES","J16\J16.0740.A.295.938 | J16\ZG\0740蓝\J16.0740.A.295.938"
"J16.0740.A.295.935","2","1","YES","J16\J16.0740.A.295.935 | J16\ZG\0740蓝\CHANG\J16.0740.A.295.935"
"J16.0740.A.295.937","2","1","YES","J16\J16.0740.A.295.937 | J16\ZG\0740蓝\CHANG\J16.0740.A.295.937"
"J16.0740.A.295.943","2","1","YES","J16\J16.0740.A.295.943 | J16\ZG\0740蓝\J16.0740.A.295.943"
"J16.0740.A.295.947","2","1","YES","J16\J16.0740.A.295.947 | J16\ZG\0740蓝\7\J16.0740.A.295.947"
"J16.0740.A.295.948","2","1","YES","J16\J16.0740.A.295.948 | J16\QL\全蓝\0740\J16.0740.A.295.948"
"J16.0740.A.295.946","2","1","YES","J16\J16.0740.A.295.946 | J16\ZG\0740蓝\J16.0740.A.295.946"
"J16.0740.A.295.944","2","1","YES","J16\J16.0740.A.295.944 | J16\ZG\0740蓝\J16.0740.A.295.944"
"J16.0740.A.295.945","2","1","YES","J16\J16.0740.A.295.945 | J16\ZG\0740蓝\J16.0740.A.295.945"
"J11B.6700.B.805.995","2","1","YES","VJMsg\J11B.6700.B.805.995 | VJMsg\J11B氧气管\805\J11B.6700.B.805.995"
"J11B.6700.B.805.965","2","1","YES","VJMsg\J11B.6700.B.805.965 | VJMsg\J11B氧气管\805\J11B.6700.B.805.965"
"J11B.6700.B.810.907","2","1","YES","VJMsg\J11B.6700.B.810.907 | VJMsg\J11B氧气管\J11B.6700.B.810.907"
"J11B.6800.B.040.000","2","2","NO","VJMsg\J11B.6800.B.040.000 | VJMsg\钛合金\J11B\J11B.6800.B.040.000"
"J11B.6700.B.810.915","2","1","YES","VJMsg\J11B.6700.B.810.915 | VJMsg\J11B氧气管\J11B.6700.B.810.915"
"J11B.6700.B.805.963","2","1","YES","VJMsg\J11B.6700.B.805.963 | VJMsg\J11B氧气管\805\J11B.6700.B.805.963"
"J11B.6700.B.805.921","2","1","YES","VJMsg\J11B.6700.B.805.921 | VJMsg\J11B氧气管\805\J11B.6700.B.805.921"
"J11B.6700.B.805.916","2","1","YES","VJMsg\J11B.6700.B.805.916 | VJMsg\J11B氧气管\805\J11B.6700.B.805.916"
"J11B.6700.B.805.922","2","1","YES","VJMsg\J11B.6700.B.805.922 | VJMsg\J11B氧气管\805\J11B.6700.B.805.922"
"J11B.6700.B.805.957","2","1","YES","VJMsg\J11B.6700.B.805.957 | VJMsg\J11B氧气管\805\J11B.6700.B.805.957"
"J11B.6700.B.805.951","2","1","YES","VJMsg\J11B.6700.B.805.951 | VJMsg\J11B氧气管\805\J11B.6700.B.805.951"
"J11B.6801.B.000.057","2","2","NO","VJMsg\J11B.6801.B.000.057 | VJMsg\J11B钢管\QL\6801 7410\J11B.6801.B.000.057"
"J11B.6801.B.850.000","2","1","YES","VJMsg\J11B.6801.B.850.000 | VJMsg\J11B钢管\QL\6801 7410\J11B.6801.B.850.000"
"J11B.6801.B.835.905","2","2","NO","VJMsg\J11B.6801.B.835.905 | VJMsg\J11B钢管\QL\6801 7410\J11B.6801.B.835.905"
"J11B.6802.B.900.916","2","1","YES","VJMsg\J11B.6802.B.900.916 | VJMsg\J11B钢管\QL\6802\J11B.6802.B.900.916"
"J11B.6802.B.905.946","2","1","YES","VJMsg\J11B.6802.B.905.946 | VJMsg\J11B钢管\QL\6802\J11B.6802.B.905.946"
"J11B.6802.B.900.929","2","1","YES","VJMsg\J11B.6802.B.900.929 | VJMsg\J11B钢管\QL\6802\J11B.6802.B.900.929"
"J11B.6801.B.835.901","2","1","YES","VJMsg\J11B.6801.B.835.901 | VJMsg\J11B钢管\QL\6801 7410\J11B.6801.B.835.901"
"J11B.6801.B.820.913","2","1","YES","VJMsg\J11B.6801.B.820.913 | VJMsg\J11B钢管\QL\6801 7410\J11B.6801.B.820.913"
"J11B.6801.B.000.059","2","2","NO","VJMsg\J11B.6801.B.000.059 | VJMsg\J11B钢管\QL\6801 7410\J11B.6801.B.000.059"
"J11B.6801.B.820.915","2","1","YES","VJMsg\J11B.6801.B.820.915 | VJMsg\J11B钢管\QL\6801 7410\J11B.6801.B.820.915"
"J11B.6801.B.830.919","2","1","YES","VJMsg\J11B.6801.B.830.919 | VJMsg\J11B钢管\QL\6801 7410\J11B.6801.B.830.919"
"J11B.6801.B.830.917","2","1","YES","VJMsg\J11B.6801.B.830.917 | VJMsg\J11B钢管\QL\6801 7410\J11B.6801.B.830.917"
"J11B.7420.B.910.989","2","1","YES","VJMsg\J11B.7420.B.910.989 | VJMsg\J11B铝管\7420\J11B.7420.B.910.989"
"J11B.7420.B.910.985","2","1","YES","VJMsg\J11B.7420.B.910.985 | VJMsg\J11B铝管\7420\J11B.7420.B.910.985"
"J11B.7420.B.910.990","2","1","YES","VJMsg\J11B.7420.B.910.990 | VJMsg\J11B铝管\7420\J11B.7420.B.910.990"
"J11B.7420.B.920.000","2","1","YES","VJMsg\J11B.7420.B.920.000 | VJMsg\J11B铝管\7420\J11B.7420.B.920.000"
"J11B.7420.B.910.994","2","1","YES","VJMsg\J11B.7420.B.910.994 | VJMsg\J11B铝管\7420\J11B.7420.B.910.994"
"J11B.7420.B.910.978","2","1","YES","VJMsg\J11B.7420.B.910.978 | VJMsg\J11B铝管\7420\J11B.7420.B.910.978"
"J11B.7420.B.910.969","2","1","YES","VJMsg\J11B.7420.B.910.969 | VJMsg\J11B铝管\7420\J11B.7420.B.910.969"
"J11B.7420.B.910.966","2","1","YES","VJMsg\J11B.7420.B.910.966 | VJMsg\J11B铝管\7420\J11B.7420.B.910.966"
"J11B.7420.B.910.970","2","1","YES","VJMsg\J11B.7420.B.910.970 | VJMsg\J11B铝管\7420\J11B.7420.B.910.970"
"J11B.7420.B.910.976","2","1","YES","VJMsg\J11B.7420.B.910.976 | VJMsg\J11B铝管\7420\J11B.7420.B.910.976"
"J11B.7420.B.910.975","2","1","YES","VJMsg\J11B.7420.B.910.975 | VJMsg\J11B铝管\7420\J11B.7420.B.910.975"
"J11B.7420.B.950.000","2","1","YES","VJMsg\J11B.7420.B.950.000 | VJMsg\J11B铝管\7420\J11B.7420.B.950.000"
"J11B.7420.B.965.931","2","1","YES","VJMsg\J11B.7420.B.965.931 | VJMsg\J11B铝管\7420\新建文件夹\J11B.7420.B.965.931"
"J11B.7420.B.965.930","2","1","YES","VJMsg\J11B.7420.B.965.930 | VJMsg\J11B铝管\7420\新建文件夹\J11B.7420.B.965.930"
"J11B.7420.B.975.000","2","1","YES","VJMsg\J11B.7420.B.975.000 | VJMsg\J11B铝管\7420\J11B.7420.B.975.000"
"J11B.7420.B.995.000","2","1","YES","VJMsg\J11B.7420.B.995.000 | VJMsg\J11B铝管\7420\J11B.7420.B.995.000"
"J11B.7420.B.980.000","2","1","YES","VJMsg\J11B.7420.B.980.000 | VJMsg\J11B铝管\7420\J11B.7420.B.980.000"
"J11B.7420.B.965.928","2","1","YES","VJMsg\J11B.7420.B.965.928 | VJMsg\J11B铝管\7420\新建文件夹\J11B.7420.B.965.928"
"J11B.7420.B.965.920","2","1","YES","VJMsg\J11B.7420.B.965.920 | VJMsg\J11B铝管\7420\新建文件夹\J11B.7420.B.965.920"
"J11B.7420.B.965.918","2","1","YES","VJMsg\J11B.7420.B.965.918 | VJMsg\J11B铝管\7420\新建文件夹\J11B.7420.B.965.918"
"J11B.7420.B.965.923","2","1","YES","VJMsg\J11B.7420.B.965.923 | VJMsg\J11B铝管\7420\新建文件夹\J11B.7420.B.965.923"
"J11B.7420.B.965.927","2","1","YES","VJMsg\J11B.7420.B.965.927 | VJMsg\J11B铝管\7420\新建文件夹\J11B.7420.B.965.927"
"J11B.7420.B.965.925","2","1","YES","VJMsg\J11B.7420.B.965.925 | VJMsg\J11B铝管\7420\新建文件夹\J11B.7420.B.965.925"
"J16.0740.A.295.923","2","1","YES","J16\J16.0740.A.295.923 | J16\ZG\0740蓝\J16.0740.A.295.923"
"J16.0740.A.295.924","2","1","YES","J16\J16.0740.A.295.924 | J16\ZG\0740蓝\J16.0740.A.295.924"
"J16.0740.A.295.922","2","1","YES","J16\J16.0740.A.295.922 | J16\ZG\0740蓝\CHANG\J16.0740.A.295.922"
"J16.0740.A.295.920","2","1","YES","J16\J16.0740.A.295.920 | J16\ZG\0740蓝\J16.0740.A.295.920"
"J16.0740.A.295.921","2","2","NO","J16\J16.0740.A.295.921 | J16\ZG\0740蓝\1\J16.0740.A.295.921"
"J16.0740.A.295.925","2","1","YES","J16\J16.0740.A.295.925 | J16\ZG\0740蓝\CHANG\J16.0740.A.295.925"
"J16.0740.A.295.930","2","1","YES","J16\J16.0740.A.295.930 | J16\ZG\0740蓝\J16.0740.A.295.930"
"J16.0740.A.295.933","2","1","YES","J16\J16.0740.A.295.933 | J16\ZG\0740蓝\CHANG\J16.0740.A.295.933"
"J16.0740.A.295.929","2","1","YES","J16\J16.0740.A.295.929 | J16\ZG\0740蓝\CHANG\J16.0740.A.295.929"
"J16.0740.A.295.927","2","1","YES","J16\J16.0740.A.295.927 | J16\ZG\0740蓝\7\J16.0740.A.295.927"
"J16.0740.A.295.928","2","1","YES","J16\J16.0740.A.295.928 | J16\ZG\0740蓝\J16.0740.A.295.928"
"J16.0740.A.295.919","2","1","YES","J16\J16.0740.A.295.919 | J16\ZG\0740蓝\CHANG\J16.0740.A.295.919"
"J11B.7420.B.060.994","2","1","YES","VJMsg\J11B.7420.B.060.994 | VJMsg\J11B铝管\7420\J11B.7420.B.060.994"
"J11B.7420.B.060.985","2","1","YES","VJMsg\J11B.7420.B.060.985 | VJMsg\J11B铝管\7420\J11B.7420.B.060.985"
"J11B.7420.B.060.995","2","1","YES","VJMsg\J11B.7420.B.060.995 | VJMsg\J11B铝管\7420\J11B.7420.B.060.995"
"J11B.7420.B.260.000","2","1","YES","VJMsg\J11B.7420.B.260.000 | VJMsg\J11B铝管\7420\J11B.7420.B.260.000"
"J11B.7420.B.170.000","2","1","YES","VJMsg\J11B.7420.B.170.000 | VJMsg\J11B铝管\7420\J11B.7420.B.170.000"
"J11B.7420.B.060.907","2","2","NO","VJMsg\J11B.7420.B.060.907 | VJMsg\J11B铝管\7420\J11B.7420.B.060.907"
"J11B.7410.B.925.914","2","2","NO","VJMsg\J11B.7410.B.925.914 | VJMsg\J11B钢管\QL\6801 7410\J11B.7410.B.925.914"
"J16.0740.A.295.918","2","1","YES","J16\J16.0740.A.295.918 | J16\ZG\0740蓝\J16.0740.A.295.918"
"J11B.7410.B.925.995","2","1","YES","VJMsg\J11B.7410.B.925.995 | VJMsg\J11B钢管\QL\6801 7410\J11B.7410.B.925.995"
"J11B.7420.B.060.905","2","1","YES","VJMsg\J11B.7420.B.060.905 | VJMsg\J11B铝管\7420\J11B.7420.B.060.905"
"J11B.7420.B.060.902","2","1","YES","VJMsg\J11B.7420.B.060.902 | VJMsg\J11B铝管\7420\J11B.7420.B.060.902"
"J11B.6700.B.805.915","2","1","YES","VJMsg\J11B.6700.B.805.915 | VJMsg\J11B氧气管\805\J11B.6700.B.805.915"
"J16.0745.A.005.915","2","1","YES","J16\J16.0745.A.005.915 | J16\ZG\0745蓝\J16.0745.A.005.915"
"J16.0745.A.100.001","2","1","YES","J16\J16.0745.A.100.001 | J16\QL\0745\J16.0745.A.100.001"
"J16.0745.A.005.913","2","1","YES","J16\J16.0745.A.005.913 | J16\ZG\0745蓝\J16.0745.A.005.913"
"J16.0745.A.005.909","2","1","YES","J16\J16.0745.A.005.909 | J16\ZG\0745蓝\J16.0745.A.005.909"
"J16.0745.A.005.911","2","1","YES","J16\J16.0745.A.005.911 | J16\ZG\0745蓝\J16.0745.A.005.911"
"J16.0750.A.530.901","2","2","NO","J16\J16.0750.A.530.901 | J16\BLM\BAI\J16.0750.A.530.901"
"J16.0750.A.530.906","2","2","NO","J16\J16.0750.A.530.906 | J16\BLM\BAI\J16.0750.A.530.906"
"J16.0750.A.530.907","2","2","NO","J16\J16.0750.A.530.907 | J16\BLM\BAI\J16.0750.A.530.907"
"J16.0750.A.530.904","2","2","NO","J16\J16.0750.A.530.904 | J16\BLM\BAI\J16.0750.A.530.904"
"J16.0750.A.530.902","2","2","NO","J16\J16.0750.A.530.902 | J16\BLM\BAI\J16.0750.A.530.902"
"J16.0750.A.530.903","2","2","NO","J16\J16.0750.A.530.903 | J16\BLM\BAI\J16.0750.A.530.903"
"J16.0745.A.005.905","2","1","YES","J16\J16.0745.A.005.905 | J16\QL\0745\J16.0745.A.005.905"
"J16.0741.A.600.984","2","1","YES","J16\J16.0741.A.600.984 | J16\ZG\0741深灰\J16.0741.A.600.984"
"J16.0741.A.600.985","2","1","YES","J16\J16.0741.A.600.985 | J16\ZG\0741深灰\J16.0741.A.600.985"
"J16.0741.A.600.983","2","1","YES","J16\J16.0741.A.600.983 | J16\ZG\0741深灰\J16.0741.A.600.983"
"J11B.6200.B.800.901","2","1","YES","VJMsg\J11B.6200.B.800.901 | VJMsg\J11B钢管\QL\6200.B\J11B.6200.B.800.901"
"J16.0741.A.600.982","2","1","YES","J16\J16.0741.A.600.982 | J16\ZG\0741深灰\J16.0741.A.600.982"
"J16.0741.A.600.986","2","1","YES","J16\J16.0741.A.600.986 | J16\ZG\0741深灰\J16.0741.A.600.986"
"J16.0745.A.005.901","2","1","YES","J16\J16.0745.A.005.901 | J16\QL\0745\J16.0745.A.005.901"
"J16.0745.A.005.903","2","1","YES","J16\J16.0745.A.005.903 | J16\QL\0745\J16.0745.A.005.903"
"J16.0741.A.600.989","2","1","YES","J16\J16.0741.A.600.989 | J16\ZG\0741深灰\J16.0741.A.600.989"
"J16.0741.A.600.987","2","1","YES","J16\J16.0741.A.600.987 | J16\ZG\0741深灰\J16.0741.A.600.987"
"J16.0741.A.600.988","2","1","YES","J16\J16.0741.A.600.988 | J16\ZG\0741深灰\J16.0741.A.600.988"
"J11B.6170.B.065.000","2","1","YES","VJMsg\J11B.6170.B.065.000 | VJMsg\J11B铝管\燃油管\6170\J11B.6170.B.065.000"
"J16.0750.A.720.907","2","1","YES","J16\J16.0750.A.720.907 | J16\QL\0750\J16.0750.A.720.907"
"J11B.6170.B.175.903","2","1","YES","VJMsg\J11B.6170.B.175.903 | VJMsg\J11B铝管\燃油管\6170\J11B.6170.B.175.903"
"J11B.6170.B.300.911","2","1","YES","VJMsg\J11B.6170.B.300.911 | VJMsg\J11B铝管\燃油管\6170\J11B.6170.B.300.911"
"J11B.6170.B.295.901","2","1","YES","VJMsg\J11B.6170.B.295.901 | VJMsg\J11B铝管\燃油管\6170\J11B.6170.B.295.901"
"J11B.6145.B.030.000","2","1","YES","VJMsg\J11B.6145.B.030.000 | VJMsg\J11B铝管\燃油管\燃油管不喷漆\J11B.6145.B.030.000"
"J16.0770.A.010.903","2","1","YES","J16\J16.0770.A.010.903 | J16\QL\全蓝\J16.0770.A.010.903"
"J16.0770.A.010.905","2","1","YES","J16\J16.0770.A.010.905 | J16\QL\全蓝\J16.0770.A.010.905"
"J16.0770.A.010.901","2","1","YES","J16\J16.0770.A.010.901 | J16\QL\全蓝\J16.0770.A.010.901"
"J11B.6145.B.020.000","2","1","YES","VJMsg\J11B.6145.B.020.000 | VJMsg\J11B铝管\燃油管\燃油管不喷漆\J11B.6145.B.020.000"
"J11B.6145.B.015.000","2","1","YES","VJMsg\J11B.6145.B.015.000 | VJMsg\J11B铝管\燃油管\燃油管不喷漆\J11B.6145.B.015.000"
"J11B.6170.B.505.901","2","1","YES","VJMsg\J11B.6170.B.505.901 | VJMsg\J11B铝管\燃油管\6170\J11B.6170.B.505.901"
"J16.0750.A.720.903","2","1","YES","J16\J16.0750.A.720.903 | J16\QL\0750\J16.0750.A.720.903"
"J16.0750.A.720.904","2","1","YES","J16\J16.0750.A.720.904 | J16\QL\0750\J16.0750.A.720.904"
"J16.0750.A.720.902","2","1","YES","J16\J16.0750.A.720.902 | J16\QL\0750\J16.0750.A.720.902"
"J16.0750.A.530.908","2","2","NO","J16\J16.0750.A.530.908 | J16\BLM\BAI\J16.0750.A.530.908"
"J16.0750.A.530.909","2","2","NO","J16\J16.0750.A.530.909 | J16\BLM\BAI\J16.0750.A.530.909"
"J16.0750.A.720.906","2","1","YES","J16\J16.0750.A.720.906 | J16\QL\0750\J16.0750.A.720.906"
"J11B.6170.B.520.901","2","1","YES","VJMsg\J11B.6170.B.520.901 | VJMsg\J11B铝管\燃油管\6170\J11B.6170.B.520.901"
"J11B.6170.B.510.903","2","1","YES","VJMsg\J11B.6170.B.510.903 | VJMsg\J11B铝管\燃油管\6170\J11B.6170.B.510.903"
"J11B.6170.B.535.911","2","2","NO","VJMsg\J11B.6170.B.535.911 | VJMsg\J11B铝管\燃油管\6170\J11B.6170.B.535.911"
"J11B.6170.B.555.000","2","2","NO","VJMsg\J11B.6170.B.555.000 | VJMsg\J11B钢管\QL\6170.B\J11B.6170.B.555.000"
"J11B.6170.B.540.000","2","2","NO","VJMsg\J11B.6170.B.540.000 | VJMsg\J11B铝管\燃油管\6170\J11B.6170.B.540.000"
"J16.0741.A.600.981","2","1","YES","J16\J16.0741.A.600.981 | J16\ZG\0741深灰\J16.0741.A.600.981"
"J11B.6500.B.830.000","2","1","YES","VJMsg\J11B.6500.B.830.000 | VJMsg\钛合金\J11B\J11B.6500.B.830.000"
"J16.0741.A.600.980","2","1","YES","J16\J16.0741.A.600.980 | J16\ZG\0741深灰\J16.0741.A.600.980"
"J16.0741.A.600.939","2","1","YES","J16\J16.0741.A.600.939 | J16\ZG\0741深灰\J16.0741.A.600.939"
"J16.0741.A.600.965","2","1","YES","J16\J16.0741.A.600.965 | J16\ZG\0741深灰\J16.0741.A.600.965"
"J11B.6400.B.015.000","2","1","YES","VJMsg\J11B.6400.B.015.000 | VJMsg\钛合金\J11B\J11B.6400.B.015.000"
"J11B.6201.B.820.915","2","1","YES","VJMsg\J11B.6201.B.820.915 | VJMsg\J11B铝管\J11B.6201.B.820.915"
"J11B.6201.B.810.927","2","1","YES","VJMsg\J11B.6201.B.810.927 | VJMsg\J11B钢管\6201\J11B.6201.B.810.927"
"J11B.6201.B.820.917","2","1","YES","VJMsg\J11B.6201.B.820.917 | VJMsg\J11B铝管\J11B.6201.B.820.917"
"J11B.6201.B.825.909","2","1","YES","VJMsg\J11B.6201.B.825.909 | VJMsg\J11B钢管\6201\J11B.6201.B.825.909"
"J11B.6201.B.825.907","2","1","YES","VJMsg\J11B.6201.B.825.907 | VJMsg\J11B钢管\6201\J11B.6201.B.825.907"
"J16.0741.A.600.937","2","1","YES","J16\J16.0741.A.600.937 | J16\ZG\0741深灰\J16.0741.A.600.937"
"J11B.6700.B.805.908","2","1","YES","VJMsg\J11B.6700.B.805.908 | VJMsg\J11B氧气管\805\J11B.6700.B.805.908"
"J11B.6700.B.805.907","2","1","YES","VJMsg\J11B.6700.B.805.907 | VJMsg\J11B氧气管\805\J11B.6700.B.805.907"
"J11B.6700.B.805.910","2","1","YES","VJMsg\J11B.6700.B.805.910 | VJMsg\J11B氧气管\805\J11B.6700.B.805.910"
"J11B.6700.B.805.913","2","1","YES","VJMsg\J11B.6700.B.805.913 | VJMsg\J11B氧气管\805\J11B.6700.B.805.913"
"J11B.6700.B.805.911","2","1","YES","VJMsg\J11B.6700.B.805.911 | VJMsg\J11B氧气管\805\J11B.6700.B.805.911"
"J11B.6700.B.805.901","2","1","YES","VJMsg\J11B.6700.B.805.901 | VJMsg\J11B氧气管\805\J11B.6700.B.805.901"
"J16.0741.A.600.933","2","1","YES","J16\J16.0741.A.600.933 | J16\ZG\0741深灰\J16.0741.A.600.933"
"J16.0741.A.600.935","2","1","YES","J16\J16.0741.A.600.935 | J16\ZG\0741深灰\J16.0741.A.600.935"
"J16.0740.A.295.993","2","1","YES","J16\J16.0740.A.295.993 | J16\ZG\0740蓝\J16.0740.A.295.993"
"J16.0740.A.295.982","2","1","YES","J16\J16.0740.A.295.982 | J16\ZG\0740蓝\J16.0740.A.295.982"
"J16.0740.A.295.991","2","2","NO","J16\J16.0740.A.295.991 | J16\ZG\0740蓝\1\J16.0740.A.295.991"
"J11B.6200.B.915.911","2","2","NO","VJMsg\J11B.6200.B.915.911 | VJMsg\J11B钢管\QL\6200.B\J11B.6200.B.915.911"
"J11B.6200.B.910.911","2","1","YES","VJMsg\J11B.6200.B.910.911 | VJMsg\J11B钢管\QL\6200.B\J11B.6200.B.910.911"
"J11B.6200.B.915.915","2","1","YES","VJMsg\J11B.6200.B.915.915 | VJMsg\J11B钢管\QL\6200.B\J11B.6200.B.915.915"
"J11B.6200.B.920.903","2","2","NO","VJMsg\J11B.6200.B.920.903 | VJMsg\J11B钢管\QL\6200.B\J11B.6200.B.920.903"
"J11B.6200.B.920.901","2","1","YES","VJMsg\J11B.6200.B.920.901 | VJMsg\J11B钢管\QL\6200.B\J11B.6200.B.920.901"
"J11B.6200.B.910.907","2","1","YES","VJMsg\J11B.6200.B.910.907 | VJMsg\J11B钢管\QL\6200.B\J11B.6200.B.910.907"
"J11B.6200.B.810.903","2","1","YES","VJMsg\J11B.6200.B.810.903 | VJMsg\J11B钢管\QL\6200.B\J11B.6200.B.810.903"
"J11B.6200.B.800.905","2","1","YES","VJMsg\J11B.6200.B.800.905 | VJMsg\J11B钢管\QL\6200.B\J11B.6200.B.800.905"
"J11B.6200.B.810.907","2","1","YES","VJMsg\J11B.6200.B.810.907 | VJMsg\J11B钢管\QL\6200.B\J11B.6200.B.810.907"
"J11B.6200.B.910.903","2","1","YES","VJMsg\J11B.6200.B.910.903 | VJMsg\J11B钢管\QL\6200.B\J11B.6200.B.910.903"
"J11B.6200.B.910.901","2","1","YES","VJMsg\J11B.6200.B.910.901 | VJMsg\J11B钢管\QL\6200.B\J11B.6200.B.910.901"
"J11B.6200.B.925.901","2","2","NO","VJMsg\J11B.6200.B.925.901 | VJMsg\J11B钢管\QL\6200.B\J11B.6200.B.925.901"
"J11B.6200.B.960.903","2","1","YES","VJMsg\J11B.6200.B.960.903 | VJMsg\J11B钢管\QL\6200.B\J11B.6200.B.960.903"
"J11B.6200.B.960.901","2","1","YES","VJMsg\J11B.6200.B.960.901 | VJMsg\J11B钢管\QL\6200.B\J11B.6200.B.960.901"
"J11B.6201.B.000.023","2","1","YES","VJMsg\J11B.6201.B.000.023 | VJMsg\J11B钢管\6201\J11B.6201.B.000.023"
"J11B.6201.B.810.925","2","1","YES","VJMsg\J11B.6201.B.810.925 | VJMsg\J11B钢管\6201\J11B.6201.B.810.925"
"J11B.6201.B.000.025","2","1","YES","VJMsg\J11B.6201.B.000.025 | VJMsg\J11B钢管\6201\J11B.6201.B.000.025"
"J11B.6200.B.940.000","2","1","YES","VJMsg\J11B.6200.B.940.000 | VJMsg\J11B钢管\QL\6200.B\J11B.6200.B.940.000"
"J11B.6200.B.930.000","2","2","NO","VJMsg\J11B.6200.B.930.000 | VJMsg\J11B钢管\QL\6200.B\J11B.6200.B.930.000"
"J11B.6200.B.925.903","2","1","YES","VJMsg\J11B.6200.B.925.903 | VJMsg\J11B钢管\QL\6200.B\J11B.6200.B.925.903"
"J11B.6200.B.930.901","2","1","YES","VJMsg\J11B.6200.B.930.901 | VJMsg\J11B钢管\QL\6200.B\J11B.6200.B.930.901"
"J11B.6200.B.935.000","2","2","NO","VJMsg\J11B.6200.B.935.000 | VJMsg\J11B钢管\QL\6200.B\J11B.6200.B.935.000"
"J11B.6200.B.930.903","2","1","YES","VJMsg\J11B.6200.B.930.903 | VJMsg\J11B钢管\QL\6200.B\J11B.6200.B.930.903"
"J11BS.0740.A.305.903","2","2","NO","VJMsg\J11BS.0740.A.305.903 | VJMsg\J11B钢管\新建文件夹\J11BS.0740.A.305.903"
"J11BS.0740.A.305.901","2","2","NO","VJMsg\J11BS.0740.A.305.901 | VJMsg\J11B钢管\新建文件夹\J11BS.0740.A.305.901"
"J11BS.0740.A.305.905","2","2","NO","VJMsg\J11BS.0740.A.305.905 | VJMsg\J11B钢管\新建文件夹\J11BS.0740.A.305.905"
"J11BS.0740.A.305.909","2","2","NO","VJMsg\J11BS.0740.A.305.909 | VJMsg\J11B钢管\新建文件夹\J11BS.0740.A.305.909"
"J11BS.0740.A.305.907","2","2","NO","VJMsg\J11BS.0740.A.305.907 | VJMsg\J11B钢管\新建文件夹\J11BS.0740.A.305.907"
"J11BDX-GZ-85-5","2","2","NO","VJMsg\J11BDX-GZ-85-5 | VJMsg\制造件\J11BDX\J11BDX-GZ-85-5"
"J11BDX-5720-GZ-0382-1","2","2","NO","VJMsg\J11BDX-5720-GZ-0382-1 | VJMsg\制造件\J11BDX\J11BDX-5720-GZ-0382-1"
"J11BDX-5720-GZ-0329-2","2","1","YES","VJMsg\J11BDX-5720-GZ-0329-2 | VJMsg\制造件\J11BDX\J11BDX-5720-GZ-0329-2"
"J11BDX-5720-GZ-0405-4","2","2","NO","VJMsg\J11BDX-5720-GZ-0405-4 | VJMsg\制造件\J11BDX\J11BDX-5720-GZ-0405-4"
"J11BDX-GZ-112-2-1","2","2","NO","VJMsg\J11BDX-GZ-112-2-1 | VJMsg\制造件\J11BDX\J11BDX-GZ-112-2-1"
"J11BDX-5720-GZ-0489-8","2","2","NO","VJMsg\J11BDX-5720-GZ-0489-8 | VJMsg\制造件\J11BDX\J11BDX-5720-GZ-0489-8"
"J11BS.0740.A.305.911","2","2","NO","VJMsg\J11BS.0740.A.305.911 | VJMsg\J11B钢管\新建文件夹\J11BS.0740.A.305.911"
"J11BS.0745.A.005.921","2","1","YES","VJMsg\J11BS.0745.A.005.921 | VJMsg\J11B钢管\0745.A\J11BS.0745.A.005.921"
"J11BS.0745.A.005.919","2","1","YES","VJMsg\J11BS.0745.A.005.919 | VJMsg\J11B钢管\0745.A\J11BS.0745.A.005.919"
"J11B.7420.B.910.984","2","1","YES","J11B直管\绿\J11B.7420.B.910.984 | VJMsg\J11B.7420.B.910.984"
"J11B.7420.B.060.991","2","1","YES","J11B直管\绿\J11B.7420.B.060.991 | VJMsg\J11B.7420.B.060.991"
"J11B.7420.B.910.982","2","1","YES","J11B直管\绿\J11B.7420.B.910.982 | VJMsg\J11B.7420.B.910.982"
"J11BS.0745.A.005.913","2","1","YES","VJMsg\J11BS.0745.A.005.913 | VJMsg\J11B钢管\0745.A\J11BS.0745.A.005.913"
"J11BS.0740.A.305.931","2","2","NO","VJMsg\J11BS.0740.A.305.931 | VJMsg\J11B钢管\新建文件夹\J11BS.0740.A.305.931"
"J11BS.0740.A.305.915","2","2","NO","VJMsg\J11BS.0740.A.305.915 | VJMsg\J11B钢管\新建文件夹\J11BS.0740.A.305.915"
"J11BS.0740.A.305.941","2","2","NO","VJMsg\J11BS.0740.A.305.941 | VJMsg\J11B钢管\新建文件夹\J11BS.0740.A.305.941"
"J11BS.0745.A.005.911","2","1","YES","VJMsg\J11BS.0745.A.005.911 | VJMsg\J11B钢管\0745.A\J11BS.0745.A.005.911"
"J11BS.0740.A.305.997","2","2","NO","VJMsg\J11BS.0740.A.305.997 | VJMsg\J11B钢管\新建文件夹\J11BS.0740.A.305.997"
"J11B.7800.B.815.915","2","1","YES","VJMsg\J11B.7800.B.815.915 | VJMsg\J11B氧气管\815\J11B.7800.B.815.915"
"J11B.7800.B.815.913","2","1","YES","VJMsg\J11B.7800.B.815.913 | VJMsg\J11B氧气管\815\J11B.7800.B.815.913"
"J11B.7800.B.815.919","2","1","YES","VJMsg\J11B.7800.B.815.919 | VJMsg\J11B氧气管\815\J11B.7800.B.815.919"
"J11B.7800.B.815.923","2","1","YES","VJMsg\J11B.7800.B.815.923 | VJMsg\J11B氧气管\815\J11B.7800.B.815.923"
"J11B.7800.B.815.921","2","1","YES","VJMsg\J11B.7800.B.815.921 | VJMsg\J11B氧气管\815\J11B.7800.B.815.921"
"J11B.7800.B.815.911","2","1","YES","VJMsg\J11B.7800.B.815.911 | VJMsg\J11B氧气管\815\J11B.7800.B.815.911"
"J11B.7800.B.075.000","2","1","YES","VJMsg\J11B.7800.B.075.000 | VJMsg\J11B氧气管\J11B.7800.B.075.000"
"J11B.7800.B.055.941","2","1","YES","VJMsg\J11B.7800.B.055.941 | VJMsg\J11B氧气管\7800.B\J11B.7800.B.055.941"
"J11B.7800.B.815.901","2","1","YES","VJMsg\J11B.7800.B.815.901 | VJMsg\J11B氧气管\815\J11B.7800.B.815.901"
"J11B.7800.B.815.909","2","1","YES","VJMsg\J11B.7800.B.815.909 | VJMsg\J11B氧气管\815\J11B.7800.B.815.909"
"J11B.7800.B.815.903","2","1","YES","VJMsg\J11B.7800.B.815.903 | VJMsg\J11B氧气管\815\J11B.7800.B.815.903"
"J11B.7800.B.815.925","2","1","YES","VJMsg\J11B.7800.B.815.925 | VJMsg\J11B氧气管\815\J11B.7800.B.815.925"
"J11B.7410.B.925.904","2","1","YES","J11B直管\黑\J11B.7410.B.925.904 | VJMsg\J11B.7410.B.925.904"
"J11B.7810.B.805.909","2","1","YES","VJMsg\J11B.7810.B.805.909 | VJMsg\J11B氧气管\J11B.7810.B.805.909"
"J11BDX-5720-GZ-0168-2","2","2","NO","VJMsg\J11BDX-5720-GZ-0168-2 | VJMsg\制造件\J11BDX\J11BDX-5720-GZ-0168-2"
"J11BDX-5720-GZ-0185-5-2","2","2","NO","VJMsg\J11BDX-5720-GZ-0185-5-2 | VJMsg\制造件\J11BDX\J11BDX-5720-GZ-0185-5-2"
"J11BDX-5720-GZ-0177-2","2","1","YES","VJMsg\J11BDX-5720-GZ-0177-2 | VJMsg\制造件\J11BDX\J11BDX-5720-GZ-0177-2"
"J11B.7810.B.805.905","2","1","YES","VJMsg\J11B.7810.B.805.905 | VJMsg\J11B氧气管\J11B.7810.B.805.905"
"J11B.7800.B.815.931","2","1","YES","VJMsg\J11B.7800.B.815.931 | VJMsg\J11B氧气管\815\J11B.7800.B.815.931"
"J11B.7800.B.815.927","2","1","YES","VJMsg\J11B.7800.B.815.927 | VJMsg\J11B氧气管\815\J11B.7800.B.815.927"
"J11B.7800.B.815.932","2","1","YES","VJMsg\J11B.7800.B.815.932 | VJMsg\J11B氧气管\815\J11B.7800.B.815.932"
"J11B.7800.B.815.935","2","1","YES","VJMsg\J11B.7800.B.815.935 | VJMsg\J11B氧气管\815\J11B.7800.B.815.935"
"J11B.7800.B.815.934","2","1","YES","VJMsg\J11B.7800.B.815.934 | VJMsg\J11B氧气管\815\J11B.7800.B.815.934"
"J11BS.5314.A.010.976","2","1","YES","VJMsg\J11BS.5314.A.010.976 | VJMsg\J11B钢管\5314.B.035\5314.A\010\J11BS.5314.A.010.976"
"J11BS.5314.A.010.975","2","2","NO","VJMsg\J11BS.5314.A.010.975 | VJMsg\J11B钢管\5314.B.035\5314.A\010\J11BS.5314.A.010.975"
"J11BS.5314.A.010.977","2","1","YES","VJMsg\J11BS.5314.A.010.977 | VJMsg\J11B钢管\5314.B.035\5314.A\010\J11BS.5314.A.010.977"
"J11BS.5314.A.010.979","2","1","YES","VJMsg\J11BS.5314.A.010.979 | VJMsg\J11B钢管\5314.B.035\5314.A\010\J11BS.5314.A.010.979"
"J11BS.5314.A.010.978","2","1","YES","VJMsg\J11BS.5314.A.010.978 | VJMsg\J11B钢管\5314.B.035\5314.A\010\J11BS.5314.A.010.978"
"J11BS.5314.A.010.974","2","1","YES","VJMsg\J11BS.5314.A.010.974 | VJMsg\J11B钢管\5314.B.035\5314.A\010\J11BS.5314.A.010.974"
"J11BS.5314.A.010.969","2","1","YES","VJMsg\J11BS.5314.A.010.969 | VJMsg\J11B钢管\5314.B.035\5314.A\010\J11BS.5314.A.010.969"
"J11BS.5314.A.010.968","2","1","YES","VJMsg\J11BS.5314.A.010.968 | VJMsg\J11B钢管\5314.B.035\5314.A\010\J11BS.5314.A.010.968"
"J11BS.5314.A.010.971","2","1","YES","VJMsg\J11BS.5314.A.010.971 | VJMsg\J11B钢管\5314.B.035\5314.A\010\J11BS.5314.A.010.971"
"J11BS.5314.A.010.973","2","1","YES","VJMsg\J11BS.5314.A.010.973 | VJMsg\J11B钢管\5314.B.035\5314.A\010\J11BS.5314.A.010.973"
"J11BS.5314.A.010.972","2","1","YES","VJMsg\J11BS.5314.A.010.972 | VJMsg\J11B钢管\5314.B.035\5314.A\010\J11BS.5314.A.010.972"
"J11BS.5314.A.010.980","2","1","YES","VJMsg\J11BS.5314.A.010.980 | VJMsg\J11B钢管\5314.B.035\5314.A\010\J11BS.5314.A.010.980"
"J11BS.5314.A.010.989","2","1","YES","VJMsg\J11BS.5314.A.010.989 | VJMsg\J11B钢管\5314.B.035\5314.A\010\J11BS.5314.A.010.989"
"J11BS.5314.A.010.988","2","1","YES","VJMsg\J11BS.5314.A.010.988 | VJMsg\J11B钢管\5314.B.035\5314.A\010\J11BS.5314.A.010.988"
"J11BS.5314.A.010.990","2","1","YES","VJMsg\J11BS.5314.A.010.990 | VJMsg\J11B钢管\5314.B.035\5314.A\010\J11BS.5314.A.010.990"
"J11BS.5314.A.010.992","2","1","YES","VJMsg\J11BS.5314.A.010.992 | VJMsg\J11B钢管\5314.B.035\5314.A\010\J11BS.5314.A.010.992"
"J11BS.5314.A.010.991","2","1","YES","VJMsg\J11BS.5314.A.010.991 | VJMsg\J11B钢管\5314.B.035\5314.A\010\J11BS.5314.A.010.991"
"J11BS.5314.A.010.986","2","1","YES","VJMsg\J11BS.5314.A.010.986 | VJMsg\J11B钢管\5314.B.035\5314.A\010\J11BS.5314.A.010.986"
"J11BS.5314.A.010.982","2","1","YES","VJMsg\J11BS.5314.A.010.982 | VJMsg\J11B钢管\5314.B.035\5314.A\010\J11BS.5314.A.010.982"
"J11BS.5314.A.010.981","2","1","YES","VJMsg\J11BS.5314.A.010.981 | VJMsg\J11B钢管\5314.B.035\5314.A\010\J11BS.5314.A.010.981"
"J11BS.5314.A.010.983","2","1","YES","VJMsg\J11BS.5314.A.010.983 | VJMsg\J11B钢管\5314.B.035\5314.A\010\J11BS.5314.A.010.983"
"J11BS.5314.A.010.985","2","1","YES","VJMsg\J11BS.5314.A.010.985 | VJMsg\J11B钢管\5314.B.035\5314.A\010\J11BS.5314.A.010.985"
"J11BS.5314.A.010.984","2","1","YES","VJMsg\J11BS.5314.A.010.984 | VJMsg\J11B钢管\5314.B.035\5314.A\010\J11BS.5314.A.010.984"
"J11BS.5314.A.010.924","2","1","YES","VJMsg\J11BS.5314.A.010.924 | VJMsg\J11B钢管\5314.B.035\5314.A\010\J11BS.5314.A.010.924"
"J11BS.5314.A.010.912","2","1","YES","VJMsg\J11BS.5314.A.010.912 | VJMsg\J11B钢管\5314.B.035\5314.A\010\J11BS.5314.A.010.912"
"J11BS.5314.A.010.928","2","1","YES","VJMsg\J11BS.5314.A.010.928 | VJMsg\J11B钢管\5314.B.035\5314.A\010\J11BS.5314.A.010.928"
"J11BS.5314.A.010.930","2","1","YES","VJMsg\J11BS.5314.A.010.930 | VJMsg\J11B钢管\5314.B.035\5314.A\010\J11BS.5314.A.010.930"
"J11BS.5314.A.010.929","2","1","YES","VJMsg\J11BS.5314.A.010.929 | VJMsg\J11B钢管\5314.B.035\5314.A\010\J11BS.5314.A.010.929"
"J11BS.5314.A.010.908","2","1","YES","VJMsg\J11BS.5314.A.010.908 | VJMsg\J11B钢管\5314.B.035\5314.A\010\J11BS.5314.A.010.908"
"J11B.7420.B.060.988","2","1","YES","J11B直管\绿\J11B.7420.B.060.988 | VJMsg\J11B.7420.B.060.988"
"J11B.7420.B.060.989","2","2","NO","J11B直管\绿\J11B.7420.B.060.989 | VJMsg\J11B.7420.B.060.989"
"J11BS.5314.A.010.901","2","1","YES","VJMsg\J11BS.5314.A.010.901 | VJMsg\J11B钢管\5314.B.035\5314.A\010\J11BS.5314.A.010.901"
"J11BS.5314.A.010.903","2","1","YES","VJMsg\J11BS.5314.A.010.903 | VJMsg\J11B钢管\5314.B.035\5314.A\010\J11BS.5314.A.010.903"
"J11BS.5314.A.010.902","2","1","YES","VJMsg\J11BS.5314.A.010.902 | VJMsg\J11B钢管\5314.B.035\5314.A\010\J11BS.5314.A.010.902"
"J11BS.5314.A.010.953","2","2","NO","VJMsg\J11BS.5314.A.010.953 | VJMsg\J11B钢管\5314.B.035\5314.A\010\J11BS.5314.A.010.953"
"J11BS.5314.A.010.964","2","1","YES","VJMsg\J11BS.5314.A.010.964 | VJMsg\J11B钢管\5314.B.035\5314.A\010\J11BS.5314.A.010.964"
"J11BS.5314.A.010.963","2","1","YES","VJMsg\J11BS.5314.A.010.963 | VJMsg\J11B钢管\5314.B.035\5314.A\010\J11BS.5314.A.010.963"
"J11BS.5314.A.010.965","2","1","YES","VJMsg\J11BS.5314.A.010.965 | VJMsg\J11B钢管\5314.B.035\5314.A\010\J11BS.5314.A.010.965"
"J11BS.5314.A.010.967","2","1","YES","VJMsg\J11BS.5314.A.010.967 | VJMsg\J11B钢管\5314.B.035\5314.A\010\J11BS.5314.A.010.967"
"J11BS.5314.A.010.966","2","1","YES","VJMsg\J11BS.5314.A.010.966 | VJMsg\J11B钢管\5314.B.035\5314.A\010\J11BS.5314.A.010.966"
"J11BS.5314.A.010.962","2","1","YES","VJMsg\J11BS.5314.A.010.962 | VJMsg\J11B钢管\5314.B.035\5314.A\010\J11BS.5314.A.010.962"
"J11B.0740.B.845.982","2","1","YES","J11B直管\深灰\J11B.0740.B.845.982 | VJMsg\J11B.0740.B.845.982"
"J11B.0740.B.845.987","2","1","YES","J11B直管\深灰\J11B.0740.B.845.987 | VJMsg\J11B.0740.B.845.987"
"J11BS.5314.A.010.959","2","1","YES","VJMsg\J11BS.5314.A.010.959 | VJMsg\J11B钢管\5314.B.035\5314.A\010\J11BS.5314.A.010.959"
"J11BS.5314.A.010.961","2","1","YES","VJMsg\J11BS.5314.A.010.961 | VJMsg\J11B钢管\5314.B.035\5314.A\010\J11BS.5314.A.010.961"
"J11BS.5314.A.010.960","2","1","YES","VJMsg\J11BS.5314.A.010.960 | VJMsg\J11B钢管\5314.B.035\5314.A\010\J11BS.5314.A.010.960"
"J11B.7800.B.055.940","2","1","YES","VJMsg\J11B.7800.B.055.940 | VJMsg\J11B氧气管\7800.B\J11B.7800.B.055.940"
"J11B.7601.B.935.000","2","1","YES","VJMsg\J11B.7601.B.935.000 | VJMsg\7402.B\BLM\J11B.7601.B\J11B.7601.B.935.000"
"J16.0740.A.295.904","2","1","YES","J16\J16.0740.A.295.904 | J16\ZG\0740蓝\J16.0740.A.295.904"
"J16.0740.A.295.903","2","1","YES","J16\J16.0740.A.295.903 | J16\ZG\0740蓝\J16.0740.A.295.903"
"J11B.7601.Б.440.000","2","1","YES","VJMsg\J11B.7601.Б.440.000 | VJMsg\7402.B\BLM\J11B.7601.B\J11B.7601.Б.440.000"
"J16.0740.A.295.902","2","1","YES","J16\J16.0740.A.295.902 | J16\0740\J16.0740.A.295.902"
"J11B.7601.B.930.000","2","1","YES","VJMsg\J11B.7601.B.930.000 | VJMsg\7402.B\BLM\J11B.7601.B\J11B.7601.B.930.000"
"J11B.7601.B.870.000","2","1","YES","VJMsg\J11B.7601.B.870.000 | VJMsg\7402.B\BLM\J11B.7601.B\J11B.7601.B.870.000"
"J11B.7601.B.860.000","2","1","YES","VJMsg\J11B.7601.B.860.000 | VJMsg\7402.B\BLM\J11B.7601.B\J11B.7601.B.860.000"
"J11B.7601.B.885.935","2","1","YES","VJMsg\J11B.7601.B.885.935 | VJMsg\7402.B\BLM\J11B.7601.B\J11B.7601.B.885.935"
"J11B.7601.B.885.945","2","1","YES","VJMsg\J11B.7601.B.885.945 | VJMsg\7402.B\BLM\J11B.7601.B\J11B.7601.B.885.945"
"J11B.7601.B.885.939","2","1","YES","VJMsg\J11B.7601.B.885.939 | VJMsg\7402.B\BLM\J11B.7601.B\J11B.7601.B.885.939"
"J11B.7602.B.215.000","2","1","YES","VJMsg\J11B.7602.B.215.000 | VJMsg\7402.B\BLM\J11B.7601.B\J11B.7602.B\J11B.7602.B.215.000"
"J11B.7602.B.325.000","2","1","YES","VJMsg\J11B.7602.B.325.000 | VJMsg\7402.B\BLM\J11B.7601.B\J11B.7602.B\J11B.7602.B.325.000"
"J11B.7602.B.305.000","2","1","YES","VJMsg\J11B.7602.B.305.000 | VJMsg\7402.B\BLM\J11B.7601.B\J11B.7602.B\J11B.7602.B.305.000"
"J11B.7602.B.340.000","2","1","YES","VJMsg\J11B.7602.B.340.000 | VJMsg\7402.B\BLM\J11B.7601.B\J11B.7602.B\J11B.7602.B.340.000"
"J11B.7602.B.375.000","2","1","YES","VJMsg\J11B.7602.B.375.000 | VJMsg\7402.B\BLM\J11B.7601.B\J11B.7602.B\J11B.7602.B.375.000"
"J11B.7602.B.370.000","2","1","YES","VJMsg\J11B.7602.B.370.000 | VJMsg\7402.B\BLM\J11B.7601.B\J11B.7602.B\J11B.7602.B.370.000"
"J16.0740.A.175.000","2","1","YES","J16\J16.0740.A.175.000 | J16\0740\J16.0740.A.175.000"
"J11B.7602.B.225.000","2","1","YES","VJMsg\J11B.7602.B.225.000 | VJMsg\7402.B\BLM\J11B.7601.B\J11B.7602.B\J11B.7602.B.225.000"
"J11B.7602.B.220.000","2","1","YES","VJMsg\J11B.7602.B.220.000 | VJMsg\7402.B\BLM\J11B.7601.B\J11B.7602.B\J11B.7602.B.220.000"
"J11B.7602.B.230.000","2","1","YES","VJMsg\J11B.7602.B.230.000 | VJMsg\7402.B\BLM\J11B.7601.B\J11B.7602.B\J11B.7602.B.230.000"
"J11B.7602.B.285.000","2","1","YES","VJMsg\J11B.7602.B.285.000 | VJMsg\7402.B\BLM\J11B.7601.B\J11B.7602.B\J11B.7602.B.285.000"
"J11B.7602.B.265.000","2","1","YES","VJMsg\J11B.7602.B.265.000 | VJMsg\7402.B\BLM\J11B.7601.B\J11B.7602.B\J11B.7602.B.265.000"
"J16.0740.A.295.913","2","1","YES","J16\J16.0740.A.295.913 | J16\ZG\0740蓝\J16.0740.A.295.913"
"J16.0740.A.295.914","2","1","YES","J16\J16.0740.A.295.914 | J16\ZG\0740蓝\J16.0740.A.295.914"
"J11B.7601.B.345.000","2","1","YES","VJMsg\J11B.7601.B.345.000 | VJMsg\7402.B\BLM\J11B.7601.B\J11B.7601.B.345.000"
"J11B.7601.B.455.000","2","1","YES","VJMsg\J11B.7601.B.455.000 | VJMsg\7402.B\BLM\J11B.7601.B\J11B.7601.B.455.000"
"J11B.7601.B.445.000","2","1","YES","VJMsg\J11B.7601.B.445.000 | VJMsg\7402.B\BLM\J11B.7601.B\J11B.7601.B.445.000"
"J11B.7601.B.325.000","2","1","YES","VJMsg\J11B.7601.B.325.000 | VJMsg\7402.B\BLM\J11B.7601.B\J11B.7601.B.325.000"
"J16.0740.A.295.916","2","2","NO","J16\J16.0740.A.295.916 | J16\ZG\0740蓝\J16.0740.A.295.916"
"J16.0740.A.295.917","2","1","YES","J16\J16.0740.A.295.917 | J16\ZG\0740蓝\7\J16.0740.A.295.917"
"J11B.7601.B.310.000","2","1","YES","VJMsg\J11B.7601.B.310.000 | VJMsg\7402.B\BLM\J11B.7601.B\J11B.7601.B.310.000"
"J11B.7601.B.315.901","2","1","YES","VJMsg\J11B.7601.B.315.901 | VJMsg\7402.B\BLM\J11B.7601.B\J11B.7601.B.315.901"
"J16.0740.A.295.915","2","1","YES","J16\J16.0740.A.295.915 | J16\ZG\0740蓝\J16.0740.A.295.915"
"J11B.7601.B.460.000","2","1","YES","VJMsg\J11B.7601.B.460.000 | VJMsg\7402.B\BLM\J11B.7601.B\J11B.7601.B.460.000"
"J11B.7601.B.805.000","2","1","YES","VJMsg\J11B.7601.B.805.000 | VJMsg\7402.B\BLM\J11B.7601.B\J11B.7601.B.805.000"
"J16.0740.A.295.905","2","1","YES","J16\J16.0740.A.295.905 | J16\ZG\0740蓝\J16.0740.A.295.905"
"J11B.7601.B.825.000","2","1","YES","VJMsg\J11B.7601.B.825.000 | VJMsg\7402.B\BLM\J11B.7601.B\J11B.7601.B.825.000"
"J11B.7601.B.855.000","2","1","YES","VJMsg\J11B.7601.B.855.000 | VJMsg\7402.B\BLM\J11B.7601.B\J11B.7601.B.855.000"
"J11B.7601.B.845.000","2","1","YES","VJMsg\J11B.7601.B.845.000 | VJMsg\7402.B\BLM\J11B.7601.B\J11B.7601.B.845.000"
"J16.0740.A.295.906","2","1","YES","J16\J16.0740.A.295.906 | J16\ZG\0740蓝\J16.0740.A.295.906"
"J11B.7601.B.560.000","2","1","YES","VJMsg\J11B.7601.B.560.000 | VJMsg\7402.B\BLM\J11B.7601.B\J11B.7601.B.560.000"
"J11B.7601.B.465.000","2","1","YES","VJMsg\J11B.7601.B.465.000 | VJMsg\7402.B\BLM\J11B.7601.B\J11B.7601.B.465.000"
"J16.0740.A.295.909","2","1","YES","J16\J16.0740.A.295.909 | J16\ZG\0740蓝\J16.0740.A.295.909"
"J16.0740.A.295.907","2","1","YES","J16\J16.0740.A.295.907 | J16\ZG\0740蓝\7\J16.0740.A.295.907"
"J16.0740.A.295.908","2","1","YES","J16\J16.0740.A.295.908 | J16\ZG\0740蓝\J16.0740.A.295.908"
"J11B.7800.B.055.905","2","1","YES","VJMsg\J11B.7800.B.055.905 | VJMsg\J11B氧气管\7800.B\J11B.7800.B.055.905"
"J11B.7800.B.055.903","2","1","YES","VJMsg\J11B.7800.B.055.903 | VJMsg\J11B氧气管\7800.B\J11B.7800.B.055.903"
"J11B.7800.B.055.907","2","1","YES","VJMsg\J11B.7800.B.055.907 | VJMsg\J11B氧气管\7800.B\J11B.7800.B.055.907"
"J11B.7800.B.055.913","2","1","YES","VJMsg\J11B.7800.B.055.913 | VJMsg\J11B氧气管\7800.B\J11B.7800.B.055.913"
"J11B.7800.B.055.912","2","1","YES","VJMsg\J11B.7800.B.055.912 | VJMsg\J11B氧气管\7800.B\J11B.7800.B.055.912"
"J11B.7800.B.055.901","2","1","YES","VJMsg\J11B.7800.B.055.901 | VJMsg\J11B氧气管\7800.B\J11B.7800.B.055.901"
"J11B.7410.B.925.907","2","1","YES","J11B直管\黑\J11B.7410.B.925.907 | VJMsg\J11B.7410.B.925.907"
"J11B.7410.B.925.908","2","1","YES","J11B直管\黑\J11B.7410.B.925.908 | VJMsg\J11B.7410.B.925.908"
"J11B.7410.B.925.906","2","1","YES","J11B直管\黑\J11B.7410.B.925.906 | VJMsg\J11B.7410.B.925.906"
"J11B.7698.B.070.000","2","1","YES","VJMsg\J11B.7698.B.070.000 | VJMsg\J11B铝管\J11B空调管\XI\J11B.7698.B.070.000"
"J11B.7698.B.065.000","2","1","YES","VJMsg\J11B.7698.B.065.000 | VJMsg\J11B铝管\J11B空调管\XI\J11B.7698.B.065.000"
"J11B.7800.B.055.914","2","1","YES","VJMsg\J11B.7800.B.055.914 | VJMsg\J11B氧气管\7800.B\J11B.7800.B.055.914"
"J11B.7800.B.055.929","2","1","YES","VJMsg\J11B.7800.B.055.929 | VJMsg\J11B氧气管\7800.B\J11B.7800.B.055.929"
"J11B.7800.B.055.923","2","1","YES","VJMsg\J11B.7800.B.055.923 | VJMsg\J11B氧气管\7800.B\J11B.7800.B.055.923"
"J11B.7800.B.055.933","2","1","YES","VJMsg\J11B.7800.B.055.933 | VJMsg\J11B氧气管\7800.B\J11B.7800.B.055.933"
"J11B.7800.B.055.937","2","1","YES","VJMsg\J11B.7800.B.055.937 | VJMsg\J11B氧气管\7800.B\J11B.7800.B.055.937"
"J11B.7800.B.055.935","2","1","YES","VJMsg\J11B.7800.B.055.935 | VJMsg\J11B氧气管\7800.B\J11B.7800.B.055.935"
"J11B.7800.B.055.920","2","1","YES","VJMsg\J11B.7800.B.055.920 | VJMsg\J11B氧气管\7800.B\J11B.7800.B.055.920"
"J11B.7800.B.055.916","2","1","YES","VJMsg\J11B.7800.B.055.916 | VJMsg\J11B氧气管\7800.B\J11B.7800.B.055.916"
"J11B.7800.B.055.915","2","1","YES","VJMsg\J11B.7800.B.055.915 | VJMsg\J11B氧气管\7800.B\J11B.7800.B.055.915"
"J11B.7800.B.055.917","2","1","YES","VJMsg\J11B.7800.B.055.917 | VJMsg\J11B氧气管\7800.B\J11B.7800.B.055.917"
"J11B.7800.B.055.919","2","1","YES","VJMsg\J11B.7800.B.055.919 | VJMsg\J11B氧气管\7800.B\J11B.7800.B.055.919"
"J11B.7800.B.055.918","2","1","YES","VJMsg\J11B.7800.B.055.918 | VJMsg\J11B氧气管\7800.B\J11B.7800.B.055.918"
"J11B.7410.B.945.000","2","1","YES","J11B直管\黑\J11B.7410.B.945.000 | VJMsg\J11B.7410.B.945.000"
"J11B.7410.B.925.979","2","1","YES","J11B直管\黑\3\J11B.7410.B.925.979 | VJMsg\J11B.7410.B.925.979"
"J11B.7603.B.070.939","2","1","YES","VJMsg\J11B.7603.B.070.939 | VJMsg\J11B钢管\QL\J11B.7603.B.070.939"
"J11B.7603.B.070.943","2","1","YES","VJMsg\J11B.7603.B.070.943 | VJMsg\J11B钢管\QL\J11B.7603.B.070.943"
"J11B.7603.B.070.941","2","1","YES","VJMsg\J11B.7603.B.070.941 | VJMsg\J11B钢管\QL\J11B.7603.B.070.941"
"HY","2","2","NO","J16\HY | VJMsg\HY"
"J11B.7602.B.405.000","2","1","YES","VJMsg\J11B.7602.B.405.000 | VJMsg\7402.B\BLM\J11B.7601.B\J11B.7602.B\J11B.7602.B.405.000"
"J11B.7602.B.380.000","2","1","YES","VJMsg\J11B.7602.B.380.000 | VJMsg\7402.B\BLM\J11B.7601.B\J11B.7602.B\J11B.7602.B.380.000"
"J11B.7602.B.410.000","2","1","YES","VJMsg\J11B.7602.B.410.000 | VJMsg\7402.B\BLM\J11B.7601.B\J11B.7602.B\J11B.7602.B.410.000"
"J11B.7602.B.905.000","2","1","YES","VJMsg\J11B.7602.B.905.000 | VJMsg\7402.B\BLM\J11B.7601.B\J11B.7602.B\J11B.7602.B.905.000"
"J11B.7602.B.415.000","2","1","YES","VJMsg\J11B.7602.B.415.000 | VJMsg\7402.B\BLM\J11B.7601.B\J11B.7602.B\J11B.7602.B.415.000"
"J11B.7603.B.070.945","2","1","YES","VJMsg\J11B.7603.B.070.945 | VJMsg\J11B钢管\QL\J11B.7603.B.070.945"
"J11B.7410.B.925.923","2","1","YES","J11B直管\黑\J11B.7410.B.925.923 | VJMsg\J11B.7410.B.925.923"
"J11B.7410.B.925.951","2","1","YES","J11B直管\黑\J11B.7410.B.925.951 | VJMsg\J11B.7410.B.925.951"
"J11B.7410.B.925.917","2","1","YES","J11B直管\黑\J11B.7410.B.925.917 | VJMsg\J11B.7410.B.925.917"
"J11B.7410.B.925.910","2","1","YES","J11B直管\黑\J11B.7410.B.925.910 | VJMsg\J11B.7410.B.925.910"
"J11B.7410.B.925.915","2","1","YES","J11B直管\黑\J11B.7410.B.925.915 | VJMsg\J11B.7410.B.925.915"
"J11B.7410.B.925.971","2","1","YES","J11B直管\黑\J11B.7410.B.925.971 | VJMsg\J11B.7410.B.925.971"
"J11B.7410.B.925.991","2","1","YES","J11B直管\黑\J11B.7410.B.925.991 | VJMsg\J11B.7410.B.925.991"
"J11B.7603.B.070.947","2","1","YES","VJMsg\J11B.7603.B.070.947 | VJMsg\J11B钢管\QL\J11B.7603.B.070.947"
"J11B.7410.B.925.985","2","1","YES","J11B直管\黑\J11B.7410.B.925.985 | VJMsg\J11B.7410.B.925.985"
"J11B.7410.B.925.975","2","1","YES","J11B直管\黑\J11B.7410.B.925.975 | VJMsg\J11B.7410.B.925.975"
"J11B.7410.B.925.977","2","1","YES","J11B直管\黑\J11B.7410.B.925.977 | VJMsg\J11B.7410.B.925.977"
"30 11.0740.K.295.915","2","1","YES","VJMsg\30 11.0740.K.295.915 | VJMsg\QL30\0740LAN\30 11.0740.K.295.915"
"30 11.5334.3.315.910","2","2","NO","VJMsg\30 11.5334.3.315.910 | VJMsg\QL30\30 11.5334\315\30 11.5334.3.315.910"
"30 11.5334.3.315.902","2","1","YES","VJMsg\30 11.5334.3.315.902 | VJMsg\QL30\30 11.5334\315\30 11.5334.3.315.902"
"30 11.5334.3.030.935","2","2","NO","VJMsg\30 11.5334.3.030.935 | VJMsg\QL30\30 11.5334\30 11.5334.3.030.935"
"30 11.5334.3.315.918","2","1","YES","VJMsg\30 11.5334.3.315.918 | VJMsg\QL30\30 11.5334\315\30 11.5334.3.315.918"
"30 11.5314.K.400.921","2","1","YES","VJMsg\30 11.5314.K.400.921 | VJMsg\30 11\30 11.5314\400\30 11.5314.K.400.921"
"30 11.5334.3.315.911","2","1","YES","VJMsg\30 11.5334.3.315.911 | VJMsg\QL30\30 11.5334\315\30 11.5334.3.315.911"
"30 11.5324.K.900.985","2","1","YES","VJMsg\30 11.5324.K.900.985 | VJMsg\30 11\30 11.5324\900\30 11.5324.K.900.985"
"30 11.5324.K.900.984","2","1","YES","VJMsg\30 11.5324.K.900.984 | VJMsg\30 11\30 11.5324\900\30 11.5324.K.900.984"
"30 11.5324.K.900.983","2","1","YES","VJMsg\30 11.5324.K.900.983 | VJMsg\30 11\30 11.5324\900\30 11.5324.K.900.983"
"30 11.5334.3.030.934","2","1","YES","VJMsg\30 11.5334.3.030.934 | VJMsg\QL30\30 11.5334\30 11.5334.3.030.934"
"30 11.5314.K.400.925","2","1","YES","VJMsg\30 11.5314.K.400.925 | VJMsg\30 11\30 11.5314\400\30 11.5314.K.400.925"
"30 11.5324.K.900.986","2","1","YES","VJMsg\30 11.5324.K.900.986 | VJMsg\30 11\30 11.5324\900\30 11.5324.K.900.986"
"30 11.5334.3.315.935","2","1","YES","VJMsg\30 11.5334.3.315.935 | VJMsg\QL30\30 11.5334\315\30 11.5334.3.315.935"
"30 11.5334.3.315.930","2","1","YES","VJMsg\30 11.5334.3.315.930 | VJMsg\QL30\30 11.5334\315\30 11.5334.3.315.930"
"30 11.5334.3.315.928","2","1","YES","VJMsg\30 11.5334.3.315.928 | VJMsg\QL30\30 11.5334\315\30 11.5334.3.315.928"
"30 11.5334.3.315.940","2","1","YES","VJMsg\30 11.5334.3.315.940 | VJMsg\QL30\30 11.5334\315\30 11.5334.3.315.940"
"30 11.5334.3.315.937","2","1","YES","VJMsg\30 11.5334.3.315.937 | VJMsg\QL30\30 11.5334\315\30 11.5334.3.315.937"
"30 11.5334.3.315.936","2","1","YES","VJMsg\30 11.5334.3.315.936 | VJMsg\QL30\30 11.5334\315\30 11.5334.3.315.936"
"30 11.5334.3.315.921","2","1","YES","VJMsg\30 11.5334.3.315.921 | VJMsg\QL30\30 11.5334\315\30 11.5334.3.315.921"
"30 11.5334.3.315.920","2","1","YES","VJMsg\30 11.5334.3.315.920 | VJMsg\QL30\30 11.5334\315\30 11.5334.3.315.920"
"30 11.5334.3.315.919","2","2","NO","VJMsg\30 11.5334.3.315.919 | VJMsg\QL30\30 11.5334\315\30 11.5334.3.315.919"
"30 11.5334.3.315.926","2","1","YES","VJMsg\30 11.5334.3.315.926 | VJMsg\QL30\30 11.5334\315\30 11.5334.3.315.926"
"30 11.5334.3.315.925","2","1","YES","VJMsg\30 11.5334.3.315.925 | VJMsg\QL30\30 11.5334\315\30 11.5334.3.315.925"
"30 11.5334.3.315.923","2","1","YES","VJMsg\30 11.5334.3.315.923 | VJMsg\QL30\30 11.5334\315\30 11.5334.3.315.923"
"30 11.5324.K.900.965","2","1","YES","VJMsg\30 11.5324.K.900.965 | VJMsg\30 11\30 11.5324\900\30 11.5324.K.900.965"
"30 11.5324.K.900.964","2","1","YES","VJMsg\30 11.5324.K.900.964 | VJMsg\30 11\30 11.5324\900\30 11.5324.K.900.964"
"30 11.5324.K.900.962","2","1","YES","VJMsg\30 11.5324.K.900.962 | VJMsg\30 11\30 11.5324\900\30 11.5324.K.900.962"
"30 11.5324.K.900.968","2","1","YES","VJMsg\30 11.5324.K.900.968 | VJMsg\30 11\30 11.5324\900\30 11.5324.K.900.968"
"30 11.5324.K.900.967","2","1","YES","VJMsg\30 11.5324.K.900.967 | VJMsg\30 11\30 11.5324\900\30 11.5324.K.900.967"
"30 11.5324.K.900.966","2","1","YES","VJMsg\30 11.5324.K.900.966 | VJMsg\30 11\30 11.5324\900\30 11.5324.K.900.966"
"30 11.5324.K.900.958","2","1","YES","VJMsg\30 11.5324.K.900.958 | VJMsg\30 11\30 11.5324\900\30 11.5324.K.900.958"
"30 11.5324.K.900.957","2","1","YES","VJMsg\30 11.5324.K.900.957 | VJMsg\30 11\30 11.5324\900\30 11.5324.K.900.957"
"30 11.5324.K.900.956","2","1","YES","VJMsg\30 11.5324.K.900.956 | VJMsg\30 11\30 11.5324\900\30 11.5324.K.900.956"
"30 11.5324.K.900.961","2","1","YES","VJMsg\30 11.5324.K.900.961 | VJMsg\30 11\30 11.5324\900\30 11.5324.K.900.961"
"30 11.5324.K.900.960","2","1","YES","VJMsg\30 11.5324.K.900.960 | VJMsg\30 11\30 11.5324\900\30 11.5324.K.900.960"
"30 11.5324.K.900.959","2","1","YES","VJMsg\30 11.5324.K.900.959 | VJMsg\30 11\30 11.5324\900\30 11.5324.K.900.959"
"30 11.5324.K.900.979","2","1","YES","VJMsg\30 11.5324.K.900.979 | VJMsg\30 11\30 11.5324\900\30 11.5324.K.900.979"
"30 11.5324.K.900.978","2","1","YES","VJMsg\30 11.5324.K.900.978 | VJMsg\30 11\30 11.5324\900\30 11.5324.K.900.978"
"30 11.5324.K.900.977","2","1","YES","VJMsg\30 11.5324.K.900.977 | VJMsg\30 11\30 11.5324\900\30 11.5324.K.900.977"
"30 11.5324.K.900.982","2","1","YES","VJMsg\30 11.5324.K.900.982 | VJMsg\30 11\30 11.5324\900\30 11.5324.K.900.982"
"30 11.5324.K.900.981","2","1","YES","VJMsg\30 11.5324.K.900.981 | VJMsg\30 11\30 11.5324\900\30 11.5324.K.900.981"
"30 11.5324.K.900.980","2","1","YES","VJMsg\30 11.5324.K.900.980 | VJMsg\30 11\30 11.5324\900\30 11.5324.K.900.980"
"30 11.5324.K.900.971","2","1","YES","VJMsg\30 11.5324.K.900.971 | VJMsg\30 11\30 11.5324\900\30 11.5324.K.900.971"
"30 11.5324.K.900.970","2","1","YES","VJMsg\30 11.5324.K.900.970 | VJMsg\30 11\30 11.5324\900\30 11.5324.K.900.970"
"30 11.5324.K.900.969","2","1","YES","VJMsg\30 11.5324.K.900.969 | VJMsg\30 11\30 11.5324\900\30 11.5324.K.900.969"
"30 11.5324.K.900.976","2","1","YES","VJMsg\30 11.5324.K.900.976 | VJMsg\30 11\30 11.5324\900\30 11.5324.K.900.976"
"30 11.5324.K.900.975","2","1","YES","VJMsg\30 11.5324.K.900.975 | VJMsg\30 11\30 11.5324\900\30 11.5324.K.900.975"
"30 11.5324.K.900.972","2","1","YES","VJMsg\30 11.5324.K.900.972 | VJMsg\30 11\30 11.5324\900\30 11.5324.K.900.972"
"30 11.5334.3.315.941","2","1","YES","VJMsg\30 11.5334.3.315.941 | VJMsg\QL30\30 11.5334\315\30 11.5334.3.315.941"
"30 11.5334.7.700.913","2","1","YES","VJMsg\30 11.5334.7.700.913 | VJMsg\QL30\30 11.5334\30 11.5334.7.700.913"
"30 11.5334.7.700.912","2","1","YES","VJMsg\30 11.5334.7.700.912 | VJMsg\QL30\30 11.5334\30 11.5334.7.700.912"
"30 11.5334.7.700.911","2","1","YES","VJMsg\30 11.5334.7.700.911 | VJMsg\QL30\30 11.5334\30 11.5334.7.700.911"
"30 11.5334.K.030.919","2","1","YES","VJMsg\30 11.5334.K.030.919 | VJMsg\QL30\30 11.5334\30 11.5334.K.030.919"
"30 11.5334.K.030.918","2","1","YES","VJMsg\30 11.5334.K.030.918 | VJMsg\QL30\30 11.5334\30 11.5334.K.030.918"
"30 11.5334.K.030.917","2","1","YES","VJMsg\30 11.5334.K.030.917 | VJMsg\QL30\30 11.5334\30 11.5334.K.030.917"
"30 11.5314.K.400.912","2","1","YES","VJMsg\30 11.5314.K.400.912 | VJMsg\30 11\30 11.5314\400\30 11.5314.K.400.912"
"30 11.5334.3.805.960","2","1","YES","VJMsg\30 11.5334.3.805.960 | VJMsg\QL30\30 11.5334\30 11.5334.3.805.960"
"30 11.5334.3.805.959","2","1","YES","VJMsg\30 11.5334.3.805.959 | VJMsg\QL30\30 11.5334\30 11.5334.3.805.959"
"30 11.5334.7.305.906","2","1","YES","VJMsg\30 11.5334.7.305.906 | VJMsg\QL30\30 11.5334\30 11.5334.7.305.906"
"30 11.5334.7.305.902","2","1","YES","VJMsg\30 11.5334.7.305.902 | VJMsg\QL30\30 11.5334\30 11.5334.7.305.902"
"30 11.5314.K.400.905","2","1","YES","VJMsg\30 11.5314.K.400.905 | VJMsg\30 11\30 11.5314\400\30 11.5314.K.400.905"
"30 11.5334.K.030.933","2","1","YES","VJMsg\30 11.5334.K.030.933 | VJMsg\QL30\30 11.5334\30 11.5334.K.030.933"
"30 11.5334.K.030.930","2","1","YES","VJMsg\30 11.5334.K.030.930 | VJMsg\QL30\30 11.5334\30 11.5334.K.030.930"
"30 11.5334.K.030.929","2","1","YES","VJMsg\30 11.5334.K.030.929 | VJMsg\QL30\30 11.5334\30 11.5334.K.030.929"
"30 11.5334.K.030.938","2","1","YES","VJMsg\30 11.5334.K.030.938 | VJMsg\QL30\30 11.5334\30 11.5334.K.030.938"
"30 11.5334.K.030.935","2","1","YES","VJMsg\30 11.5334.K.030.935 | VJMsg\QL30\30 11.5334\30 11.5334.K.030.935"
"30 11.5334.K.030.934","2","1","YES","VJMsg\30 11.5334.K.030.934 | VJMsg\QL30\30 11.5334\30 11.5334.K.030.934"
"30 11.5334.K.030.924","2","1","YES","VJMsg\30 11.5334.K.030.924 | VJMsg\QL30\30 11.5334\30 11.5334.K.030.924"
"30 11.5334.K.030.923","2","1","YES","VJMsg\30 11.5334.K.030.923 | VJMsg\QL30\30 11.5334\30 11.5334.K.030.923"
"30 11.5334.K.030.922","2","1","YES","VJMsg\30 11.5334.K.030.922 | VJMsg\QL30\30 11.5334\30 11.5334.K.030.922"
"30 11.5334.K.030.927","2","1","YES","VJMsg\30 11.5334.K.030.927 | VJMsg\QL30\30 11.5334\30 11.5334.K.030.927"
"30 11.5334.K.030.926","2","1","YES","VJMsg\30 11.5334.K.030.926 | VJMsg\QL30\30 11.5334\30 11.5334.K.030.926"
"30 11.5334.K.030.925","2","1","YES","VJMsg\30 11.5334.K.030.925 | VJMsg\QL30\30 11.5334\30 11.5334.K.030.925"
"30 11.5314.K.400.917","2","1","YES","VJMsg\30 11.5314.K.400.917 | VJMsg\30 11\30 11.5314\400\30 11.5314.K.400.917"
"30 11.5314.K.400.919","2","1","YES","VJMsg\30 11.5314.K.400.919 | VJMsg\30 11\30 11.5314\400\30 11.5314.K.400.919"
"30 11.5334.3.315.951","2","1","YES","VJMsg\30 11.5334.3.315.951 | VJMsg\QL30\30 11.5334\315\30 11.5334.3.315.951"
"30 11.5334.3.315.962","2","1","YES","VJMsg\30 11.5334.3.315.962 | VJMsg\QL30\30 11.5334\315\30 11.5334.3.315.962"
"30 11.5334.3.315.961","2","1","YES","VJMsg\30 11.5334.3.315.961 | VJMsg\QL30\30 11.5334\315\30 11.5334.3.315.961"
"30 11.5314.K.400.913","2","1","YES","VJMsg\30 11.5314.K.400.913 | VJMsg\30 11\30 11.5314\400\30 11.5314.K.400.913"
"30 11.5334.3.315.947","2","1","YES","VJMsg\30 11.5334.3.315.947 | VJMsg\QL30\30 11.5334\315\30 11.5334.3.315.947"
"30 11.5334.3.315.946","2","1","YES","VJMsg\30 11.5334.3.315.946 | VJMsg\QL30\30 11.5334\315\30 11.5334.3.315.946"
"30 11.5334.3.315.944","2","2","NO","VJMsg\30 11.5334.3.315.944 | VJMsg\QL30\30 11.5334\315\30 11.5334.3.315.944"
"30 11.5334.3.315.950","2","1","YES","VJMsg\30 11.5334.3.315.950 | VJMsg\QL30\30 11.5334\315\30 11.5334.3.315.950"
"30 11.5334.3.315.949","2","1","YES","VJMsg\30 11.5334.3.315.949 | VJMsg\QL30\30 11.5334\315\30 11.5334.3.315.949"
"30 11.5334.3.315.948","2","1","YES","VJMsg\30 11.5334.3.315.948 | VJMsg\QL30\30 11.5334\315\30 11.5334.3.315.948"
"30 11.5334.3.325.985","2","1","YES","VJMsg\30 11.5334.3.325.985 | VJMsg\QL30\30 11.5334\30 11.5334.3.325.985"
"30 11.5334.3.315.985","2","1","YES","VJMsg\30 11.5334.3.315.985 | VJMsg\QL30\30 11.5334\315\30 11.5334.3.315.985"
"30 11.5334.3.315.976","2","1","YES","VJMsg\30 11.5334.3.315.976 | VJMsg\QL30\30 11.5334\315\30 11.5334.3.315.976"
"30 11.5334.3.805.954","2","1","YES","VJMsg\30 11.5334.3.805.954 | VJMsg\QL30\30 11.5334\30 11.5334.3.805.954"
"30 11.5334.3.805.940","2","1","YES","VJMsg\30 11.5334.3.805.940 | VJMsg\QL30\30 11.5334\30 11.5334.3.805.940"
"30 11.5334.3.700.912","2","1","YES","VJMsg\30 11.5334.3.700.912 | VJMsg\QL30\30 11.5334\30 11.5334.3.700.912"
"30 11.5334.3.315.965","2","1","YES","VJMsg\30 11.5334.3.315.965 | VJMsg\QL30\30 11.5334\315\30 11.5334.3.315.965"
"30 11.5334.3.315.964","2","2","NO","VJMsg\30 11.5334.3.315.964 | VJMsg\QL30\30 11.5334\315\30 11.5334.3.315.964"
"30 11.5334.3.315.963","2","1","YES","VJMsg\30 11.5334.3.315.963 | VJMsg\QL30\30 11.5334\315\30 11.5334.3.315.963"
"30 11.5334.3.315.971","2","1","YES","VJMsg\30 11.5334.3.315.971 | VJMsg\QL30\30 11.5334\315\30 11.5334.3.315.971"
"30 11.5334.3.315.968","2","1","YES","VJMsg\30 11.5334.3.315.968 | VJMsg\QL30\30 11.5334\315\30 11.5334.3.315.968"
"30 11.5334.3.315.967","2","1","YES","VJMsg\30 11.5334.3.315.967 | VJMsg\QL30\30 11.5334\315\30 11.5334.3.315.967"
"30 11.5324.K.700.911","2","1","YES","VJMsg\30 11.5324.K.700.911 | VJMsg\30 11\30 11.5324\700\30 11.5324.K.700.911"
"30 11.5324.K.700.905","2","1","YES","VJMsg\30 11.5324.K.700.905 | VJMsg\30 11\30 11.5324\700\30 11.5324.K.700.905"
"30 11.5324.K.700.902","2","1","YES","VJMsg\30 11.5324.K.700.902 | VJMsg\30 11\30 11.5324\700\30 11.5324.K.700.902"
"30 11.5324.K.700.916","2","1","YES","VJMsg\30 11.5324.K.700.916 | VJMsg\30 11\30 11.5324\700\30 11.5324.K.700.916"
"30 11.5324.K.700.915","2","1","YES","VJMsg\30 11.5324.K.700.915 | VJMsg\30 11\30 11.5324\700\30 11.5324.K.700.915"
"30 11.5324.K.700.912","2","1","YES","VJMsg\30 11.5324.K.700.912 | VJMsg\30 11\30 11.5324\700\30 11.5324.K.700.912"
"30 11.5324.K.610.911","2","1","YES","VJMsg\30 11.5324.K.610.911 | VJMsg\30 11\30 11.5324\610655\30 11.5324.K.610.911"
"30 11.5324.K.610.910","2","1","YES","VJMsg\30 11.5324.K.610.910 | VJMsg\30 11\30 11.5324\610655\30 11.5324.K.610.910"
"30 11.5324.K.610.909","2","1","YES","VJMsg\30 11.5324.K.610.909 | VJMsg\30 11\30 11.5324\610655\30 11.5324.K.610.909"
"30 11.5324.K.610.914","2","1","YES","VJMsg\30 11.5324.K.610.914 | VJMsg\30 11\30 11.5324\610655\30 11.5324.K.610.914"
"30 11.5324.K.610.913","2","1","YES","VJMsg\30 11.5324.K.610.913 | VJMsg\30 11\30 11.5324\610655\30 11.5324.K.610.913"
"30 11.5324.K.610.912","2","1","YES","VJMsg\30 11.5324.K.610.912 | VJMsg\30 11\30 11.5324\610655\30 11.5324.K.610.912"
"30 11.5324.K.700.927","2","1","YES","VJMsg\30 11.5324.K.700.927 | VJMsg\30 11\30 11.5324\700\30 11.5324.K.700.927"
"30 11.5324.K.700.926","2","1","YES","VJMsg\30 11.5324.K.700.926 | VJMsg\30 11\30 11.5324\700\30 11.5324.K.700.926"
"30 11.5324.K.700.925","2","1","YES","VJMsg\30 11.5324.K.700.925 | VJMsg\30 11\30 11.5324\700\30 11.5324.K.700.925"
"30 11.5324.K.700.930","2","1","YES","VJMsg\30 11.5324.K.700.930 | VJMsg\30 11\30 11.5324\700\30 11.5324.K.700.930"
"30 11.5324.K.700.929","2","1","YES","VJMsg\30 11.5324.K.700.929 | VJMsg\30 11\30 11.5324\700\30 11.5324.K.700.929"
"30 11.5324.K.700.928","2","1","YES","VJMsg\30 11.5324.K.700.928 | VJMsg\30 11\30 11.5324\700\30 11.5324.K.700.928"
"30 11.5324.K.700.919","2","1","YES","VJMsg\30 11.5324.K.700.919 | VJMsg\30 11\30 11.5324\700\30 11.5324.K.700.919"
"30 11.5324.K.700.918","2","1","YES","VJMsg\30 11.5324.K.700.918 | VJMsg\30 11\30 11.5324\700\30 11.5324.K.700.918"
"30 11.5324.K.700.917","2","1","YES","VJMsg\30 11.5324.K.700.917 | VJMsg\30 11\30 11.5324\700\30 11.5324.K.700.917"
"30 11.5324.K.700.924","2","1","YES","VJMsg\30 11.5324.K.700.924 | VJMsg\30 11\30 11.5324\700\30 11.5324.K.700.924"
"30 11.5324.K.700.923","2","1","YES","VJMsg\30 11.5324.K.700.923 | VJMsg\30 11\30 11.5324\700\30 11.5324.K.700.923"
"30 11.5324.K.700.921","2","1","YES","VJMsg\30 11.5324.K.700.921 | VJMsg\30 11\30 11.5324\700\30 11.5324.K.700.921"
"30 11.5324.K.600.916","2","1","YES","VJMsg\30 11.5324.K.600.916 | VJMsg\30 11\30 11.5324\600\30 11.5324.K.600.916"
"30 11.5324.K.600.915","2","1","YES","VJMsg\30 11.5324.K.600.915 | VJMsg\30 11\30 11.5324\600\30 11.5324.K.600.915"
"30 11.5324.K.600.914","2","1","YES","VJMsg\30 11.5324.K.600.914 | VJMsg\30 11\30 11.5324\600\30 11.5324.K.600.914"
"30 11.5324.K.600.920","2","1","YES","VJMsg\30 11.5324.K.600.920 | VJMsg\30 11\30 11.5324\600\30 11.5324.K.600.920"
"30 11.5324.K.600.918","2","1","YES","VJMsg\30 11.5324.K.600.918 | VJMsg\30 11\30 11.5324\600\30 11.5324.K.600.918"
"30 11.5324.K.600.917","2","1","YES","VJMsg\30 11.5324.K.600.917 | VJMsg\30 11\30 11.5324\600\30 11.5324.K.600.917"
"30 11.5324.K.600.907","2","1","YES","VJMsg\30 11.5324.K.600.907 | VJMsg\30 11\30 11.5324\600\30 11.5324.K.600.907"
"30 11.5324.K.600.902","2","1","YES","VJMsg\30 11.5324.K.600.902 | VJMsg\30 11\30 11.5324\600\30 11.5324.K.600.902"
"30 11.5324.K.600.901","2","1","YES","VJMsg\30 11.5324.K.600.901 | VJMsg\30 11\30 11.5324\600\30 11.5324.K.600.901"
"30 11.5324.K.600.913","2","1","YES","VJMsg\30 11.5324.K.600.913 | VJMsg\30 11\30 11.5324\600\30 11.5324.K.600.913"
"30 11.5324.K.600.911","2","1","YES","VJMsg\30 11.5324.K.600.911 | VJMsg\30 11\30 11.5324\600\30 11.5324.K.600.911"
"30 11.5324.K.600.909","2","1","YES","VJMsg\30 11.5324.K.600.909 | VJMsg\30 11\30 11.5324\600\30 11.5324.K.600.909"
"30 11.5324.K.600.931","2","1","YES","VJMsg\30 11.5324.K.600.931 | VJMsg\30 11\30 11.5324\600\30 11.5324.K.600.931"
"30 11.5324.K.600.930","2","1","YES","VJMsg\30 11.5324.K.600.930 | VJMsg\30 11\30 11.5324\600\30 11.5324.K.600.930"
"30 11.5324.K.600.929","2","1","YES","VJMsg\30 11.5324.K.600.929 | VJMsg\30 11\30 11.5324\600\30 11.5324.K.600.929"
"30 11.5324.K.610.905","2","1","YES","VJMsg\30 11.5324.K.610.905 | VJMsg\30 11\30 11.5324\610655\30 11.5324.K.610.905"
"30 11.5324.K.600.933","2","1","YES","VJMsg\30 11.5324.K.600.933 | VJMsg\30 11\30 11.5324\600\30 11.5324.K.600.933"
"30 11.5324.K.600.932","2","1","YES","VJMsg\30 11.5324.K.600.932 | VJMsg\30 11\30 11.5324\600\30 11.5324.K.600.932"
"30 11.5324.K.600.924","2","1","YES","VJMsg\30 11.5324.K.600.924 | VJMsg\30 11\30 11.5324\600\30 11.5324.K.600.924"
"30 11.5324.K.600.922","2","1","YES","VJMsg\30 11.5324.K.600.922 | VJMsg\30 11\30 11.5324\600\30 11.5324.K.600.922"
"30 11.5324.K.600.921","2","1","YES","VJMsg\30 11.5324.K.600.921 | VJMsg\30 11\30 11.5324\600\30 11.5324.K.600.921"
"30 11.5324.K.600.928","2","1","YES","VJMsg\30 11.5324.K.600.928 | VJMsg\30 11\30 11.5324\600\30 11.5324.K.600.928"
"30 11.5324.K.600.927","2","1","YES","VJMsg\30 11.5324.K.600.927 | VJMsg\30 11\30 11.5324\600\30 11.5324.K.600.927"
"30 11.5324.K.600.926","2","1","YES","VJMsg\30 11.5324.K.600.926 | VJMsg\30 11\30 11.5324\600\30 11.5324.K.600.926"
"30 11.5324.K.700.931","2","1","YES","VJMsg\30 11.5324.K.700.931 | VJMsg\30 11\30 11.5324\700\30 11.5324.K.700.931"
"30 11.5324.K.900.912","2","1","YES","VJMsg\30 11.5324.K.900.912 | VJMsg\30 11\30 11.5324\900\30 11.5324.K.900.912"
"30 11.5324.K.900.910","2","1","YES","VJMsg\30 11.5324.K.900.910 | VJMsg\30 11\30 11.5324\900\30 11.5324.K.900.910"
"30 11.5324.K.900.904","2","1","YES","VJMsg\30 11.5324.K.900.904 | VJMsg\30 11\30 11.5324\900\30 11.5324.K.900.904"
"30 11.5324.K.900.915","2","1","YES","VJMsg\30 11.5324.K.900.915 | VJMsg\30 11\30 11.5324\900\30 11.5324.K.900.915"
"30 11.5324.K.900.914","2","1","YES","VJMsg\30 11.5324.K.900.914 | VJMsg\30 11\30 11.5324\900\30 11.5324.K.900.914"
"30 11.5324.K.900.913","2","1","YES","VJMsg\30 11.5324.K.900.913 | VJMsg\30 11\30 11.5324\900\30 11.5324.K.900.913"
"30 11.5324.K.815.935","2","1","YES","VJMsg\30 11.5324.K.815.935 | VJMsg\30 11\30 11.5324\815\30 11.5324.K.815.935"
"30 11.5324.K.815.934","2","1","YES","VJMsg\30 11.5324.K.815.934 | VJMsg\30 11\30 11.5324\815\30 11.5324.K.815.934"
"30 11.5324.K.815.933","2","1","YES","VJMsg\30 11.5324.K.815.933 | VJMsg\30 11\30 11.5324\815\30 11.5324.K.815.933"
"30 11.5324.K.900.902","2","1","YES","VJMsg\30 11.5324.K.900.902 | VJMsg\30 11\30 11.5324\900\30 11.5324.K.900.902"
"30 11.5324.K.900.901","2","1","YES","VJMsg\30 11.5324.K.900.901 | VJMsg\30 11\30 11.5324\900\30 11.5324.K.900.901"
"30 11.5324.K.815.950","2","1","YES","VJMsg\30 11.5324.K.815.950 | VJMsg\30 11\30 11.5324\815\30 11.5324.K.815.950"
"30 11.5324.K.900.949","2","1","YES","VJMsg\30 11.5324.K.900.949 | VJMsg\30 11\30 11.5324\900\30 11.5324.K.900.949"
"30 11.5324.K.900.948","2","1","YES","VJMsg\30 11.5324.K.900.948 | VJMsg\30 11\30 11.5324\900\30 11.5324.K.900.948"
"30 11.5324.K.900.947","2","1","YES","VJMsg\30 11.5324.K.900.947 | VJMsg\30 11\30 11.5324\900\30 11.5324.K.900.947"
"30 11.5324.K.900.955","2","1","YES","VJMsg\30 11.5324.K.900.955 | VJMsg\30 11\30 11.5324\900\30 11.5324.K.900.955"
"30 11.5324.K.900.954","2","1","YES","VJMsg\30 11.5324.K.900.954 | VJMsg\30 11\30 11.5324\900\30 11.5324.K.900.954"
"30 11.5324.K.900.952","2","1","YES","VJMsg\30 11.5324.K.900.952 | VJMsg\30 11\30 11.5324\900\30 11.5324.K.900.952"
"30 11.5324.K.900.934","2","1","YES","VJMsg\30 11.5324.K.900.934 | VJMsg\30 11\30 11.5324\900\30 11.5324.K.900.934"
"30 11.5324.K.900.933","2","1","YES","VJMsg\30 11.5324.K.900.933 | VJMsg\30 11\30 11.5324\900\30 11.5324.K.900.933"
"30 11.5324.K.900.925","2","1","YES","VJMsg\30 11.5324.K.900.925 | VJMsg\30 11\30 11.5324\900\30 11.5324.K.900.925"
"30 11.5324.K.900.946","2","1","YES","VJMsg\30 11.5324.K.900.946 | VJMsg\30 11\30 11.5324\900\30 11.5324.K.900.946"
"30 11.5324.K.900.942","2","1","YES","VJMsg\30 11.5324.K.900.942 | VJMsg\30 11\30 11.5324\900\30 11.5324.K.900.942"
"30 11.5324.K.900.935","2","1","YES","VJMsg\30 11.5324.K.900.935 | VJMsg\30 11\30 11.5324\900\30 11.5324.K.900.935"
"30 11.5324.K.815.915","2","1","YES","VJMsg\30 11.5324.K.815.915 | VJMsg\30 11\30 11.5324\815\30 11.5324.K.815.915"
"30 11.5324.K.815.902","2","1","YES","VJMsg\30 11.5324.K.815.902 | VJMsg\30 11\30 11.5324\815\30 11.5324.K.815.902"
"30 11.5324.K.815.901","2","1","YES","VJMsg\30 11.5324.K.815.901 | VJMsg\30 11\30 11.5324\815\30 11.5324.K.815.901"
"30 11.5324.K.815.920","2","1","YES","VJMsg\30 11.5324.K.815.920 | VJMsg\30 11\30 11.5324\815\30 11.5324.K.815.920"
"30 11.5324.K.815.919","2","1","YES","VJMsg\30 11.5324.K.815.919 | VJMsg\30 11\30 11.5324\815\30 11.5324.K.815.919"
"30 11.5324.K.815.918","2","1","YES","VJMsg\30 11.5324.K.815.918 | VJMsg\30 11\30 11.5324\815\30 11.5324.K.815.918"
"30 11.5324.K.700.935","2","1","YES","VJMsg\30 11.5324.K.700.935 | VJMsg\30 11\30 11.5324\700\30 11.5324.K.700.935"
"30 11.5324.K.700.933","2","1","YES","VJMsg\30 11.5324.K.700.933 | VJMsg\30 11\30 11.5324\700\30 11.5324.K.700.933"
"30 11.5324.K.700.932","2","1","YES","VJMsg\30 11.5324.K.700.932 | VJMsg\30 11\30 11.5324\700\30 11.5324.K.700.932"
"30 11.5324.K.710.973","2","1","YES","VJMsg\30 11.5324.K.710.973 | VJMsg\30 11\30 11.5324\30 11.5324.K.710.973"
"30 11.5324.K.705.929","2","1","YES","VJMsg\30 11.5324.K.705.929 | VJMsg\30 11\30 11.5324\705\30 11.5324.K.705.929"
"30 11.5324.K.705.928","2","1","YES","VJMsg\30 11.5324.K.705.928 | VJMsg\30 11\30 11.5324\705\30 11.5324.K.705.928"
"30 11.5324.K.815.929","2","1","YES","VJMsg\30 11.5324.K.815.929 | VJMsg\30 11\30 11.5324\815\30 11.5324.K.815.929"
"30 11.5324.K.815.928","2","1","YES","VJMsg\30 11.5324.K.815.928 | VJMsg\30 11\30 11.5324\815\30 11.5324.K.815.928"
"30 11.5324.K.815.927","2","1","YES","VJMsg\30 11.5324.K.815.927 | VJMsg\30 11\30 11.5324\815\30 11.5324.K.815.927"
"30 11.5324.K.815.932","2","1","YES","VJMsg\30 11.5324.K.815.932 | VJMsg\30 11\30 11.5324\815\30 11.5324.K.815.932"
"30 11.5324.K.815.931","2","1","YES","VJMsg\30 11.5324.K.815.931 | VJMsg\30 11\30 11.5324\815\30 11.5324.K.815.931"
"30 11.5324.K.815.930","2","1","YES","VJMsg\30 11.5324.K.815.930 | VJMsg\30 11\30 11.5324\815\30 11.5324.K.815.930"
"30 11.5324.K.815.923","2","1","YES","VJMsg\30 11.5324.K.815.923 | VJMsg\30 11\30 11.5324\815\30 11.5324.K.815.923"
"30 11.5324.K.815.922","2","1","YES","VJMsg\30 11.5324.K.815.922 | VJMsg\30 11\30 11.5324\815\30 11.5324.K.815.922"
"30 11.5324.K.815.921","2","1","YES","VJMsg\30 11.5324.K.815.921 | VJMsg\30 11\30 11.5324\815\30 11.5324.K.815.921"
"30 11.5324.K.815.926","2","1","YES","VJMsg\30 11.5324.K.815.926 | VJMsg\30 11\30 11.5324\815\30 11.5324.K.815.926"
"30 11.5324.K.815.925","2","1","YES","VJMsg\30 11.5324.K.815.925 | VJMsg\30 11\30 11.5324\815\30 11.5324.K.815.925"
"30 11.5324.K.815.924","2","1","YES","VJMsg\30 11.5324.K.815.924 | VJMsg\30 11\30 11.5324\815\30 11.5324.K.815.924"
"30 11.5334.K.030.939","2","1","YES","VJMsg\30 11.5334.K.030.939 | VJMsg\QL30\30 11.5334\30 11.5334.K.030.939"
"30 11.6103.K.030.000","2","1","YES","VJMsg\30 11.6103.K.030.000 | VJMsg\30 11\30 11.6103\30 11.6103.K.030.000"
"30 11.6103.K.025.909","2","1","YES","VJMsg\30 11.6103.K.025.909 | VJMsg\30 11\30 11.6103\30 11.6103.K.025.909"
"30 11.6103.K.025.907","2","1","YES","VJMsg\30 11.6103.K.025.907 | VJMsg\30 11\30 11.6103\30 11.6103.K.025.907"
"30 11.6103.K.805.000","2","1","YES","VJMsg\30 11.6103.K.805.000 | VJMsg\30 11\30 11.6103\30 11.6103.K.805.000"
"30 11.6103.K.040.000","2","1","YES","VJMsg\30 11.6103.K.040.000 | VJMsg\30 11\30 11.6103\30 11.6103.K.040.000"
"30 11.6103.K.035.901","2","1","YES","VJMsg\30 11.6103.K.035.901 | VJMsg\30 11\30 11.6103\30 11.6103.K.035.901"
"30 11.6103.K.010.000","2","1","YES","VJMsg\30 11.6103.K.010.000 | VJMsg\30 11\30 11.6103\30 11.6103.K.010.000"
"30 11.6103.K.005.000","2","1","YES","VJMsg\30 11.6103.K.005.000 | VJMsg\30 11\30 11.6103\30 11.6103.K.005.000"
"30 11.6103.3.030.906","2","1","YES","VJMsg\30 11.6103.3.030.906 | VJMsg\30 11\30 11.6103\30 11.6103.3.030.906"
"30 11.6103.K.025.905","2","2","NO","VJMsg\30 11.6103.K.025.905 | VJMsg\30 11\30 11.6103\30 11.6103.K.025.905"
"30 11.6103.K.025.904","2","1","YES","VJMsg\30 11.6103.K.025.904 | VJMsg\30 11\30 11.6103\30 11.6103.K.025.904"
"30 11.6103.K.025.902","2","1","YES","VJMsg\30 11.6103.K.025.902 | VJMsg\30 11\30 11.6103\30 11.6103.K.025.902"
"30 11.6125.3.020.905","2","2","NO","VJMsg\30 11.6125.3.020.905 | VJMsg\30 11\30 铝管\燃油管不 喷漆\30 11.6125.3.020.905"
"30 11.6103.K.825.000","2","1","YES","VJMsg\30 11.6103.K.825.000 | VJMsg\30 11\30 11.6103\30 11.6103.K.825.000"
"30 11.6103.K.820.901","2","2","NO","VJMsg\30 11.6103.K.820.901 | VJMsg\30 11\30 11.6103\30 11.6103.K.820.901"
"30 11.6125.3.455.917","2","1","YES","VJMsg\30 11.6125.3.455.917 | VJMsg\30 11\30 铝管\燃油管不 喷漆\30 11.6125.3.455.917"
"30 11.6125.3.445.919","2","2","NO","VJMsg\30 11.6125.3.445.919 | VJMsg\30 11\30 铝管\燃油管不 喷漆\30 11.6125.3.445.919"
"30 11.6125.3.065.945","2","1","YES","VJMsg\30 11.6125.3.065.945 | VJMsg\30 11\30 直管\ZGBPQ\30 11.6125.3.065.945"
"30 11.6103.K.815.000","2","1","YES","VJMsg\30 11.6103.K.815.000 | VJMsg\30 11\30 11.6103\30 11.6103.K.815.000"
"30 11.6103.K.8109.901","2","1","YES","VJMsg\30 11.6103.K.8109.901 | VJMsg\30 11\30 11.6103\30 11.6103.K.8109.901"
"30 11.6103.K.810.901","2","1","YES","VJMsg\30 11.6103.K.810.901 | VJMsg\30 11\30 11.6103\30 11.6103.K.810.901"
"30 11.6103.K.820.000","2","2","NO","VJMsg\30 11.6103.K.820.000 | VJMsg\30 11\30 11.6103\30 11.6103.K.820.000"
"30 11.6103.K.815.903","2","2","NO","VJMsg\30 11.6103.K.815.903 | VJMsg\30 11\30 11.6103\30 11.6103.K.815.903"
"30 11.6103.K.815.901","2","1","YES","VJMsg\30 11.6103.K.815.901 | VJMsg\30 11\30 11.6103\30 11.6103.K.815.901"
"30 11.6101.K.900.903","2","1","YES","VJMsg\30 11.6101.K.900.903 | VJMsg\30 11\30 直管\HUANG\30 11.6101.K.900.903"
"30 11.6101.7.855.915","2","1","YES","VJMsg\30 11.6101.7.855.915 | VJMsg\30 11\30 11.6101\30 11.6101.7.855.915"
"30 11.6101.7.855.909","2","1","YES","VJMsg\30 11.6101.7.855.909 | VJMsg\30 11\30 11.6101\30 11.6101.7.855.909"
"30 11.6101.K.900.909","2","1","YES","VJMsg\30 11.6101.K.900.909 | VJMsg\30 11\30 直管\HUANG\30 11.6101.K.900.909"
"30 11.6101.K.900.908","2","1","YES","VJMsg\30 11.6101.K.900.908 | VJMsg\30 11\30 直管\HUANG\30 11.6101.K.900.908"
"30 11.6101.K.900.905","2","1","YES","VJMsg\30 11.6101.K.900.905 | VJMsg\30 11\30 直管\HUANG\30 11.6101.K.900.905"
"30 11.5314.K.300.923","2","1","YES","VJMsg\30 11.5314.K.300.923 | VJMsg\30 11\30 11.5314\300\30 11.5314.K.300.923"
"30 11.5314.K.300.924","2","1","YES","VJMsg\30 11.5314.K.300.924 | VJMsg\30 11\30 11.5314\300\30 11.5314.K.300.924"
"30 11.6101.7.805.967","2","1","YES","VJMsg\30 11.6101.7.805.967 | VJMsg\30 11\30 11.6101\30 11.6101.7.805.967"
"30 11.6101.7.835.915","2","1","YES","VJMsg\30 11.6101.7.835.915 | VJMsg\30 11\30 11.6101\30 11.6101.7.835.915"
"30 11.6101.7.835.911","2","1","YES","VJMsg\30 11.6101.7.835.911 | VJMsg\30 11\30 直管\HUANG\30 11.6101.7.835.911"
"30 11.6101.7.835.909","2","1","YES","VJMsg\30 11.6101.7.835.909 | VJMsg\30 11\30 直管\HUANG\30 11.6101.7.835.909"
"30 11.6101.K.900.931","2","1","YES","VJMsg\30 11.6101.K.900.931 | VJMsg\30 11\30 直管\HUANG\30 11.6101.K.900.931"
"30 11.6101.K.900.929","2","1","YES","VJMsg\30 11.6101.K.900.929 | VJMsg\30 11\30 直管\HUANG\30 11.6101.K.900.929"
"30 11.6101.K.900.927","2","1","YES","VJMsg\30 11.6101.K.900.927 | VJMsg\30 11\30 直管\HUANG\30 11.6101.K.900.927"
"30 11.5314.K.300.918","2","1","YES","VJMsg\30 11.5314.K.300.918 | VJMsg\30 11\30 11.5314\300\30 11.5314.K.300.918"
"30 11.5314.K.300.919","2","1","YES","VJMsg\30 11.5314.K.300.919 | VJMsg\30 11\30 11.5314\300\30 11.5314.K.300.919"
"30 11.5314.K.300.920","2","1","YES","VJMsg\30 11.5314.K.300.920 | VJMsg\30 11\30 11.5314\300\30 11.5314.K.300.920"
"30 11.6101.K.900.919","2","1","YES","VJMsg\30 11.6101.K.900.919 | VJMsg\30 11\30 直管\HUANG\30 11.6101.K.900.919"
"30 11.6101.K.900.913","2","1","YES","VJMsg\30 11.6101.K.900.913 | VJMsg\30 11\30 直管\HUANG\30 11.6101.K.900.913"
"30 11.6101.K.900.911","2","2","NO","VJMsg\30 11.6101.K.900.911 | VJMsg\30 11\30 直管\HUANG\30 11.6101.K.900.911"
"30 11.6101.K.900.925","2","1","YES","VJMsg\30 11.6101.K.900.925 | VJMsg\30 11\30 直管\HUANG\30 11.6101.K.900.925"
"30 11.6101.K.900.923","2","1","YES","VJMsg\30 11.6101.K.900.923 | VJMsg\30 11\30 直管\HUANG\30 11.6101.K.900.923"
"30 11.6101.K.900.921","2","1","YES","VJMsg\30 11.6101.K.900.921 | VJMsg\30 11\30 直管\HUANG\30 11.6101.K.900.921"
"30 11.6125.3.455.919","2","1","YES","VJMsg\30 11.6125.3.455.919 | VJMsg\30 11\30 铝管\燃油管不 喷漆\30 11.6125.3.455.919"
"30 11.6130.7.800.940","2","1","YES","VJMsg\30 11.6130.7.800.940 | VJMsg\30 11\6130\30 11.6130.7.800.940"
"30 11.6130.7.800.939","2","1","YES","VJMsg\30 11.6130.7.800.939 | VJMsg\30 11\6130\30 11.6130.7.800.939"
"30 11.6130.7.800.926","2","1","YES","VJMsg\30 11.6130.7.800.926 | VJMsg\30 11\30 直管\HUANG\ZG6130\30 11.6130.7.800.926"
"30 11.6130.7.875.993","2","1","YES","VJMsg\30 11.6130.7.875.993 | VJMsg\30 11\6130\30 11.6130.7.875.993"
"30 11.6130.7.800.942","2","1","YES","VJMsg\30 11.6130.7.800.942 | VJMsg\30 11\6130\30 11.6130.7.800.942"
"30 11.6130.7.800.941","2","1","YES","VJMsg\30 11.6130.7.800.941 | VJMsg\30 11\6130\30 11.6130.7.800.941"
"30 11.6130.3.915.907","2","1","YES","VJMsg\30 11.6130.3.915.907 | VJMsg\30 11\6130\30 11.6130.3.915.907"
"30 11.6130.3.915.906","2","1","YES","VJMsg\30 11.6130.3.915.906 | VJMsg\30 11\6130\30 11.6130.3.915.906"
"30 11.6130.3.880.906","2","1","YES","VJMsg\30 11.6130.3.880.906 | VJMsg\30 11\6130\30 11.6130.3.880.906"
"30 11.6130.7.800.925","2","1","YES","VJMsg\30 11.6130.7.800.925 | VJMsg\30 11\30 直管\HUANG\ZG6130\30 11.6130.7.800.925"
"30 11.6130.5.030.907","2","1","YES","VJMsg\30 11.6130.5.030.907 | VJMsg\30 11\6130\30 11.6130.5.030.907"
"30 11.6130.5.030.906","2","1","YES","VJMsg\30 11.6130.5.030.906 | VJMsg\30 11\6130\30 11.6130.5.030.906"
"30 11.6140.7.195.961","2","1","YES","VJMsg\30 11.6140.7.195.961 | VJMsg\30 11\30 铝管\燃油管不 喷漆\30 11.6140.7.195.961"
"30 11.6140.7.195.957","2","1","YES","VJMsg\30 11.6140.7.195.957 | VJMsg\30 11\30 铝管\燃油管不 喷漆\30 11.6140.7.195.957"
"30 11.6140.7.195.948","2","2","NO","VJMsg\30 11.6140.7.195.948 | VJMsg\30 11\30 铝管\燃油管不 喷漆\30 11.6140.7.195.948"
"30 11.6140.K.815.000","2","1","YES","VJMsg\30 11.6140.K.815.000 | VJMsg\30 11\30 铝管\燃油管不 喷漆\30 11.6140.K.815.000"
"30 11.6140.7.195.969","2","1","YES","VJMsg\30 11.6140.7.195.969 | VJMsg\30 11\30 铝管\燃油管不 喷漆\30 11.6140.7.195.969"
"30 11.6140.7.195.965","2","1","YES","VJMsg\30 11.6140.7.195.965 | VJMsg\30 11\30 铝管\燃油管不 喷漆\30 11.6140.7.195.965"
"30 11.6140.7.050.000","2","1","YES","VJMsg\30 11.6140.7.050.000 | VJMsg\30 11\30 铝管\燃油管不 喷漆\30 11.6140.7.050.000"
"30 11.6140.7.015.000","2","2","NO","VJMsg\30 11.6140.7.015.000 | VJMsg\30 11\30 铝管\燃油管不 喷漆\30 11.6140.7.015.000"
"30 11.5314.K.300.917","2","1","YES","VJMsg\30 11.5314.K.300.917 | VJMsg\30 11\30 11.5314\300\30 11.5314.K.300.917"
"30 11.6140.7.195.927","2","1","YES","VJMsg\30 11.6140.7.195.927 | VJMsg\30 11\30 直管\ZGBPQ\30 11.6140.7.195.927"
"30 11.6140.7.195.910","2","1","YES","VJMsg\30 11.6140.7.195.910 | VJMsg\30 11\30 直管\ZGBPQ\30 11.6140.7.195.910"
"30 11.6140.7.055.000","2","2","NO","VJMsg\30 11.6140.7.055.000 | VJMsg\30 11\30 铝管\燃油管不 喷漆\30 11.6140.7.055.000"
"30 11.6126.K.815.901","2","1","YES","VJMsg\30 11.6126.K.815.901 | VJMsg\30 11\30 铝管\燃油管不 喷漆\30 11.6126.K.815.901"
"30 11.6126.7.820.901","2","1","YES","VJMsg\30 11.6126.7.820.901 | VJMsg\30 11\30 铝管\燃油管不 喷漆\30 11.6126.7.820.901"
"30 11.6126.7.805.963","2","2","NO","VJMsg\30 11.6126.7.805.963 | VJMsg\30 11\30 直管\ZGBPQ\30 11.6126.7.805.963"
"30 11.6130.3.050.000","2","1","YES","VJMsg\30 11.6130.3.050.000 | VJMsg\30 11\6130\30 11.6130.3.050.000"
"30 11.6130.3.030.907","2","1","YES","VJMsg\30 11.6130.3.030.907 | VJMsg\30 11\6130\30 11.6130.3.030.907"
"30 11.6130.3.030.906","2","1","YES","VJMsg\30 11.6130.3.030.906 | VJMsg\30 11\6130\30 11.6130.3.030.906"
"30 11.6126.3.020.905","2","1","YES","VJMsg\30 11.6126.3.020.905 | VJMsg\30 11\30 铝管\燃油管不 喷漆\30 11.6126.3.020.905"
"30 11.6125.7.080.000","2","1","YES","VJMsg\30 11.6125.7.080.000 | VJMsg\30 11\30 铝管\燃油管不 喷漆\30 11.6125.7.080.000"
"30 11.6125.7.025.000","2","1","YES","VJMsg\30 11.6125.7.025.000 | VJMsg\30 11\30 铝管\燃油管不 喷漆\30 11.6125.7.025.000"
"30 11.6126.7.215.000","2","2","NO","VJMsg\30 11.6126.7.215.000 | VJMsg\30 11\30 铝管\燃油管不 喷漆\30 11.6126.7.215.000"
"30 11.6126.3.770.901","2","2","NO","VJMsg\30 11.6126.3.770.901 | VJMsg\30 11\30 铝管\燃油管不 喷漆\30 11.6126.3.770.901"
"30 11.6126.3.765.909","2","2","NO","VJMsg\30 11.6126.3.765.909 | VJMsg\30 11\30 铝管\燃油管不 喷漆\30 11.6126.3.765.909"
"30 11.6130.3.875.970","2","1","YES","VJMsg\30 11.6130.3.875.970 | VJMsg\30 11\30 直管\HUANG\ZG6130\30 11.6130.3.875.970"
"30 11.6130.3.875.969","2","1","YES","VJMsg\30 11.6130.3.875.969 | VJMsg\30 11\30 直管\HUANG\ZG6130\30 11.6130.3.875.969"
"30 11.6130.3.215.914","2","1","YES","VJMsg\30 11.6130.3.215.914 | VJMsg\30 11\6130\30 11.6130.3.215.914"
"30 11.6130.3.880.903","2","1","YES","VJMsg\30 11.6130.3.880.903 | VJMsg\30 11\6130\30 11.6130.3.880.903"
"30 11.6130.3.875.994","2","1","YES","VJMsg\30 11.6130.3.875.994 | VJMsg\30 11\6130\30 11.6130.3.875.994"
"30 11.6130.3.875.993","2","1","YES","VJMsg\30 11.6130.3.875.993 | VJMsg\30 11\6130\30 11.6130.3.875.993"
"30 11.6130.3.055.917","2","1","YES","VJMsg\30 11.6130.3.055.917 | VJMsg\30 11\6130\30 11.6130.3.055.917"
"30 11.6130.3.055.915","2","1","YES","VJMsg\30 11.6130.3.055.915 | VJMsg\30 11\6130\30 11.6130.3.055.915"
"30 11.6130.3.055.914","2","1","YES","VJMsg\30 11.6130.3.055.914 | VJMsg\30 11\6130\30 11.6130.3.055.914"
"30 11.6130.3.215.913","2","1","YES","VJMsg\30 11.6130.3.215.913 | VJMsg\30 11\6130\30 11.6130.3.215.913"
"30 11.6130.3.215.912","2","1","YES","VJMsg\30 11.6130.3.215.912 | VJMsg\30 11\6130\30 11.6130.3.215.912"
"30 11.6130.3.215.911","2","1","YES","VJMsg\30 11.6130.3.215.911 | VJMsg\30 11\6130\30 11.6130.3.215.911"
"30 11.5314.K.400.901","2","1","YES","VJMsg\30 11.5314.K.400.901 | VJMsg\30 11\30 11.5314\400\30 11.5314.K.400.901"
"30 11.5314.K.400.902","2","1","YES","VJMsg\30 11.5314.K.400.902 | VJMsg\30 11\30 11.5314\400\30 11.5314.K.400.902"
"30 11.5334.K.900.903","2","1","YES","VJMsg\30 11.5334.K.900.903 | VJMsg\QL30\30 11.5334\30 11.5334.K.900.903"
"30 11.5314.K.300.957","2","1","YES","VJMsg\30 11.5314.K.300.957 | VJMsg\30 11\30 11.5314\300\30 11.5314.K.300.957"
"30 11.5314.K.300.958","2","1","YES","VJMsg\30 11.5314.K.300.958 | VJMsg\30 11\30 11.5314\300\无色圈\30 11.5314.K.300.958"
"30 11.5314.K.300.960","2","1","YES","VJMsg\30 11.5314.K.300.960 | VJMsg\30 11\30 11.5314\300\30 11.5314.K.300.960"
"30 11.5334.K.815.903","2","1","YES","VJMsg\30 11.5334.K.815.903 | VJMsg\QL30\30 11.5334\30 11.5334.K.815.903"
"30 11.5334.K.815.902","2","1","YES","VJMsg\30 11.5334.K.815.902 | VJMsg\QL30\30 11.5334\30 11.5334.K.815.902"
"30 11.5334.K.705.902","2","1","YES","VJMsg\30 11.5334.K.705.902 | VJMsg\QL30\30 11.5334\30 11.5334.K.705.902"
"30 11.5334.K.900.902","2","1","YES","VJMsg\30 11.5334.K.900.902 | VJMsg\QL30\30 11.5334\30 11.5334.K.900.902"
"30 11.5334.K.900.901","2","1","YES","VJMsg\30 11.5334.K.900.901 | VJMsg\QL30\30 11.5334\30 11.5334.K.900.901"
"30 11.5334.K.815.906","2","1","YES","VJMsg\30 11.5334.K.815.906 | VJMsg\QL30\30 11.5334\30 11.5334.K.815.906"
"30 11.6100.3.870.913","2","1","YES","VJMsg\30 11.6100.3.870.913 | VJMsg\QL30\HUANG\30 11.6100.3.870.913"
"30 11.6100.3.870.911","2","2","NO","VJMsg\30 11.6100.3.870.911 | VJMsg\QL30\HUANG\30 11.6100.3.870.911"
"30 11.6100.3.860.909","2","1","YES","VJMsg\30 11.6100.3.860.909 | VJMsg\QL30\HUANG\30 11.6100.3.860.909"
"30 11.5314.K.300.951","2","1","YES","VJMsg\30 11.5314.K.300.951 | VJMsg\30 11\30 11.5314\300\LV\30 11.5314.K.300.951"
"30 11.5314.K.300.952","2","1","YES","VJMsg\30 11.5314.K.300.952 | VJMsg\30 11\30 11.5314\300\30 11.5314.K.300.952"
"30 11.6100.3.870.915","2","1","YES","VJMsg\30 11.6100.3.870.915 | VJMsg\QL30\HUANG\30 11.6100.3.870.915"
"30 11.5314.K.300.955","2","1","YES","VJMsg\30 11.5314.K.300.955 | VJMsg\30 11\30 11.5314\300\无色圈\30 11.5314.K.300.955"
"30 11.6100.3.585.903","2","1","YES","VJMsg\30 11.6100.3.585.903 | VJMsg\QL30\HUANG\30 11.6100.3.585.903"
"30 11.5314.K.300.956","2","1","YES","VJMsg\30 11.5314.K.300.956 | VJMsg\30 11\30 11.5314\300\30 11.5314.K.300.956"
"30 11.6100.3.855.907","2","1","YES","VJMsg\30 11.6100.3.855.907 | VJMsg\QL30\HUANG\30 11.6100.3.855.907"
"30 11.5314.K.300.953","2","1","YES","VJMsg\30 11.5314.K.300.953 | VJMsg\30 11\30 11.5314\300\30 11.5314.K.300.953"
"30 11.5314.K.300.954","2","1","YES","VJMsg\30 11.5314.K.300.954 | VJMsg\30 11\30 11.5314\300\30 11.5314.K.300.954"
"30 11.5334.K.300.905","2","1","YES","VJMsg\30 11.5334.K.300.905 | VJMsg\QL30\30 11.5334\30 11.5334.K.300.905"
"30 11.5334.K.300.904","2","1","YES","VJMsg\30 11.5334.K.300.904 | VJMsg\QL30\30 11.5334\30 11.5334.K.300.904"
"30 11.5334.K.300.902","2","1","YES","VJMsg\30 11.5334.K.300.902 | VJMsg\QL30\30 11.5334\30 11.5334.K.300.902"
"30 11.5334.K.300.920","2","1","YES","VJMsg\30 11.5334.K.300.920 | VJMsg\QL30\30 11.5334\30 11.5334.K.300.920"
"30 11.5334.K.300.919","2","1","YES","VJMsg\30 11.5334.K.300.919 | VJMsg\QL30\30 11.5334\30 11.5334.K.300.919"
"30 11.5334.K.300.910","2","1","YES","VJMsg\30 11.5334.K.300.910 | VJMsg\QL30\30 11.5334\30 11.5334.K.300.910"
"30 11.5334.K.030.942","2","1","YES","VJMsg\30 11.5334.K.030.942 | VJMsg\QL30\30 11.5334\30 11.5334.K.030.942"
"30 11.5334.K.030.941","2","1","YES","VJMsg\30 11.5334.K.030.941 | VJMsg\QL30\30 11.5334\30 11.5334.K.030.941"
"30 11.5334.K.030.940","2","1","YES","VJMsg\30 11.5334.K.030.940 | VJMsg\QL30\30 11.5334\30 11.5334.K.030.940"
"30 11.5334.K.300.901","2","1","YES","VJMsg\30 11.5334.K.300.901 | VJMsg\QL30\30 11.5334\30 11.5334.K.300.901"
"30 11.5334.K.030.953","2","1","YES","VJMsg\30 11.5334.K.030.953 | VJMsg\QL30\30 11.5334\30 11.5334.K.030.953"
"30 11.5334.K.030.943","2","1","YES","VJMsg\30 11.5334.K.030.943 | VJMsg\QL30\30 11.5334\30 11.5334.K.030.943"
"30 11.5334.K.300.938","2","1","YES","VJMsg\30 11.5334.K.300.938 | VJMsg\QL30\30 11.5334\30 11.5334.K.300.938"
"30 11.5334.K.300.937","2","1","YES","VJMsg\30 11.5334.K.300.937 | VJMsg\QL30\30 11.5334\30 11.5334.K.300.937"
"30 11.5334.K.300.936","2","1","YES","VJMsg\30 11.5334.K.300.936 | VJMsg\QL30\30 11.5334\30 11.5334.K.300.936"
"30 11.5334.K.555.913","2","1","YES","VJMsg\30 11.5334.K.555.913 | VJMsg\QL30\30 11.5334\30 11.5334.K.555.913"
"30 11.5334.K.555.912","2","1","YES","VJMsg\30 11.5334.K.555.912 | VJMsg\QL30\30 11.5334\30 11.5334.K.555.912"
"30 11.5334.K.300.941","2","1","YES","VJMsg\30 11.5334.K.300.941 | VJMsg\QL30\30 11.5334\30 11.5334.K.300.941"
"30 11.5334.K.300.930","2","1","YES","VJMsg\30 11.5334.K.300.930 | VJMsg\QL30\30 11.5334\30 11.5334.K.300.930"
"30 11.5334.K.300.929","2","1","YES","VJMsg\30 11.5334.K.300.929 | VJMsg\QL30\30 11.5334\30 11.5334.K.300.929"
"30 11.5334.K.300.923","2","1","YES","VJMsg\30 11.5334.K.300.923 | VJMsg\QL30\30 11.5334\30 11.5334.K.300.923"
"30 11.5334.K.300.933","2","1","YES","VJMsg\30 11.5334.K.300.933 | VJMsg\QL30\30 11.5334\30 11.5334.K.300.933"
"30 11.5334.K.300.932","2","1","YES","VJMsg\30 11.5334.K.300.932 | VJMsg\QL30\30 11.5334\30 11.5334.K.300.932"
"30 11.5334.K.300.931","2","1","YES","VJMsg\30 11.5334.K.300.931 | VJMsg\QL30\30 11.5334\30 11.5334.K.300.931"
"30 11.6100.3.875.963","2","1","YES","VJMsg\30 11.6100.3.875.963 | VJMsg\QL30\HUANG\30 11.6100.3.875.963"
"30 11.5314.K.300.926","2","1","YES","VJMsg\30 11.5314.K.300.926 | VJMsg\30 11\30 11.5314\300\30 11.5314.K.300.926"
"30 11.5314.K.300.927","2","1","YES","VJMsg\30 11.5314.K.300.927 | VJMsg\30 11\30 11.5314\300\30 11.5314.K.300.927"
"30 11.5314.K.300.930","2","1","YES","VJMsg\30 11.5314.K.300.930 | VJMsg\30 11\30 11.5314\300\30 11.5314.K.300.930"
"30 11.6101.3.985.920","2","1","YES","VJMsg\30 11.6101.3.985.920 | VJMsg\30 11\30 直管\HUANG\30 11.6101.3.985.920"
"30 11.6101.3.985.912","2","1","YES","VJMsg\30 11.6101.3.985.912 | VJMsg\30 11\30 直管\HUANG\30 11.6101.3.985.912"
"30 11.5314.K.300.925","2","1","YES","VJMsg\30 11.5314.K.300.925 | VJMsg\30 11\30 11.5314\300\30 11.5314.K.300.925"
"30 11.6100.K.805.917","2","1","YES","VJMsg\30 11.6100.K.805.917 | VJMsg\30 11\30 直管\HUANG\ZG6100\30 11.6100.K.805.917"
"30 11.6100.K.805.911","2","1","YES","VJMsg\30 11.6100.K.805.911 | VJMsg\30 11\30 直管\HUANG\ZG6100\30 11.6100.K.805.911"
"30 11.6100.K.805.909","2","1","YES","VJMsg\30 11.6100.K.805.909 | VJMsg\30 11\30 直管\HUANG\ZG6100\30 11.6100.K.805.909"
"30 11.5314.K.300.931","2","1","YES","VJMsg\30 11.5314.K.300.931 | VJMsg\30 11\30 11.5314\300\30 11.5314.K.300.931"
"30 11.5314.K.300.934","2","1","YES","VJMsg\30 11.5314.K.300.934 | VJMsg\30 11\30 11.5314\300\30 11.5314.K.300.934"
"30 11.5314.K.300.935","2","1","YES","VJMsg\30 11.5314.K.300.935 | VJMsg\30 11\30 11.5314\300\30 11.5314.K.300.935"
"30 11.6101.7.805.947","2","1","YES","VJMsg\30 11.6101.7.805.947 | VJMsg\30 11\30 直管\HUANG\30 11.6101.7.805.947"
"30 11.6101.7.805.943","2","1","YES","VJMsg\30 11.6101.7.805.943 | VJMsg\30 11\30 直管\HUANG\30 11.6101.7.805.943"
"30 11.6101.7.805.942","2","1","YES","VJMsg\30 11.6101.7.805.942 | VJMsg\30 11\30 直管\HUANG\30 11.6101.7.805.942"
"30 11.6101.7.805.959","2","1","YES","VJMsg\30 11.6101.7.805.959 | VJMsg\30 11\30 直管\HUANG\30 11.6101.7.805.959"
"30 11.6101.7.805.949","2","1","YES","VJMsg\30 11.6101.7.805.949 | VJMsg\30 11\30 直管\HUANG\30 11.6101.7.805.949"
"30 11.6101.7.805.948","2","1","YES","VJMsg\30 11.6101.7.805.948 | VJMsg\30 11\30 直管\HUANG\30 11.6101.7.805.948"
"30 11.6101.7.805.911","2","1","YES","VJMsg\30 11.6101.7.805.911 | VJMsg\30 11\30 直管\HUANG\30 11.6101.7.805.911"
"30 11.6101.7.805.909","2","1","YES","VJMsg\30 11.6101.7.805.909 | VJMsg\30 11\30 直管\HUANG\30 11.6101.7.805.909"
"30 11.6101.7.805.905","2","1","YES","VJMsg\30 11.6101.7.805.905 | VJMsg\30 11\30 直管\HUANG\30 11.6101.7.805.905"
"30 11.6101.7.805.921","2","1","YES","VJMsg\30 11.6101.7.805.921 | VJMsg\30 11\30 直管\HUANG\30 11.6101.7.805.921"
"30 11.6101.7.805.919","2","1","YES","VJMsg\30 11.6101.7.805.919 | VJMsg\30 11\30 直管\HUANG\30 11.6101.7.805.919"
"30 11.6101.7.805.913","2","1","YES","VJMsg\30 11.6101.7.805.913 | VJMsg\30 11\30 直管\HUANG\30 11.6101.7.805.913"
"30 11.5314.K.300.950","2","1","YES","VJMsg\30 11.5314.K.300.950 | VJMsg\30 11\30 11.5314\300\30 11.5314.K.300.950"
"30 11.6100.3.885.919","2","1","YES","VJMsg\30 11.6100.3.885.919 | VJMsg\30 11\30 直管\HUANG\ZG6100\30 11.6100.3.885.919"
"30 11.6100.3.880.967","2","1","YES","VJMsg\30 11.6100.3.880.967 | VJMsg\30 11\30 铝管\燃油管黄\30 11.6100\30 11.6100.3.880.967"
"30 11.5314.K.300.947","2","1","YES","VJMsg\30 11.5314.K.300.947 | VJMsg\30 11\30 铝管\LG5314  30浅灰\30 11.5314.K.300.947"
"30 11.5314.K.300.948","2","1","YES","VJMsg\30 11.5314.K.300.948 | VJMsg\30 11\30 11.5314\300\30 11.5314.K.300.948"
"30 11.5314.K.300.949","2","1","YES","VJMsg\30 11.5314.K.300.949 | VJMsg\30 11\30 11.5314\300\30 11.5314.K.300.949"
"30 11.6100.3.875.971","2","1","YES","VJMsg\30 11.6100.3.875.971 | VJMsg\QL30\HUANG\30 11.6100.3.875.971"
"30 11.6100.3.875.969","2","1","YES","VJMsg\30 11.6100.3.875.969 | VJMsg\QL30\HUANG\30 11.6100.3.875.969"
"30 11.6100.3.875.967","2","1","YES","VJMsg\30 11.6100.3.875.967 | VJMsg\QL30\HUANG\30 11.6100.3.875.967"
"30 11.6100.3.880.959","2","1","YES","VJMsg\30 11.6100.3.880.959 | VJMsg\30 11\30 直管\HUANG\ZG6100\30 11.6100.3.880.959"
"30 11.6100.3.880.957","2","1","YES","VJMsg\30 11.6100.3.880.957 | VJMsg\30 11\30 直管\HUANG\ZG6100\30 11.6100.3.880.957"
"30 11.6100.3.880.941","2","1","YES","VJMsg\30 11.6100.3.880.941 | VJMsg\30 11\30 直管\HUANG\ZG6100\30 11.6100.3.880.941"
"30 11.5314.K.300.939","2","1","YES","VJMsg\30 11.5314.K.300.939 | VJMsg\30 11\30 11.5314\300\30 11.5314.K.300.939"
"30 11.6100.K.800.901","2","1","YES","VJMsg\30 11.6100.K.800.901 | VJMsg\30 11\30 直管\HUANG\ZG6100\30 11.6100.K.800.901"
"30 11.5314.K.300.940","2","1","YES","VJMsg\30 11.5314.K.300.940 | VJMsg\30 11\30 11.5314\300\30 11.5314.K.300.940"
"30 11.5314.K.300.936","2","1","YES","VJMsg\30 11.5314.K.300.936 | VJMsg\30 11\30 11.5314\300\30 11.5314.K.300.936"
"30 11.5314.K.300.937","2","1","YES","VJMsg\30 11.5314.K.300.937 | VJMsg\30 11\30 11.5314\300\LV\30 11.5314.K.300.937"
"30 11.5314.K.300.938","2","1","YES","VJMsg\30 11.5314.K.300.938 | VJMsg\30 11\30 11.5314\300\30 11.5314.K.300.938"
"30 11.5314.K.300.944","2","1","YES","VJMsg\30 11.5314.K.300.944 | VJMsg\30 11\30 11.5314\300\30 11.5314.K.300.944"
"30 11.5314.K.300.945","2","1","YES","VJMsg\30 11.5314.K.300.945 | VJMsg\30 11\30 11.5314\300\30 11.5314.K.300.945"
"30 11.5314.K.300.946","2","1","YES","VJMsg\30 11.5314.K.300.946 | VJMsg\30 11\30 11.5314\300\30 11.5314.K.300.946"
"30 11.5314.K.300.941","2","1","YES","VJMsg\30 11.5314.K.300.941 | VJMsg\30 11\30 11.5314\300\30 11.5314.K.300.941"
"30 11.5314.K.300.942","2","1","YES","VJMsg\30 11.5314.K.300.942 | VJMsg\30 11\30 11.5314\300\30 11.5314.K.300.942"
"30 11.5314.K.300.943","2","1","YES","VJMsg\30 11.5314.K.300.943 | VJMsg\30 11\30 11.5314\300\30 11.5314.K.300.943"
"30 11.5324.K.555.905","2","1","YES","VJMsg\30 11.5324.K.555.905 | VJMsg\30 11\30 11.5324\555\30 11.5324.K.555.905"
"30 11.5324.3.325.962","2","1","YES","VJMsg\30 11.5324.3.325.962 | VJMsg\30 11\30 铝管\5324LG  30浅灰\LG5324  30\30 11.5324.3.325.962"
"30 11.5324.3.325.961","2","1","YES","VJMsg\30 11.5324.3.325.961 | VJMsg\30 11\30 11.5324\325\30 11.5324.3.325.961"
"30 11.5324.3.325.960","2","1","YES","VJMsg\30 11.5324.3.325.960 | VJMsg\30 11\30 直管\5324QH\30 11.5324.3.325.960"
"30 11.5324.3.325.966","2","1","YES","VJMsg\30 11.5324.3.325.966 | VJMsg\30 11\30 11.5324\325\30 11.5324.3.325.966"
"30 11.5324.3.325.964","2","1","YES","VJMsg\30 11.5324.3.325.964 | VJMsg\30 11\30 11.5324\325\30 11.5324.3.325.964"
"30 11.5324.3.325.963","2","1","YES","VJMsg\30 11.5324.3.325.963 | VJMsg\30 11\30 直管\5324QH\30 11.5324.3.325.963"
"30 11.5324.3.325.956","2","1","YES","VJMsg\30 11.5324.3.325.956 | VJMsg\30 11\30 11.5324\325\30 11.5324.3.325.956"
"30 11.5324.3.325.952","2","1","YES","VJMsg\30 11.5324.3.325.952 | VJMsg\30 11\30 11.5324\325\30 11.5324.3.325.952"
"30 11.5324.3.325.950","2","1","YES","VJMsg\30 11.5324.3.325.950 | VJMsg\30 11\30 11.5324\325\30 11.5324.3.325.950"
"30 11.5324.3.325.959","2","1","YES","VJMsg\30 11.5324.3.325.959 | VJMsg\30 11\30 铝管\5324LG  30浅灰\LG5324  30\30 11.5324.3.325.959"
"30 11.5324.3.325.958","2","1","YES","VJMsg\30 11.5324.3.325.958 | VJMsg\30 11\30 11.5324\325\30 11.5324.3.325.958"
"30 11.5324.3.325.957","2","1","YES","VJMsg\30 11.5324.3.325.957 | VJMsg\30 11\30 11.5324\325\30 11.5324.3.325.957"
"30 11.5324.3.325.981","2","1","YES","VJMsg\30 11.5324.3.325.981 | VJMsg\30 11\30 铝管\5324LG  30浅灰\LG5324  30\30 11.5324.3.325.981"
"30 11.5324.3.325.980","2","1","YES","VJMsg\30 11.5324.3.325.980 | VJMsg\30 11\30 11.5324\325\30 11.5324.3.325.980"
"30 11.5324.3.325.979","2","1","YES","VJMsg\30 11.5324.3.325.979 | VJMsg\30 11\30 11.5324\325\30 11.5324.3.325.979"
"30 11.5324.3.445.907","2","1","YES","VJMsg\30 11.5324.3.445.907 | VJMsg\30 11\30 11.5324\445\30 11.5324.3.445.907"
"30 11.5324.3.445.906","2","1","YES","VJMsg\30 11.5324.3.445.906 | VJMsg\30 11\30 11.5324\445\30 11.5324.3.445.906"
"30 11.5324.3.445.905","2","1","YES","VJMsg\30 11.5324.3.445.905 | VJMsg\30 11\30 11.5324\445\30 11.5324.3.445.905"
"30 11.5324.3.325.974","2","1","YES","VJMsg\30 11.5324.3.325.974 | VJMsg\30 11\30 铝管\5324LG  30浅灰\LG5324  30\30 11.5324.3.325.974"
"30 11.5324.3.325.973","2","1","YES","VJMsg\30 11.5324.3.325.973 | VJMsg\30 11\30 铝管\5324LG  30浅灰\LG5324  30\30 11.5324.3.325.973"
"30 11.5324.3.325.972","2","1","YES","VJMsg\30 11.5324.3.325.972 | VJMsg\30 11\30 11.5324\325\30 11.5324.3.325.972"
"30 11.5324.3.325.977","2","1","YES","VJMsg\30 11.5324.3.325.977 | VJMsg\30 11\30 11.5324\325\30 11.5324.3.325.977"
"30 11.5324.3.325.976","2","1","YES","VJMsg\30 11.5324.3.325.976 | VJMsg\30 11\30 直管\5324QH\30 11.5324.3.325.976"
"30 11.5324.3.325.975","2","1","YES","VJMsg\30 11.5324.3.325.975 | VJMsg\30 11\30 11.5324\325\30 11.5324.3.325.975"
"30 11.5314.K.900.921","2","1","YES","VJMsg\30 11.5314.K.900.921 | VJMsg\30 11\30 11.5314\900\30 11.5314.K.900.921"
"30 11.5314.K.900.920","2","1","YES","VJMsg\30 11.5314.K.900.920 | VJMsg\30 11\30 11.5314\900\30 11.5314.K.900.920"
"30 11.5314.K.900.919","2","1","YES","VJMsg\30 11.5314.K.900.919 | VJMsg\30 11\30 11.5314\900\LV\30 11.5314.K.900.919"
"30 11.5314.n.005.902","2","1","YES","VJMsg\30 11.5314.n.005.902 | VJMsg\30 11\30 11.5314\005\lv\30 11.5314.n.005.902"
"30 11.5314.K.600.909","2","1","YES","VJMsg\30 11.5314.K.600.909 | VJMsg\30 11\30 11.5314\600\30 11.5314.K.600.909"
"30 11.5314.K.600.910","2","1","YES","VJMsg\30 11.5314.K.600.910 | VJMsg\30 11\30 11.5314\600\30 11.5314.K.600.910"
"30 11.5314.K.900.913","2","1","YES","VJMsg\30 11.5314.K.900.913 | VJMsg\30 11\30 11.5314\900\30 11.5314.K.900.913"
"30 11.5314.K.900.906","2","1","YES","VJMsg\30 11.5314.K.900.906 | VJMsg\30 11\30 11.5314\900\30 11.5314.K.900.906"
"30 11.5314.K.900.905","2","1","YES","VJMsg\30 11.5314.K.900.905 | VJMsg\30 11\30 11.5314\900\LV\30 11.5314.K.900.905"
"30 11.5314.K.900.918","2","1","YES","VJMsg\30 11.5314.K.900.918 | VJMsg\30 11\30 11.5314\900\LV\30 11.5314.K.900.918"
"30 11.5314.K.900.915","2","1","YES","VJMsg\30 11.5314.K.900.915 | VJMsg\30 11\30 11.5314\900\LV\30 11.5314.K.900.915"
"30 11.5314.K.900.914","2","1","YES","VJMsg\30 11.5314.K.900.914 | VJMsg\30 11\30 11.5314\900\30 11.5314.K.900.914"
"30 11.5318.3.975.901","2","1","YES","VJMsg\30 11.5318.3.975.901 | VJMsg\QL30\QH\30 11.5318.3.975.901"
"30 11.5318.3.970.903","2","1","YES","VJMsg\30 11.5318.3.970.903 | VJMsg\QL30\QH\30 11.5318.3.970.903"
"30 11.5318.3.935.904","2","1","YES","VJMsg\30 11.5318.3.935.904 | VJMsg\30 11\30 直管\浅灰\30 11.5318.3.935.904"
"30 11.5324.3.325.910","2","1","YES","VJMsg\30 11.5324.3.325.910 | VJMsg\30 11\30 11.5324\325\30 11.5324.3.325.910"
"30 11.5318.K.880.000","2","1","YES","VJMsg\30 11.5318.K.880.000 | VJMsg\QL30\QH\30 11.5318.K.880.000"
"30 11.5318.K.865.000","2","1","YES","VJMsg\30 11.5318.K.865.000 | VJMsg\QL30\QH\30 11.5318.K.865.000"
"30 11.5314.n.005.907","2","1","YES","VJMsg\30 11.5314.n.005.907 | VJMsg\30 11\30 11.5314\005\30 11.5314.n.005.907"
"30 11.5314.n.005.905","2","1","YES","VJMsg\30 11.5314.n.005.905 | VJMsg\30 11\30 11.5314\005\lv\30 11.5314.n.005.905"
"30 11.5314.n.005.904","2","1","YES","VJMsg\30 11.5314.n.005.904 | VJMsg\30 11\30 11.5314\005\30 11.5314.n.005.904"
"30 11.5318.3.935.903","2","1","YES","VJMsg\30 11.5318.3.935.903 | VJMsg\30 11\30 直管\浅灰\30 11.5318.3.935.903"
"30 11.5317.K.880.000","2","1","YES","VJMsg\30 11.5317.K.880.000 | VJMsg\QL30\QH\30 11.5317.K.880.000"
"30 11.5317.K.865.000","2","1","YES","VJMsg\30 11.5317.K.865.000 | VJMsg\QL30\QH\30 11.5317.K.865.000"
"30 11.5324.3.445.908","2","1","YES","VJMsg\30 11.5324.3.445.908 | VJMsg\30 11\30 11.5324\445\30 11.5324.3.445.908"
"30 11.5324.3.565.903","2","1","YES","VJMsg\30 11.5324.3.565.903 | VJMsg\30 11\30 11.5324\新建文件夹\30 11.5324.3.565.903"
"30 11.5324.3.565.902","2","1","YES","VJMsg\30 11.5324.3.565.902 | VJMsg\30 11\30 11.5324\新建文件夹\30 11.5324.3.565.902"
"30 11.5324.3.565.901","2","1","YES","VJMsg\30 11.5324.3.565.901 | VJMsg\30 11\30 11.5324\新建文件夹\30 11.5324.3.565.901"
"30 11.5324.3.570.902","2","1","YES","VJMsg\30 11.5324.3.570.902 | VJMsg\30红牌\TL\30 11.5324.3.570.902"
"30 11.5324.3.570.901","2","1","YES","VJMsg\30 11.5324.3.570.901 | VJMsg\30 11\30 11.5324\30 11.5324.3.570.901"
"30 11.5324.3.565.904","2","1","YES","VJMsg\30 11.5324.3.565.904 | VJMsg\30 11\30 11.5324\新建文件夹\30 11.5324.3.565.904"
"30 11.5324.3.445.952","2","1","YES","VJMsg\30 11.5324.3.445.952 | VJMsg\30 11\30 11.5324\445\30 11.5324.3.445.952"
"30 11.5324.3.445.951","2","1","YES","VJMsg\30 11.5324.3.445.951 | VJMsg\30 11\30 11.5324\445\30 11.5324.3.445.951"
"30 11.5324.3.445.950","2","1","YES","VJMsg\30 11.5324.3.445.950 | VJMsg\30 11\30 11.5324\445\30 11.5324.3.445.950"
"30 11.5324.3.555.953","2","1","YES","VJMsg\30 11.5324.3.555.953 | VJMsg\30红牌\褐\30 11.5324.3.555.953"
"30 11.5324.3.555.914","2","1","YES","VJMsg\30 11.5324.3.555.914 | VJMsg\30红牌\褐\30 11.5324.3.555.914"
"30 11.5324.3.445.953","2","1","YES","VJMsg\30 11.5324.3.445.953 | VJMsg\30 11\30 11.5324\445\30 11.5324.3.445.953"
"30 11.5324.3.710.929","2","1","YES","VJMsg\30 11.5324.3.710.929 | VJMsg\30 11\30 11.5324\710720\30 11.5324.3.710.929"
"30 11.5324.3.710.928","2","1","YES","VJMsg\30 11.5324.3.710.928 | VJMsg\30 11\30 11.5324\710720\30 11.5324.3.710.928"
"30 11.5324.3.655.990","2","1","YES","VJMsg\30 11.5324.3.655.990 | VJMsg\30 11\30 11.5324\3610655\30 11.5324.3.655.990"
"30 11.5324.3.710.963","2","1","YES","VJMsg\30 11.5324.3.710.963 | VJMsg\30 11\30 11.5324\710720\30 11.5324.3.710.963"
"30 11.5324.3.710.959","2","1","YES","VJMsg\30 11.5324.3.710.959 | VJMsg\30 11\30 11.5324\710720\30 11.5324.3.710.959"
"30 11.5324.3.710.939","2","1","YES","VJMsg\30 11.5324.3.710.939 | VJMsg\30 11\30 11.5324\710720\30 11.5324.3.710.939"
"30 11.5324.3.570.905","2","1","YES","VJMsg\30 11.5324.3.570.905 | VJMsg\30 11\30 11.5324\30 11.5324.3.570.905"
"30 11.5324.3.570.904","2","1","YES","VJMsg\30 11.5324.3.570.904 | VJMsg\30红牌\TL\30 11.5324.3.570.904"
"30 11.5324.3.570.903","2","2","NO","VJMsg\30 11.5324.3.570.903 | VJMsg\30 11\30 11.5324\30 11.5324.3.570.903"
"30 11.5314.K.600.902","2","1","YES","VJMsg\30 11.5314.K.600.902 | VJMsg\30 11\30 11.5314\600\30 11.5314.K.600.902"
"30 11.5324.3.610.960","2","1","YES","VJMsg\30 11.5324.3.610.960 | VJMsg\30 11\30 11.5324\3610655\30 11.5324.3.610.960"
"30 11.5324.3.610.930","2","1","YES","VJMsg\30 11.5324.3.610.930 | VJMsg\30 11\30 11.5324\3610655\30 11.5324.3.610.930"
"30 11.5324.3.445.928","2","1","YES","VJMsg\30 11.5324.3.445.928 | VJMsg\30 11\30 11.5324\445\30 11.5324.3.445.928"
"30 11.5324.3.445.927","2","1","YES","VJMsg\30 11.5324.3.445.927 | VJMsg\30 11\30 11.5324\445\30 11.5324.3.445.927"
"30 11.5324.3.445.926","2","1","YES","VJMsg\30 11.5324.3.445.926 | VJMsg\30 11\30 11.5324\445\30 11.5324.3.445.926"
"30 11.5314.K.600.905","2","1","YES","VJMsg\30 11.5314.K.600.905 | VJMsg\30 11\30 11.5314\600\30 11.5314.K.600.905"
"30 11.5314.K.600.906","2","1","YES","VJMsg\30 11.5314.K.600.906 | VJMsg\30 11\30 11.5314\600\30 11.5314.K.600.906"
"30 11.5314.K.600.907","2","1","YES","VJMsg\30 11.5314.K.600.907 | VJMsg\30 11\30 11.5314\600\30 11.5314.K.600.907"
"30 11.5324.3.445.922","2","1","YES","VJMsg\30 11.5324.3.445.922 | VJMsg\30 11\30 11.5324\445\30 11.5324.3.445.922"
"30 11.5324.3.445.920","2","1","YES","VJMsg\30 11.5324.3.445.920 | VJMsg\30 11\30 铝管\5324LG  30浅灰\LG5324  30\30 11.5324.3.445.920"
"30 11.5324.3.445.911","2","1","YES","VJMsg\30 11.5324.3.445.911 | VJMsg\30 11\30 11.5324\445\30 11.5324.3.445.911"
"30 11.5324.3.445.925","2","1","YES","VJMsg\30 11.5324.3.445.925 | VJMsg\30 11\30 11.5324\445\30 11.5324.3.445.925"
"30 11.5324.3.445.924","2","1","YES","VJMsg\30 11.5324.3.445.924 | VJMsg\30 11\30 铝管\5324LG  30浅灰\LG5324  30\30 11.5324.3.445.924"
"30 11.5324.3.445.923","2","1","YES","VJMsg\30 11.5324.3.445.923 | VJMsg\30 11\30 11.5324\445\30 11.5324.3.445.923"
"30 11.5324.3.445.941","2","2","NO","VJMsg\30 11.5324.3.445.941 | VJMsg\30 11\30 11.5324\445\30 11.5324.3.445.941"
"30 11.5324.3.445.940","2","1","YES","VJMsg\30 11.5324.3.445.940 | VJMsg\30 11\30 11.5324\445\30 11.5324.3.445.940"
"30 11.5324.3.445.939","2","1","YES","VJMsg\30 11.5324.3.445.939 | VJMsg\30 11\30 11.5324\445\30 11.5324.3.445.939"
"30 11.5324.3.445.949","2","1","YES","VJMsg\30 11.5324.3.445.949 | VJMsg\30 11\30 11.5324\445\30 11.5324.3.445.949"
"30 11.5324.3.445.944","2","2","NO","VJMsg\30 11.5324.3.445.944 | VJMsg\30 11\30 11.5324\445\30 11.5324.3.445.944"
"30 11.5324.3.445.943","2","1","YES","VJMsg\30 11.5324.3.445.943 | VJMsg\30 11\30 11.5324\445\30 11.5324.3.445.943"
"30 11.5324.3.445.935","2","1","YES","VJMsg\30 11.5324.3.445.935 | VJMsg\30 11\30 11.5324\445\30 11.5324.3.445.935"
"30 11.5314.K.600.903","2","1","YES","VJMsg\30 11.5314.K.600.903 | VJMsg\30 11\30 11.5314\600\30 11.5314.K.600.903"
"30 11.5324.3.445.932","2","1","YES","VJMsg\30 11.5324.3.445.932 | VJMsg\30 11\30 11.5324\445\30 11.5324.3.445.932"
"30 11.5324.3.445.938","2","1","YES","VJMsg\30 11.5324.3.445.938 | VJMsg\30 11\30 11.5324\445\30 11.5324.3.445.938"
"30 11.5324.3.445.937","2","1","YES","VJMsg\30 11.5324.3.445.937 | VJMsg\30 11\30 11.5324\445\30 11.5324.3.445.937"
"30 11.5324.3.445.936","2","1","YES","VJMsg\30 11.5324.3.445.936 | VJMsg\30 11\30 11.5324\445\30 11.5324.3.445.936"
"30 11.5314.K.700.928","2","1","YES","VJMsg\30 11.5314.K.700.928 | VJMsg\30 11\30 11.5314\700\30 11.5314.K.700.928"
"30 11.5314.K.700.927","2","1","YES","VJMsg\30 11.5314.K.700.927 | VJMsg\30 11\30 11.5314\700\LV\30 11.5314.K.700.927"
"30 11.5314.K.700.922","2","1","YES","VJMsg\30 11.5314.K.700.922 | VJMsg\30 11\30 11.5314\700\30 11.5314.K.700.922"
"30 11.5314.K.700.931","2","1","YES","VJMsg\30 11.5314.K.700.931 | VJMsg\30 11\30 11.5314\700\LV\30 11.5314.K.700.931"
"30 11.5314.K.700.930","2","1","YES","VJMsg\30 11.5314.K.700.930 | VJMsg\30 11\30 11.5314\700\LV\30 11.5314.K.700.930"
"30 11.5314.K.700.929","2","1","YES","VJMsg\30 11.5314.K.700.929 | VJMsg\30 11\30 11.5314\700\LV\30 11.5314.K.700.929"
"30 11.5314.K.700.916","2","1","YES","VJMsg\30 11.5314.K.700.916 | VJMsg\30 11\30 11.5314\700\LV\30 11.5314.K.700.916"
"30 11.5314.K.700.915","2","1","YES","VJMsg\30 11.5314.K.700.915 | VJMsg\30 11\30 11.5314\700\LV\30 11.5314.K.700.915"
"30 11.5314.K.700.914","2","1","YES","VJMsg\30 11.5314.K.700.914 | VJMsg\30 11\30 11.5314\700\LV\30 11.5314.K.700.914"
"30 11.5314.K.700.921","2","1","YES","VJMsg\30 11.5314.K.700.921 | VJMsg\30 11\30 11.5314\700\30 11.5314.K.700.921"
"30 11.5314.K.600.912","2","1","YES","VJMsg\30 11.5314.K.600.912 | VJMsg\30 11\30 11.5314\600\LV\30 11.5314.K.600.912"
"30 11.5314.K.700.917","2","1","YES","VJMsg\30 11.5314.K.700.917 | VJMsg\30 11\30 11.5314\700\LV\30 11.5314.K.700.917"
"30 11.5314.K.815.919","2","1","YES","VJMsg\30 11.5314.K.815.919 | VJMsg\30 11\30 11.5314\815\30 11.5314.K.815.919"
"30 11.5314.K.815.912","2","1","YES","VJMsg\30 11.5314.K.815.912 | VJMsg\30 11\30 11.5314\815\LV\30 11.5314.K.815.912"
"30 11.5314.K.815.911","2","1","YES","VJMsg\30 11.5314.K.815.911 | VJMsg\30 11\30 11.5314\815\30 11.5314.K.815.911"
"30 11.5314.K.815.939","2","1","YES","VJMsg\30 11.5314.K.815.939 | VJMsg\30 11\30 11.5314\815\30 11.5314.K.815.939"
"30 11.5314.K.815.937","2","1","YES","VJMsg\30 11.5314.K.815.937 | VJMsg\30 11\30 11.5314\815\30 11.5314.K.815.937"
"30 11.5314.K.815.935","2","1","YES","VJMsg\30 11.5314.K.815.935 | VJMsg\30 11\30 11.5314\815\30 11.5314.K.815.935"
"30 11.5314.K.700.934","2","1","YES","VJMsg\30 11.5314.K.700.934 | VJMsg\30 11\30 11.5314\700\LV\30 11.5314.K.700.934"
"30 11.5314.K.700.933","2","1","YES","VJMsg\30 11.5314.K.700.933 | VJMsg\30 11\30 11.5314\700\30 11.5314.K.700.933"
"30 11.5314.K.700.932","2","1","YES","VJMsg\30 11.5314.K.700.932 | VJMsg\30 11\30 11.5314\700\30 11.5314.K.700.932"
"30 11.5314.K.815.905","2","1","YES","VJMsg\30 11.5314.K.815.905 | VJMsg\30 11\30 11.5314\815\30 11.5314.K.815.905"
"30 11.5314.K.815.903","2","1","YES","VJMsg\30 11.5314.K.815.903 | VJMsg\30 11\30 11.5314\815\30 11.5314.K.815.903"
"30 11.5314.K.700.935","2","1","YES","VJMsg\30 11.5314.K.700.935 | VJMsg\30 11\30 11.5314\700\30 11.5314.K.700.935"
"30 11.5314.K.600.932","2","1","YES","VJMsg\30 11.5314.K.600.932 | VJMsg\30 11\30 11.5314\600\30 11.5314.K.600.932"
"30 11.5314.K.600.931","2","1","YES","VJMsg\30 11.5314.K.600.931 | VJMsg\30 11\30 11.5314\600\30 11.5314.K.600.931"
"30 11.5314.K.600.928","2","1","YES","VJMsg\30 11.5314.K.600.928 | VJMsg\30 11\30 11.5314\600\LV\30 11.5314.K.600.928"
"30 11.5314.K.600.937","2","1","YES","VJMsg\30 11.5314.K.600.937 | VJMsg\30 11\30 11.5314\600\30 11.5314.K.600.937"
"30 11.5314.K.600.936","2","1","YES","VJMsg\30 11.5314.K.600.936 | VJMsg\30 11\30 11.5314\600\30 11.5314.K.600.936"
"30 11.5314.K.600.935","2","1","YES","VJMsg\30 11.5314.K.600.935 | VJMsg\30 11\30 11.5314\600\30 11.5314.K.600.935"
"30 11.5314.K.600.921","2","1","YES","VJMsg\30 11.5314.K.600.921 | VJMsg\30 11\30 11.5314\600\30 11.5314.K.600.921"
"30 11.5314.K.600.919","2","1","YES","VJMsg\30 11.5314.K.600.919 | VJMsg\30 11\30 11.5314\600\30 11.5314.K.600.919"
"30 11.5314.K.600.918","2","1","YES","VJMsg\30 11.5314.K.600.918 | VJMsg\30 11\30 11.5314\600\30 11.5314.K.600.918"
"30 11.5314.K.600.927","2","1","YES","VJMsg\30 11.5314.K.600.927 | VJMsg\30 11\30 11.5314\600\LV\30 11.5314.K.600.927"
"30 11.5314.K.600.924","2","1","YES","VJMsg\30 11.5314.K.600.924 | VJMsg\30 11\30 11.5314\600\30 11.5314.K.600.924"
"30 11.5314.K.600.922","2","1","YES","VJMsg\30 11.5314.K.600.922 | VJMsg\30 11\30 11.5314\600\30 11.5314.K.600.922"
"30 11.5314.K.600.914","2","1","YES","VJMsg\30 11.5314.K.600.914 | VJMsg\30 11\30 11.5314\600\30 11.5314.K.600.914"
"30 11.5314.K.610.976","2","1","YES","VJMsg\30 11.5314.K.610.976 | VJMsg\30 11\30 11.5314\610\30 11.5314.K.610.976"
"30 11.5314.K.610.911","2","1","YES","VJMsg\30 11.5314.K.610.911 | VJMsg\30 11\30 11.5314\610\30 11.5314.K.610.911"
"30 11.5314.K.700.913","2","1","YES","VJMsg\30 11.5314.K.700.913 | VJMsg\30 11\30 11.5314\700\LV\30 11.5314.K.700.913"
"30 11.5314.K.700.912","2","1","YES","VJMsg\30 11.5314.K.700.912 | VJMsg\30 11\30 11.5314\700\LV\30 11.5314.K.700.912"
"30 11.5314.K.600.913","2","1","YES","VJMsg\30 11.5314.K.600.913 | VJMsg\30 11\30 11.5314\600\30 11.5314.K.600.913"
"30 11.5314.K.600.940","2","1","YES","VJMsg\30 11.5314.K.600.940 | VJMsg\30 11\30 11.5314\600\30 11.5314.K.600.940"
"30 11.5314.K.600.939","2","1","YES","VJMsg\30 11.5314.K.600.939 | VJMsg\30 11\30 11.5314\600\30 11.5314.K.600.939"
"30 11.5314.K.600.938","2","1","YES","VJMsg\30 11.5314.K.600.938 | VJMsg\30 11\30 11.5314\600\30 11.5314.K.600.938"
"30 11.5314.K.610.910","2","1","YES","VJMsg\30 11.5314.K.610.910 | VJMsg\30 11\30 11.5314\610\30 11.5314.K.610.910"
"30 11.5314.K.610.909","2","1","YES","VJMsg\30 11.5314.K.610.909 | VJMsg\30 11\30 11.5314\610\30 11.5314.K.610.909"
"30 11.5314.K.610.908","2","1","YES","VJMsg\30 11.5314.K.610.908 | VJMsg\30 11\30 11.5314\610\LV\30 11.5314.K.610.908"
"30 11.5314.K.815.942","2","1","YES","VJMsg\30 11.5314.K.815.942 | VJMsg\30 11\30 11.5314\815\LV\30 11.5314.K.815.942"
"30 11.5314.K.815.983","2","1","YES","VJMsg\30 11.5314.K.815.983 | VJMsg\30 11\30 11.5314\815\LV\30 11.5314.K.815.983"
"30 11.5314.K.815.982","2","1","YES","VJMsg\30 11.5314.K.815.982 | VJMsg\30 11\30 11.5314\815\LV\30 11.5314.K.815.982"
"30 11.5314.K.815.981","2","1","YES","VJMsg\30 11.5314.K.815.981 | VJMsg\30 11\30 11.5314\815\LV\30 11.5314.K.815.981"
"30 11.5314.K.815.986","2","1","YES","VJMsg\30 11.5314.K.815.986 | VJMsg\30 11\30 11.5314\815\LV\30 11.5314.K.815.986"
"30 11.5314.K.815.985","2","1","YES","VJMsg\30 11.5314.K.815.985 | VJMsg\30 11\30 11.5314\815\LV\30 11.5314.K.815.985"
"30 11.5314.K.815.984","2","1","YES","VJMsg\30 11.5314.K.815.984 | VJMsg\30 11\30 11.5314\815\30 11.5314.K.815.984"
"30 11.5314.K.815.977","2","1","YES","VJMsg\30 11.5314.K.815.977 | VJMsg\30 11\30 11.5314\815\LV\30 11.5314.K.815.977"
"30 11.5314.K.815.976","2","1","YES","VJMsg\30 11.5314.K.815.976 | VJMsg\30 11\30 11.5314\815\LV\30 11.5314.K.815.976"
"30 11.5314.K.815.975","2","1","YES","VJMsg\30 11.5314.K.815.975 | VJMsg\30 11\30 11.5314\815\LV\30 11.5314.K.815.975"
"30 11.5314.K.815.980","2","1","YES","VJMsg\30 11.5314.K.815.980 | VJMsg\30 11\30 11.5314\815\LV\30 11.5314.K.815.980"
"30 11.5314.K.815.979","2","1","YES","VJMsg\30 11.5314.K.815.979 | VJMsg\30 11\30 11.5314\815\LV\30 11.5314.K.815.979"
"30 11.5314.K.815.978","2","1","YES","VJMsg\30 11.5314.K.815.978 | VJMsg\30 11\30 11.5314\815\LV\30 11.5314.K.815.978"
"30 11.5314.K.820.901","2","1","YES","VJMsg\30 11.5314.K.820.901 | VJMsg\30 11\30 11.5314\820\30 11.5314.K.820.901"
"30 11.5314.K.815.994","2","1","YES","VJMsg\30 11.5314.K.815.994 | VJMsg\30 11\30 11.5314\815\30 11.5314.K.815.994"
"30 11.5314.K.815.993","2","1","YES","VJMsg\30 11.5314.K.815.993 | VJMsg\30 11\30 11.5314\815\30 11.5314.K.815.993"
"30 11.5314.K.900.901","2","1","YES","VJMsg\30 11.5314.K.900.901 | VJMsg\30 11\30 11.5314\900\30 11.5314.K.900.901"
"30 11.5314.K.820.903","2","1","YES","VJMsg\30 11.5314.K.820.903 | VJMsg\30 11\30 11.5314\820\LV\30 11.5314.K.820.903"
"30 11.5314.K.820.902","2","1","YES","VJMsg\30 11.5314.K.820.902 | VJMsg\30 11\30 11.5314\820\30 11.5314.K.820.902"
"30 11.5314.K.815.989","2","1","YES","VJMsg\30 11.5314.K.815.989 | VJMsg\30 11\30 11.5314\815\30 11.5314.K.815.989"
"30 11.5314.K.815.988","2","1","YES","VJMsg\30 11.5314.K.815.988 | VJMsg\30 11\30 11.5314\815\30 11.5314.K.815.988"
"30 11.5314.K.815.987","2","1","YES","VJMsg\30 11.5314.K.815.987 | VJMsg\30 11\30 11.5314\815\30 11.5314.K.815.987"
"30 11.5314.K.815.992","2","1","YES","VJMsg\30 11.5314.K.815.992 | VJMsg\30 11\30 11.5314\815\LV\30 11.5314.K.815.992"
"30 11.5314.K.815.991","2","1","YES","VJMsg\30 11.5314.K.815.991 | VJMsg\30 11\30 11.5314\815\30 11.5314.K.815.991"
"30 11.5314.K.815.990","2","1","YES","VJMsg\30 11.5314.K.815.990 | VJMsg\30 11\30 11.5314\815\30 11.5314.K.815.990"
"30 11.5314.K.815.958","2","1","YES","VJMsg\30 11.5314.K.815.958 | VJMsg\30 11\30 11.5314\815\30 11.5314.K.815.958"
"30 11.5314.K.815.957","2","1","YES","VJMsg\30 11.5314.K.815.957 | VJMsg\30 11\30 11.5314\815\30 11.5314.K.815.957"
"30 11.5314.K.815.956","2","1","YES","VJMsg\30 11.5314.K.815.956 | VJMsg\30 11\30 11.5314\815\30 11.5314.K.815.956"
"30 11.5314.K.815.961","2","1","YES","VJMsg\30 11.5314.K.815.961 | VJMsg\30 11\30 11.5314\815\30 11.5314.K.815.961"
"30 11.5314.K.815.960","2","1","YES","VJMsg\30 11.5314.K.815.960 | VJMsg\30 11\30 11.5314\815\30 11.5314.K.815.960"
"30 11.5314.K.815.959","2","1","YES","VJMsg\30 11.5314.K.815.959 | VJMsg\30 11\30 11.5314\815\30 11.5314.K.815.959"
"30 11.5314.K.815.947","2","1","YES","VJMsg\30 11.5314.K.815.947 | VJMsg\30 11\30 11.5314\815\LV\30 11.5314.K.815.947"
"30 11.5314.K.815.946","2","1","YES","VJMsg\30 11.5314.K.815.946 | VJMsg\30 11\30 11.5314\815\LV\30 11.5314.K.815.946"
"30 11.5314.K.815.945","2","1","YES","VJMsg\30 11.5314.K.815.945 | VJMsg\30 11\30 11.5314\815\LV\30 11.5314.K.815.945"
"30 11.5314.K.815.955","2","1","YES","VJMsg\30 11.5314.K.815.955 | VJMsg\30 11\30 11.5314\815\30 11.5314.K.815.955"
"30 11.5314.K.815.954","2","1","YES","VJMsg\30 11.5314.K.815.954 | VJMsg\30 11\30 11.5314\815\LV\30 11.5314.K.815.954"
"30 11.5314.K.815.953","2","1","YES","VJMsg\30 11.5314.K.815.953 | VJMsg\30 11\30 11.5314\815\LV\30 11.5314.K.815.953"
"30 11.5314.K.815.970","2","1","YES","VJMsg\30 11.5314.K.815.970 | VJMsg\30 11\30 11.5314\815\30 11.5314.K.815.970"
"30 11.5314.K.815.969","2","1","YES","VJMsg\30 11.5314.K.815.969 | VJMsg\30 11\30 11.5314\815\30 11.5314.K.815.969"
"30 11.5314.K.815.968","2","1","YES","VJMsg\30 11.5314.K.815.968 | VJMsg\30 11\30 11.5314\815\30 11.5314.K.815.968"
"30 11.5314.K.815.974","2","1","YES","VJMsg\30 11.5314.K.815.974 | VJMsg\30 11\30 11.5314\815\30 11.5314.K.815.974"
"30 11.5314.K.815.973","2","1","YES","VJMsg\30 11.5314.K.815.973 | VJMsg\30 11\30 11.5314\815\LV\30 11.5314.K.815.973"
"30 11.5314.K.815.972","2","1","YES","VJMsg\30 11.5314.K.815.972 | VJMsg\30 11\30 11.5314\815\LV\30 11.5314.K.815.972"
"30 11.5314.K.815.964","2","1","YES","VJMsg\30 11.5314.K.815.964 | VJMsg\30 11\30 11.5314\815\30 11.5314.K.815.964"
"30 11.5314.K.815.963","2","1","YES","VJMsg\30 11.5314.K.815.963 | VJMsg\30 11\30 11.5314\815\30 11.5314.K.815.963"
"30 11.5314.K.815.962","2","1","YES","VJMsg\30 11.5314.K.815.962 | VJMsg\30 11\30 11.5314\815\30 11.5314.K.815.962"
"30 11.5314.K.815.967","2","1","YES","VJMsg\30 11.5314.K.815.967 | VJMsg\30 11\30 11.5314\815\30 11.5314.K.815.967"
"30 11.5314.K.815.966","2","1","YES","VJMsg\30 11.5314.K.815.966 | VJMsg\30 11\30 11.5314\815\30 11.5314.K.815.966"
"30 11.5314.K.815.965","2","1","YES","VJMsg\30 11.5314.K.815.965 | VJMsg\30 11\30 11.5314\815\30 11.5314.K.815.965"
"30 11.5324.3.710.973","2","1","YES","VJMsg\30 11.5324.3.710.973 | VJMsg\30 11\30 11.5324\710720\30 11.5324.3.710.973"
"30 11.5324.K.045.908","2","1","YES","VJMsg\30 11.5324.K.045.908 | VJMsg\30 11\30 直管\5324QH\30 11.5324.K.045.908"
"30 11.5324.K.045.907","2","1","YES","VJMsg\30 11.5324.K.045.907 | VJMsg\30 11\30 11.5324\045\30 11.5324.K.045.907"
"30 11.5324.K.045.906","2","1","YES","VJMsg\30 11.5324.K.045.906 | VJMsg\30 11\30 11.5324\045\30 11.5324.K.045.906"
"30 11.5324.K.045.914","2","1","YES","VJMsg\30 11.5324.K.045.914 | VJMsg\30 11\30 11.5324\045\30 11.5324.K.045.914"
"30 11.5324.K.045.912","2","1","YES","VJMsg\30 11.5324.K.045.912 | VJMsg\30 11\30 11.5324\045\30 11.5324.K.045.912"
"30 11.5324.K.045.909","2","1","YES","VJMsg\30 11.5324.K.045.909 | VJMsg\30 11\30 直管\5324QH\30 11.5324.K.045.909"
"30 11.5324.K.045.902","2","1","YES","VJMsg\30 11.5324.K.045.902 | VJMsg\30 11\30 11.5324\045\30 11.5324.K.045.902"
"30 11.5324.K.045.901","2","1","YES","VJMsg\30 11.5324.K.045.901 | VJMsg\30 11\30 11.5324\045\30 11.5324.K.045.901"
"30 11.5324.K.040.995","2","1","YES","VJMsg\30 11.5324.K.040.995 | VJMsg\30 11\30 11.5324\040\30 11.5324.K.040.995"
"30 11.5324.K.045.905","2","1","YES","VJMsg\30 11.5324.K.045.905 | VJMsg\30 11\30 11.5324\045\30 11.5324.K.045.905"
"30 11.5324.K.045.904","2","1","YES","VJMsg\30 11.5324.K.045.904 | VJMsg\30 11\30 11.5324\045\30 11.5324.K.045.904"
"30 11.5324.K.045.903","2","1","YES","VJMsg\30 11.5324.K.045.903 | VJMsg\30 11\30 11.5324\045\30 11.5324.K.045.903"
"30 11.5324.K.045.932","2","1","YES","VJMsg\30 11.5324.K.045.932 | VJMsg\30 11\30 11.5324\045\30 11.5324.K.045.932"
"30 11.5324.K.045.931","2","1","YES","VJMsg\30 11.5324.K.045.931 | VJMsg\30 11\30 直管\5324QH\30 11.5324.K.045.931"
"30 11.5324.K.045.928","2","1","YES","VJMsg\30 11.5324.K.045.928 | VJMsg\30 11\30 11.5324\045\30 11.5324.K.045.928"
"30 11.5324.K.045.935","2","1","YES","VJMsg\30 11.5324.K.045.935 | VJMsg\30 11\30 11.5324\045\30 11.5324.K.045.935"
"30 11.5324.K.045.934","2","1","YES","VJMsg\30 11.5324.K.045.934 | VJMsg\30 11\30 11.5324\045\30 11.5324.K.045.934"
"30 11.5324.K.045.933","2","1","YES","VJMsg\30 11.5324.K.045.933 | VJMsg\30 11\30 11.5324\045\30 11.5324.K.045.933"
"30 11.5324.K.045.919","2","1","YES","VJMsg\30 11.5324.K.045.919 | VJMsg\30 11\30 直管\5324QH\30 11.5324.K.045.919"
"30 11.5324.K.045.916","2","1","YES","VJMsg\30 11.5324.K.045.916 | VJMsg\30 11\30 直管\5324QH\30 11.5324.K.045.916"
"30 11.5324.K.045.915","2","1","YES","VJMsg\30 11.5324.K.045.915 | VJMsg\30 11\30 11.5324\045\30 11.5324.K.045.915"
"30 11.5324.K.045.925","2","1","YES","VJMsg\30 11.5324.K.045.925 | VJMsg\30 11\30 11.5324\045\30 11.5324.K.045.925"
"30 11.5324.K.045.924","2","1","YES","VJMsg\30 11.5324.K.045.924 | VJMsg\30 11\30 11.5324\045\30 11.5324.K.045.924"
"30 11.5324.K.045.923","2","1","YES","VJMsg\30 11.5324.K.045.923 | VJMsg\30 11\30 11.5324\045\30 11.5324.K.045.923"
"30 11.5324.K.040.949","2","1","YES","VJMsg\30 11.5324.K.040.949 | VJMsg\30 11\30 11.5324\040\30 11.5324.K.040.949"
"30 11.5324.K.040.948","2","1","YES","VJMsg\30 11.5324.K.040.948 | VJMsg\30 11\30 11.5324\040\30 11.5324.K.040.948"
"30 11.5324.K.040.947","2","1","YES","VJMsg\30 11.5324.K.040.947 | VJMsg\30 11\30 11.5324\040\30 11.5324.K.040.947"
"30 11.5324.K.040.952","2","1","YES","VJMsg\30 11.5324.K.040.952 | VJMsg\30 11\30 11.5324\040\30 11.5324.K.040.952"
"30 11.5324.K.040.951","2","1","YES","VJMsg\30 11.5324.K.040.951 | VJMsg\30 11\30 11.5324\040\30 11.5324.K.040.951"
"30 11.5324.K.040.950","2","1","YES","VJMsg\30 11.5324.K.040.950 | VJMsg\30 11\30 11.5324\040\30 11.5324.K.040.950"
"30 11.5324.K.040.936","2","1","YES","VJMsg\30 11.5324.K.040.936 | VJMsg\30 11\30 11.5324\040\30 11.5324.K.040.936"
"30 11.5324.K.040.925","2","1","YES","VJMsg\30 11.5324.K.040.925 | VJMsg\30 11\30 11.5324\040\30 11.5324.K.040.925"
"30 11.5324.K.040.924","2","1","YES","VJMsg\30 11.5324.K.040.924 | VJMsg\30 11\30 11.5324\040\30 11.5324.K.040.924"
"30 11.5324.K.040.943","2","1","YES","VJMsg\30 11.5324.K.040.943 | VJMsg\30 11\30 11.5324\040\30 11.5324.K.040.943"
"30 11.5324.K.040.939","2","1","YES","VJMsg\30 11.5324.K.040.939 | VJMsg\30 11\30 11.5324\040\30 11.5324.K.040.939"
"30 11.5324.K.040.938","2","1","YES","VJMsg\30 11.5324.K.040.938 | VJMsg\30 11\30 11.5324\040\30 11.5324.K.040.938"
"30 11.5324.K.040.991","2","1","YES","VJMsg\30 11.5324.K.040.991 | VJMsg\30 11\30 11.5324\040\30 11.5324.K.040.991"
"30 11.5324.K.040.990","2","1","YES","VJMsg\30 11.5324.K.040.990 | VJMsg\30 11\30 11.5324\040\30 11.5324.K.040.990"
"30 11.5324.K.040.989","2","1","YES","VJMsg\30 11.5324.K.040.989 | VJMsg\30 11\30 11.5324\040\30 11.5324.K.040.989"
"30 11.5324.K.040.994","2","1","YES","VJMsg\30 11.5324.K.040.994 | VJMsg\30 11\30 11.5324\040\30 11.5324.K.040.994"
"30 11.5324.K.040.993","2","1","YES","VJMsg\30 11.5324.K.040.993 | VJMsg\30 11\30 11.5324\040\30 11.5324.K.040.993"
"30 11.5324.K.040.992","2","1","YES","VJMsg\30 11.5324.K.040.992 | VJMsg\30 11\30 11.5324\040\30 11.5324.K.040.992"
"30 11.5324.K.040.972","2","1","YES","VJMsg\30 11.5324.K.040.972 | VJMsg\30 11\30 直管\5324QH\30 11.5324.K.040.972"
"30 11.5324.K.040.965","2","1","YES","VJMsg\30 11.5324.K.040.965 | VJMsg\30 11\30 11.5324\040\30 11.5324.K.040.965"
"30 11.5324.K.040.958","2","1","YES","VJMsg\30 11.5324.K.040.958 | VJMsg\30 11\30 11.5324\040\30 11.5324.K.040.958"
"30 11.5324.K.040.988","2","1","YES","VJMsg\30 11.5324.K.040.988 | VJMsg\30 11\30 11.5324\040\30 11.5324.K.040.988"
"30 11.5324.K.040.985","2","1","YES","VJMsg\30 11.5324.K.040.985 | VJMsg\30 11\30 直管\5324QH\30 11.5324.K.040.985"
"30 11.5324.K.040.973","2","1","YES","VJMsg\30 11.5324.K.040.973 | VJMsg\30 11\30 直管\5324QH\30 11.5324.K.040.973"
"30 11.5324.K.045.936","2","1","YES","VJMsg\30 11.5324.K.045.936 | VJMsg\30 11\30 11.5324\045\30 11.5324.K.045.936"
"30 11.5324.K.500.901","2","1","YES","VJMsg\30 11.5324.K.500.901 | VJMsg\30 11\30 11.5324\500\30 11.5324.K.500.901"
"30 11.5324.K.400.932","2","2","NO","VJMsg\30 11.5324.K.400.932 | VJMsg\30 11\30 11.5324\400\30 11.5324.K.400.932"
"30 11.5324.K.400.931","2","1","YES","VJMsg\30 11.5324.K.400.931 | VJMsg\30 11\30 11.5324\400\30 11.5324.K.400.931"
"30 11.5324.K.500.905","2","1","YES","VJMsg\30 11.5324.K.500.905 | VJMsg\30 11\30 11.5324\500\30 11.5324.K.500.905"
"30 11.5324.K.500.903","2","1","YES","VJMsg\30 11.5324.K.500.903 | VJMsg\30 11\30 11.5324\500\30 11.5324.K.500.903"
"30 11.5324.K.500.902","2","1","YES","VJMsg\30 11.5324.K.500.902 | VJMsg\30红牌\TL\30 11.5324.K.500.902"
"30 11.5324.K.400.926","2","1","YES","VJMsg\30 11.5324.K.400.926 | VJMsg\30 11\30 11.5324\400\30 11.5324.K.400.926"
"30 11.5324.K.400.922","2","1","YES","VJMsg\30 11.5324.K.400.922 | VJMsg\30 11\30 11.5324\400\30 11.5324.K.400.922"
"30 11.5324.K.400.917","2","1","YES","VJMsg\30 11.5324.K.400.917 | VJMsg\30 11\30 11.5324\400\30 11.5324.K.400.917"
"30 11.5324.K.400.930","2","1","YES","VJMsg\30 11.5324.K.400.930 | VJMsg\30 11\30 11.5324\400\30 11.5324.K.400.930"
"30 11.5324.K.400.929","2","1","YES","VJMsg\30 11.5324.K.400.929 | VJMsg\30 11\30 铝管\5324LG  30浅灰\LG5324  30\30 11.5324.K.400.929"
"30 11.5324.K.400.927","2","1","YES","VJMsg\30 11.5324.K.400.927 | VJMsg\30 11\30 11.5324\400\30 11.5324.K.400.927"
"30 11.5314.K.400.926","2","1","YES","VJMsg\30 11.5314.K.400.926 | VJMsg\30 11\30 11.5314\400\30 11.5314.K.400.926"
"30 11.5324.K.500.916","2","1","YES","VJMsg\30 11.5324.K.500.916 | VJMsg\30 11\30 11.5324\500\30 11.5324.K.500.916"
"30 11.5324.K.500.915","2","1","YES","VJMsg\30 11.5324.K.500.915 | VJMsg\30 11\30 11.5324\500\30 11.5324.K.500.915"
"30 11.5324.K.555.904","2","1","YES","VJMsg\30 11.5324.K.555.904 | VJMsg\30 11\30 11.5324\555\30 11.5324.K.555.904"
"30 11.5324.K.555.903","2","1","YES","VJMsg\30 11.5324.K.555.903 | VJMsg\30 11\30 11.5324\555\30 11.5324.K.555.903"
"30 11.5324.K.500.956","2","1","YES","VJMsg\30 11.5324.K.500.956 | VJMsg\30 11\30 11.5324\500\30 11.5324.K.500.956"
"30 11.5324.K.500.911","2","1","YES","VJMsg\30 11.5324.K.500.911 | VJMsg\30 11\30 11.5324\500\30 11.5324.K.500.911"
"30 11.5324.K.500.910","2","1","YES","VJMsg\30 11.5324.K.500.910 | VJMsg\30 11\30 11.5324\500\30 11.5324.K.500.910"
"30 11.5324.K.500.908","2","1","YES","VJMsg\30 11.5324.K.500.908 | VJMsg\30 11\30 11.5324\500\30 11.5324.K.500.908"
"30 11.5324.K.500.914","2","1","YES","VJMsg\30 11.5324.K.500.914 | VJMsg\30 11\30 11.5324\500\30 11.5324.K.500.914"
"30 11.5324.K.500.913","2","1","YES","VJMsg\30 11.5324.K.500.913 | VJMsg\30 11\30 11.5324\500\30 11.5324.K.500.913"
"30 11.5324.K.500.912","2","1","YES","VJMsg\30 11.5324.K.500.912 | VJMsg\30 11\30 11.5324\500\30 11.5324.K.500.912"
"30 11.5324.K.045.946","2","1","YES","VJMsg\30 11.5324.K.045.946 | VJMsg\30 11\30 11.5324\045\30 11.5324.K.045.946"
"30 11.5324.K.045.945","2","1","YES","VJMsg\30 11.5324.K.045.945 | VJMsg\30 11\30 11.5324\045\30 11.5324.K.045.945"
"30 11.5324.K.045.944","2","1","YES","VJMsg\30 11.5324.K.045.944 | VJMsg\30 11\30 11.5324\045\30 11.5324.K.045.944"
"30 11.5324.K.045.949","2","1","YES","VJMsg\30 11.5324.K.045.949 | VJMsg\30 11\30 直管\5324QH\30 11.5324.K.045.949"
"30 11.5324.K.045.948","2","1","YES","VJMsg\30 11.5324.K.045.948 | VJMsg\30 11\30 11.5324\045\30 11.5324.K.045.948"
"30 11.5324.K.045.947","2","1","YES","VJMsg\30 11.5324.K.045.947 | VJMsg\30 11\30 11.5324\045\30 11.5324.K.045.947"
"30 11.5324.K.045.939","2","1","YES","VJMsg\30 11.5324.K.045.939 | VJMsg\30 11\30 11.5324\045\30 11.5324.K.045.939"
"30 11.5324.K.045.938","2","1","YES","VJMsg\30 11.5324.K.045.938 | VJMsg\30 11\30 直管\5324QH\30 11.5324.K.045.938"
"30 11.5324.K.045.937","2","1","YES","VJMsg\30 11.5324.K.045.937 | VJMsg\30 11\30 直管\5324QH\30 11.5324.K.045.937"
"30 11.5324.K.045.943","2","1","YES","VJMsg\30 11.5324.K.045.943 | VJMsg\30 11\30 11.5324\045\30 11.5324.K.045.943"
"30 11.5324.K.045.941","2","1","YES","VJMsg\30 11.5324.K.045.941 | VJMsg\30 11\30 11.5324\045\30 11.5324.K.045.941"
"30 11.5324.K.045.940","2","1","YES","VJMsg\30 11.5324.K.045.940 | VJMsg\30 11\30 直管\5324QH\30 11.5324.K.045.940"
"30 11.5324.K.300.905","2","1","YES","VJMsg\30 11.5324.K.300.905 | VJMsg\30 11\30 11.5324\300\30 11.5324.K.300.905"
"30 11.5324.K.300.904","2","1","YES","VJMsg\30 11.5324.K.300.904 | VJMsg\30 11\30 11.5324\300\30 11.5324.K.300.904"
"30 11.5324.K.300.903","2","1","YES","VJMsg\30 11.5324.K.300.903 | VJMsg\30 11\30 11.5324\300\30 11.5324.K.300.903"
"30 11.5324.K.400.914","2","1","YES","VJMsg\30 11.5324.K.400.914 | VJMsg\30 11\30 11.5324\400\30 11.5324.K.400.914"
"30 11.5324.K.400.912","2","1","YES","VJMsg\30 11.5324.K.400.912 | VJMsg\30 11\30 11.5324\400\30 11.5324.K.400.912"
"30 11.5324.K.400.911","2","1","YES","VJMsg\30 11.5324.K.400.911 | VJMsg\30 11\30 11.5324\400\30 11.5324.K.400.911"
"30 11.5324.K.045.952","2","1","YES","VJMsg\30 11.5324.K.045.952 | VJMsg\30 11\30 11.5324\045\30 11.5324.K.045.952"
"30 11.5324.K.045.951","2","1","YES","VJMsg\30 11.5324.K.045.951 | VJMsg\30 11\30 11.5324\045\30 11.5324.K.045.951"
"30 11.5324.K.045.950","2","1","YES","VJMsg\30 11.5324.K.045.950 | VJMsg\30 11\30 直管\5324QH\30 11.5324.K.045.950"
"30 11.5324.K.300.902","2","1","YES","VJMsg\30 11.5324.K.300.902 | VJMsg\30 11\30 铝管\5324LG  30浅灰\LG5324  30\30 11.5324.K.300.902"
"30 11.5324.K.045.954","2","2","NO","VJMsg\30 11.5324.K.045.954 | VJMsg\30 11\30 11.5324\045\30 11.5324.K.045.954"
"30 11.5324.K.045.953","2","1","YES","VJMsg\30 11.5324.K.045.953 | VJMsg\30 11\30 11.5324\045\30 11.5324.K.045.953"
"30 11.5324.7.210.960","2","1","YES","VJMsg\30 11.5324.7.210.960 | VJMsg\30 11\30 11.5324\210\30 11.5324.7.210.960"
"30 11.5324.7.210.956","2","1","YES","VJMsg\30 11.5324.7.210.956 | VJMsg\30 11\30 11.5324\210\30 11.5324.7.210.956"
"30 11.5324.7.210.955","2","1","YES","VJMsg\30 11.5324.7.210.955 | VJMsg\30 11\30 11.5324\210\30 11.5324.7.210.955"
"30 11.5324.7.210.969","2","1","YES","VJMsg\30 11.5324.7.210.969 | VJMsg\30 11\30 11.5324\210\30 11.5324.7.210.969"
"30 11.5324.7.210.964","2","1","YES","VJMsg\30 11.5324.7.210.964 | VJMsg\30 11\30 11.5324\210\30 11.5324.7.210.964"
"30 11.5324.7.210.963","2","1","YES","VJMsg\30 11.5324.7.210.963 | VJMsg\30 11\30 11.5324\210\30 11.5324.7.210.963"
"30 11.5324.7.210.949","2","1","YES","VJMsg\30 11.5324.7.210.949 | VJMsg\30 11\30 11.5324\210\30 11.5324.7.210.949"
"30 11.5324.7.210.946","2","1","YES","VJMsg\30 11.5324.7.210.946 | VJMsg\30 11\30 11.5324\210\30 11.5324.7.210.946"
"30 11.5324.7.210.944","2","1","YES","VJMsg\30 11.5324.7.210.944 | VJMsg\30 11\30 11.5324\210\30 11.5324.7.210.944"
"30 11.5324.7.210.954","2","1","YES","VJMsg\30 11.5324.7.210.954 | VJMsg\30 11\30 11.5324\210\30 11.5324.7.210.954"
"30 11.5324.7.210.953","2","1","YES","VJMsg\30 11.5324.7.210.953 | VJMsg\30 11\30 11.5324\210\30 11.5324.7.210.953"
"30 11.5324.7.210.950","2","1","YES","VJMsg\30 11.5324.7.210.950 | VJMsg\30 11\30 11.5324\210\30 11.5324.7.210.950"
"30 11.5324.7.210.978","2","1","YES","VJMsg\30 11.5324.7.210.978 | VJMsg\30 11\30 11.5324\210\30 11.5324.7.210.978"
"30 11.5324.7.210.977","2","1","YES","VJMsg\30 11.5324.7.210.977 | VJMsg\30 11\30 11.5324\210\30 11.5324.7.210.977"
"30 11.5324.7.210.976","2","1","YES","VJMsg\30 11.5324.7.210.976 | VJMsg\30 11\30 11.5324\210\30 11.5324.7.210.976"
"30 11.5324.7.210.981","2","1","YES","VJMsg\30 11.5324.7.210.981 | VJMsg\30 11\30 铝管\5324LG  30浅灰\LG5324  30\30 11.5324.7.210.981"
"30 11.5324.7.210.980","2","1","YES","VJMsg\30 11.5324.7.210.980 | VJMsg\30 11\30 11.5324\210\30 11.5324.7.210.980"
"30 11.5324.7.210.979","2","1","YES","VJMsg\30 11.5324.7.210.979 | VJMsg\30 11\30 11.5324\210\30 11.5324.7.210.979"
"30 11.5324.7.210.972","2","1","YES","VJMsg\30 11.5324.7.210.972 | VJMsg\30 11\30 11.5324\210\30 11.5324.7.210.972"
"30 11.5324.7.210.971","2","1","YES","VJMsg\30 11.5324.7.210.971 | VJMsg\30 11\30 11.5324\210\30 11.5324.7.210.971"
"30 11.5324.7.210.970","2","1","YES","VJMsg\30 11.5324.7.210.970 | VJMsg\30 11\30 11.5324\210\30 11.5324.7.210.970"
"30 11.5324.7.210.975","2","1","YES","VJMsg\30 11.5324.7.210.975 | VJMsg\30 11\30 11.5324\210\30 11.5324.7.210.975"
"30 11.5324.7.210.974","2","1","YES","VJMsg\30 11.5324.7.210.974 | VJMsg\30 11\30 11.5324\210\30 11.5324.7.210.974"
"30 11.5324.7.210.973","2","1","YES","VJMsg\30 11.5324.7.210.973 | VJMsg\30 11\30 11.5324\210\30 11.5324.7.210.973"
"30 11.5324.3.720.909","2","1","YES","VJMsg\30 11.5324.3.720.909 | VJMsg\30 11\30 11.5324\710720\30 11.5324.3.720.909"
"30 11.5324.3.720.907","2","1","YES","VJMsg\30 11.5324.3.720.907 | VJMsg\30 11\30 11.5324\710720\30 11.5324.3.720.907"
"30 11.5324.3.720.905","2","1","YES","VJMsg\30 11.5324.3.720.905 | VJMsg\30 11\30 11.5324\710720\30 11.5324.3.720.905"
"30 11.5324.3.915.927","2","1","YES","VJMsg\30 11.5324.3.915.927 | VJMsg\30 11\30 11.5324\915910\30 11.5324.3.915.927"
"30 11.5324.3.910.945","2","1","YES","VJMsg\30 11.5324.3.910.945 | VJMsg\30 11\30 11.5324\30 11.5324.3.910.945"
"30 11.5324.3.720.911","2","1","YES","VJMsg\30 11.5324.3.720.911 | VJMsg\30 11\30 11.5324\710720\30 11.5324.3.720.911"
"30 11.5324.3.710.992","2","1","YES","VJMsg\30 11.5324.3.710.992 | VJMsg\30 11\30 11.5324\710720\30 11.5324.3.710.992"
"30 11.5324.3.710.989","2","1","YES","VJMsg\30 11.5324.3.710.989 | VJMsg\30 11\30 11.5324\710720\30 11.5324.3.710.989"
"30 11.5324.3.710.981","2","1","YES","VJMsg\30 11.5324.3.710.981 | VJMsg\30 11\30 11.5324\710720\30 11.5324.3.710.981"
"30 11.5324.3.720.902","2","1","YES","VJMsg\30 11.5324.3.720.902 | VJMsg\30 11\30 11.5324\710720\30 11.5324.3.720.902"
"30 11.5324.3.720.901","2","1","YES","VJMsg\30 11.5324.3.720.901 | VJMsg\30 11\30 11.5324\710720\30 11.5324.3.720.901"
"30 11.5324.3.710.993","2","1","YES","VJMsg\30 11.5324.3.710.993 | VJMsg\30 11\30 11.5324\710720\30 11.5324.3.710.993"
"30 11.5324.7.210.938","2","1","YES","VJMsg\30 11.5324.7.210.938 | VJMsg\30 11\30 11.5324\210\30 11.5324.7.210.938"
"30 11.5324.7.210.937","2","1","YES","VJMsg\30 11.5324.7.210.937 | VJMsg\30 11\30 11.5324\210\30 11.5324.7.210.937"
"30 11.5324.7.210.934","2","1","YES","VJMsg\30 11.5324.7.210.934 | VJMsg\30 11\30 铝管\5324LG  30浅灰\LG5324  30\30 11.5324.7.210.934"
"30 11.5324.7.210.942","2","1","YES","VJMsg\30 11.5324.7.210.942 | VJMsg\30 11\30 11.5324\210\30 11.5324.7.210.942"
"30 11.5324.7.210.940","2","1","YES","VJMsg\30 11.5324.7.210.940 | VJMsg\30 11\30 11.5324\210\30 11.5324.7.210.940"
"30 11.5324.7.210.939","2","1","YES","VJMsg\30 11.5324.7.210.939 | VJMsg\30 11\30 11.5324\210\30 11.5324.7.210.939"
"30 11.5324.3.915.955","2","1","YES","VJMsg\30 11.5324.3.915.955 | VJMsg\30 11\30 11.5324\915910\30 11.5324.3.915.955"
"30 11.5324.3.915.948","2","1","YES","VJMsg\30 11.5324.3.915.948 | VJMsg\30 11\30 11.5324\915910\30 11.5324.3.915.948"
"30 11.5324.3.915.936","2","1","YES","VJMsg\30 11.5324.3.915.936 | VJMsg\30 11\30 11.5324\915910\30 11.5324.3.915.936"
"30 11.5324.7.210.931","2","1","YES","VJMsg\30 11.5324.7.210.931 | VJMsg\30 11\30 11.5324\210\30 11.5324.7.210.931"
"30 11.5324.7.210.911","2","1","YES","VJMsg\30 11.5324.7.210.911 | VJMsg\30 11\30 11.5324\210\30 11.5324.7.210.911"
"30 11.5324.7.210.902","2","1","YES","VJMsg\30 11.5324.7.210.902 | VJMsg\30 11\30 11.5324\210\30 11.5324.7.210.902"
"30 11.5324.7.210.982","2","1","YES","VJMsg\30 11.5324.7.210.982 | VJMsg\30 11\30 11.5324\210\30 11.5324.7.210.982"
"30 11.5324.7.555.953","2","1","YES","VJMsg\30 11.5324.7.555.953 | VJMsg\30 11\30 11.5324\7555655\30 11.5324.7.555.953"
"30 11.5324.7.555.902","2","1","YES","VJMsg\30 11.5324.7.555.902 | VJMsg\30 11\30 11.5324\7555655\30 11.5324.7.555.902"
"30 11.5324.7.555.901","2","1","YES","VJMsg\30 11.5324.7.555.901 | VJMsg\30红牌\TL\30 11.5324.7.555.901"
"30 11.5314.K.400.939","2","1","YES","VJMsg\30 11.5314.K.400.939 | VJMsg\30 11\30 11.5314\400\30 11.5314.K.400.939"
"30 11.5314.K.600.901","2","1","YES","VJMsg\30 11.5314.K.600.901 | VJMsg\30 11\30 11.5314\600\LV\30 11.5314.K.600.901"
"30 11.5324.7.560.901","2","1","YES","VJMsg\30 11.5324.7.560.901 | VJMsg\30 11\30 11.5324\7555655\30 11.5324.7.560.901"
"30 11.5324.7.215.950","2","1","YES","VJMsg\30 11.5324.7.215.950 | VJMsg\30 11\30 11.5324\215\30 11.5324.7.215.950"
"30 11.5324.7.215.949","2","1","YES","VJMsg\30 11.5324.7.215.949 | VJMsg\30 11\30 11.5324\215\30 11.5324.7.215.949"
"30 11.5324.7.215.948","2","1","YES","VJMsg\30 11.5324.7.215.948 | VJMsg\30 11\30 11.5324\215\30 11.5324.7.215.948"
"30 11.5324.7.215.954","2","1","YES","VJMsg\30 11.5324.7.215.954 | VJMsg\30 11\30 11.5324\215\30 11.5324.7.215.954"
"30 11.5324.7.215.952","2","1","YES","VJMsg\30 11.5324.7.215.952 | VJMsg\30 11\30 11.5324\215\30 11.5324.7.215.952"
"30 11.5324.7.215.951","2","1","YES","VJMsg\30 11.5324.7.215.951 | VJMsg\30 11\30 11.5324\215\30 11.5324.7.215.951"
"30 11.5324.K.040.915","2","1","YES","VJMsg\30 11.5324.K.040.915 | VJMsg\30 11\30 11.5324\040\30 11.5324.K.040.915"
"30 11.5324.K.040.914","2","1","YES","VJMsg\30 11.5324.K.040.914 | VJMsg\30 11\30 11.5324\040\30 11.5324.K.040.914"
"30 11.5324.K.040.913","2","1","YES","VJMsg\30 11.5324.K.040.913 | VJMsg\30 11\30 11.5324\040\30 11.5324.K.040.913"
"30 11.5324.K.040.921","2","1","YES","VJMsg\30 11.5324.K.040.921 | VJMsg\30 11\30 11.5324\040\30 11.5324.K.040.921"
"30 11.5324.K.040.920","2","1","YES","VJMsg\30 11.5324.K.040.920 | VJMsg\30 11\30 11.5324\040\30 11.5324.K.040.920"
"30 11.5324.K.040.917","2","1","YES","VJMsg\30 11.5324.K.040.917 | VJMsg\30 11\30 11.5324\040\30 11.5324.K.040.917"
"30 11.5314.K.400.936","2","1","YES","VJMsg\30 11.5314.K.400.936 | VJMsg\30 11\30 铝管\LG5314  30浅灰\30 11.5314.K.400.936"
"30 11.5314.K.400.937","2","1","YES","VJMsg\30 11.5314.K.400.937 | VJMsg\30 11\30 11.5314\400\30 11.5314.K.400.937"
"30 11.5314.K.400.938","2","1","YES","VJMsg\30 11.5314.K.400.938 | VJMsg\30 11\30 11.5314\400\30 11.5314.K.400.938"
"30 11.5324.K.040.907","2","1","YES","VJMsg\30 11.5324.K.040.907 | VJMsg\30 11\30 11.5324\040\30 11.5324.K.040.907"
"30 11.5314.K.400.931","2","1","YES","VJMsg\30 11.5314.K.400.931 | VJMsg\30 11\30 11.5314\400\30 11.5314.K.400.931"
"30 11.5314.K.400.935","2","1","YES","VJMsg\30 11.5314.K.400.935 | VJMsg\30 11\30 11.5314\400\30 11.5314.K.400.935"
"30 11.5324.7.215.928","2","1","YES","VJMsg\30 11.5324.7.215.928 | VJMsg\30 11\30 11.5324\215\30 11.5324.7.215.928"
"30 11.5324.7.215.927","2","1","YES","VJMsg\30 11.5324.7.215.927 | VJMsg\30 11\30 11.5324\215\30 11.5324.7.215.927"
"30 11.5324.7.215.926","2","1","YES","VJMsg\30 11.5324.7.215.926 | VJMsg\30 11\30 11.5324\215\30 11.5324.7.215.926"
"30 11.5324.7.215.931","2","1","YES","VJMsg\30 11.5324.7.215.931 | VJMsg\30 11\30 11.5324\215\30 11.5324.7.215.931"
"30 11.5324.7.215.930","2","2","NO","VJMsg\30 11.5324.7.215.930 | VJMsg\30 11\30 11.5324\215\30 11.5324.7.215.930"
"30 11.5324.7.215.929","2","1","YES","VJMsg\30 11.5324.7.215.929 | VJMsg\30 11\30 11.5324\215\30 11.5324.7.215.929"
"30 11.5324.7.210.992","2","1","YES","VJMsg\30 11.5324.7.210.992 | VJMsg\30 11\30 11.5324\210\30 11.5324.7.210.992"
"30 11.5324.7.210.989","2","1","YES","VJMsg\30 11.5324.7.210.989 | VJMsg\30 11\30 11.5324\210\30 11.5324.7.210.989"
"30 11.5324.7.210.983","2","1","YES","VJMsg\30 11.5324.7.210.983 | VJMsg\30 11\30 11.5324\210\30 11.5324.7.210.983"
"30 11.5324.7.215.925","2","1","YES","VJMsg\30 11.5324.7.215.925 | VJMsg\30 11\30 11.5324\215\30 11.5324.7.215.925"
"30 11.5324.7.215.907","2","1","YES","VJMsg\30 11.5324.7.215.907 | VJMsg\30 11\30 11.5324\215\30 11.5324.7.215.907"
"30 11.5324.7.215.905","2","2","NO","VJMsg\30 11.5324.7.215.905 | VJMsg\30 11\30 11.5324\215\30 11.5324.7.215.905"
"30 11.5324.7.215.942","2","1","YES","VJMsg\30 11.5324.7.215.942 | VJMsg\30 11\30 11.5324\215\30 11.5324.7.215.942"
"30 11.5324.7.215.941","2","2","NO","VJMsg\30 11.5324.7.215.941 | VJMsg\30 11\30 11.5324\215\30 11.5324.7.215.941"
"30 11.5324.7.215.940","2","1","YES","VJMsg\30 11.5324.7.215.940 | VJMsg\30 11\30 11.5324\215\30 11.5324.7.215.940"
"30 11.5324.7.215.947","2","1","YES","VJMsg\30 11.5324.7.215.947 | VJMsg\30 11\30 11.5324\215\30 11.5324.7.215.947"
"30 11.5324.7.215.946","2","1","YES","VJMsg\30 11.5324.7.215.946 | VJMsg\30 11\30 铝管\5324LG  30浅灰\LG5324  30\30 11.5324.7.215.946"
"30 11.5324.7.215.944","2","1","YES","VJMsg\30 11.5324.7.215.944 | VJMsg\30 11\30 11.5324\215\30 11.5324.7.215.944"
"30 11.5324.7.215.934","2","1","YES","VJMsg\30 11.5324.7.215.934 | VJMsg\30 11\30 11.5324\215\30 11.5324.7.215.934"
"30 11.5324.7.215.933","2","1","YES","VJMsg\30 11.5324.7.215.933 | VJMsg\30 11\30 11.5324\215\30 11.5324.7.215.933"
"30 11.5324.7.215.932","2","1","YES","VJMsg\30 11.5324.7.215.932 | VJMsg\30 11\30 11.5324\215\30 11.5324.7.215.932"
"30 11.5324.7.215.939","2","1","YES","VJMsg\30 11.5324.7.215.939 | VJMsg\30 11\30 铝管\5324LG  30浅灰\LG5324  30\30 11.5324.7.215.939"
"30 11.5324.7.215.938","2","1","YES","VJMsg\30 11.5324.7.215.938 | VJMsg\30 11\30 11.5324\215\30 11.5324.7.215.938"
"30 11.5324.7.215.935","2","1","YES","VJMsg\30 11.5324.7.215.935 | VJMsg\30 11\30 11.5324\215\30 11.5324.7.215.935"
"30 S30.0740.1.120.915","2","2","NO","VJMsg\30 S30.0740.1.120.915 | VJMsg\QL30\S30.07400745\30 S30.0740.1.120.915"
"30 S30.0740.1.120.913","2","2","NO","VJMsg\30 S30.0740.1.120.913 | VJMsg\QL30\S30.07400745\30 S30.0740.1.120.913"
"30 S30.0740.1.120.911","2","2","NO","VJMsg\30 S30.0740.1.120.911 | VJMsg\QL30\S30.07400745\30 S30.0740.1.120.911"
"30 S30.0745.1.005.901","2","2","NO","VJMsg\30 S30.0745.1.005.901 | VJMsg\QL30\S30.07400745\30 S30.0745.1.005.901"
"30 11.5314.7.210.952","2","1","YES","VJMsg\30 11.5314.7.210.952 | VJMsg\30 11\30 11.5314\210\30 11.5314.7.210.952"
"30 S30.0740.1.180.901","2","1","YES","VJMsg\30 S30.0740.1.180.901 | VJMsg\30 11\30 直管\30 S30.0740.1.180.901"
"30 S30.0740.1.120.903","2","2","NO","VJMsg\30 S30.0740.1.120.903 | VJMsg\QL30\S30.07400745\30 S30.0740.1.120.903"
"30 S30.0740.1.120.901","2","2","NO","VJMsg\30 S30.0740.1.120.901 | VJMsg\QL30\S30.07400745\30 S30.0740.1.120.901"
"30 S30.0730.1.005.919","2","1","YES","VJMsg\30 S30.0730.1.005.919 | VJMsg\钛合金\30 S30.0730.1.005.919"
"30 S30.0740.1.120.909","2","2","NO","VJMsg\30 S30.0740.1.120.909 | VJMsg\QL30\S30.07400745\30 S30.0740.1.120.909"
"30 S30.0740.1.120.907","2","2","NO","VJMsg\30 S30.0740.1.120.907 | VJMsg\QL30\S30.07400745\30 S30.0740.1.120.907"
"30 S30.0740.1.120.905","2","2","NO","VJMsg\30 S30.0740.1.120.905 | VJMsg\QL30\S30.07400745\30 S30.0740.1.120.905"
"30 11.5314.7.210.902","2","1","YES","VJMsg\30 11.5314.7.210.902 | VJMsg\30 11\30 11.5314\210\30 11.5314.7.210.902"
"30 11.5314.7.210.937","2","1","YES","VJMsg\30 11.5314.7.210.937 | VJMsg\30 11\30 11.5314\210\30 11.5314.7.210.937"
"30 11.5314.7.210.938","2","1","YES","VJMsg\30 11.5314.7.210.938 | VJMsg\30 11\30 铝管\LG5314  30浅灰\30 11.5314.7.210.938"
"30 11.5314.3.720.996","2","1","YES","VJMsg\30 11.5314.3.720.996 | VJMsg\30 11\30 11.5314\720\LV\30 11.5314.3.720.996"
"30 11.5314.3.720.998","2","1","YES","VJMsg\30 11.5314.3.720.998 | VJMsg\30 11\30 11.5314\720\LV\30 11.5314.3.720.998"
"30 11.5314.3.820.958","2","1","YES","VJMsg\30 11.5314.3.820.958 | VJMsg\30 11\30 11.5314\3820\30 11.5314.3.820.958"
"30 11.5314.7.210.947","2","1","YES","VJMsg\30 11.5314.7.210.947 | VJMsg\30 11\30 11.5314\210\30 11.5314.7.210.947"
"30 11.5314.7.210.950","2","1","YES","VJMsg\30 11.5314.7.210.950 | VJMsg\30 11\30 11.5314\210\30 11.5314.7.210.950"
"30 11.5314.7.210.951","2","1","YES","VJMsg\30 11.5314.7.210.951 | VJMsg\30 11\30 11.5314\210\30 11.5314.7.210.951"
"30 11.5314.7.210.941","2","1","YES","VJMsg\30 11.5314.7.210.941 | VJMsg\30 11\30 11.5314\210\30 11.5314.7.210.941"
"30 11.5314.7.210.942","2","1","YES","VJMsg\30 11.5314.7.210.942 | VJMsg\30 11\30 11.5314\210\30 11.5314.7.210.942"
"30 11.5314.7.210.946","2","1","YES","VJMsg\30 11.5314.7.210.946 | VJMsg\30 11\30 11.5314\210\30 11.5314.7.210.946"
"30 11.5314.7.210.971","2","1","YES","VJMsg\30 11.5314.7.210.971 | VJMsg\30 11\30 11.5314\210\30 11.5314.7.210.971"
"30 11.5314.7.210.973","2","1","YES","VJMsg\30 11.5314.7.210.973 | VJMsg\30 11\30 11.5314\210\30 11.5314.7.210.973"
"30 11.5314.7.210.975","2","1","YES","VJMsg\30 11.5314.7.210.975 | VJMsg\30 11\30 11.5314\210\30 11.5314.7.210.975"
"30 11.5314.7.210.967","2","2","NO","VJMsg\30 11.5314.7.210.967 | VJMsg\30 11\30 11.5314\210\30 11.5314.7.210.967"
"30 11.5314.7.210.968","2","1","YES","VJMsg\30 11.5314.7.210.968 | VJMsg\30 11\30 11.5314\210\30 11.5314.7.210.968"
"30 11.5314.7.210.970","2","1","YES","VJMsg\30 11.5314.7.210.970 | VJMsg\30 11\30 11.5314\210\30 11.5314.7.210.970"
"30 11.5314.7.210.980","2","1","YES","VJMsg\30 11.5314.7.210.980 | VJMsg\30 11\30 11.5314\210\30 11.5314.7.210.980"
"30 11.5314.7.210.982","2","1","YES","VJMsg\30 11.5314.7.210.982 | VJMsg\30 11\30 11.5314\210\30 11.5314.7.210.982"
"30 11.5314.7.210.983","2","1","YES","VJMsg\30 11.5314.7.210.983 | VJMsg\30 11\30 11.5314\210\30 11.5314.7.210.983"
"30 11.5314.7.210.977","2","1","YES","VJMsg\30 11.5314.7.210.977 | VJMsg\30 11\30 11.5314\210\30 11.5314.7.210.977"
"30 11.5314.7.210.978","2","1","YES","VJMsg\30 11.5314.7.210.978 | VJMsg\30 11\30 11.5314\210\30 11.5314.7.210.978"
"30 11.5314.7.210.979","2","2","NO","VJMsg\30 11.5314.7.210.979 | VJMsg\30 11\30 11.5314\210\30 11.5314.7.210.979"
"30 36S27-11.5334.7.700.911ZH","2","1","YES","VJMsg\30 36S27-11.5334.7.700.911ZH | VJMsg\QL30\30 36S27-11.5334.7.700.911ZH"
"30 36S27-11.5334.3.700.912ZH","2","1","YES","VJMsg\30 36S27-11.5334.3.700.912ZH | VJMsg\QL30\30 36S27-11.5334.3.700.912ZH"
"30 11.5314.7.210.958","2","1","YES","VJMsg\30 11.5314.7.210.958 | VJMsg\30 11\30 11.5314\210\30 11.5314.7.210.958"
"30 S30.0730.1.005.917","2","1","YES","VJMsg\30 S30.0730.1.005.917 | VJMsg\钛合金\30 S30.0730.1.005.917"
"30 S30.0730.1.005.915","2","1","YES","VJMsg\30 S30.0730.1.005.915 | VJMsg\钛合金\30 S30.0730.1.005.915"
"30 36S27-11.6801.3.835.901ZH","2","1","YES","VJMsg\30 36S27-11.6801.3.835.901ZH | VJMsg\QL30\30 36S27-11.6801.3.835.901ZH"
"30 11.5314.7.210.962","2","1","YES","VJMsg\30 11.5314.7.210.962 | VJMsg\30 11\30 11.5314\210\30 11.5314.7.210.962"
"30 11.5314.7.210.964","2","1","YES","VJMsg\30 11.5314.7.210.964 | VJMsg\30 11\30 11.5314\210\30 11.5314.7.210.964"
"30 11.5314.7.210.966","2","1","YES","VJMsg\30 11.5314.7.210.966 | VJMsg\30 11\30 11.5314\210\30 11.5314.7.210.966"
"30 11.5314.7.210.959","2","1","YES","VJMsg\30 11.5314.7.210.959 | VJMsg\30 11\30 11.5314\210\30 11.5314.7.210.959"
"30 11.5314.7.210.960","2","1","YES","VJMsg\30 11.5314.7.210.960 | VJMsg\30 11\30 11.5314\210\30 11.5314.7.210.960"
"30 11.5314.7.210.961","2","1","YES","VJMsg\30 11.5314.7.210.961 | VJMsg\30 11\30 11.5314\210\30 11.5314.7.210.961"
"30 11.5314.3.720.978","2","1","YES","VJMsg\30 11.5314.3.720.978 | VJMsg\30 11\30 11.5314\720\30 11.5314.3.720.978"
"30 S30.5334.1.555.914","2","1","YES","VJMsg\30 S30.5334.1.555.914 | VJMsg\QL30\S30.5334\30 S30.5334.1.555.914"
"30 S30.5334.1.555.913","2","1","YES","VJMsg\30 S30.5334.1.555.913 | VJMsg\QL30\S30.5334\30 S30.5334.1.555.913"
"30 S30.5334.1.555.911","2","1","YES","VJMsg\30 S30.5334.1.555.911 | VJMsg\QL30\S30.5334\30 S30.5334.1.555.911"
"30 S30.7410.1.010.000","2","2","NO","VJMsg\30 S30.7410.1.010.000 | VJMsg\30 11\30 直管\ZG30黑\30 S30.7410.1.010.000"
"30 S30.5334.1.555.951","2","1","YES","VJMsg\30 S30.5334.1.555.951 | VJMsg\QL30\S30.5334\30 S30.5334.1.555.951"
"30 S30.5334.1.555.915","2","1","YES","VJMsg\30 S30.5334.1.555.915 | VJMsg\QL30\S30.5334\30 S30.5334.1.555.915"
"30 S30.5334.1.335.989","2","1","YES","VJMsg\30 S30.5334.1.335.989 | VJMsg\QL30\S30.5334\30 S30.5334.1.335.989"
"30 S30.5334.1.335.988","2","1","YES","VJMsg\30 S30.5334.1.335.988 | VJMsg\QL30\S30.5334\30 S30.5334.1.335.988"
"30 S30.5334.1.325.903","2","1","YES","VJMsg\30 S30.5334.1.325.903 | VJMsg\QL30\S30.5334\30 S30.5334.1.325.903"
"30 S30.5334.1.555.910","2","1","YES","VJMsg\30 S30.5334.1.555.910 | VJMsg\QL30\S30.5334\30 S30.5334.1.555.910"
"30 S30.5334.1.555.907","2","1","YES","VJMsg\30 S30.5334.1.555.907 | VJMsg\QL30\S30.5334\30 S30.5334.1.555.907"
"30 S30.5334.1.555.906","2","1","YES","VJMsg\30 S30.5334.1.555.906 | VJMsg\QL30\S30.5334\30 S30.5334.1.555.906"
"36 J11B.1003.804.XY1 2.001B","2","2","NO","VJMsg\36 J11B.1003.804.XY1 2.001B | VJMsg\制造件\36 J11B.1003.804.XY1 2.001B"
"30 S30.7604.1.020.000","2","1","YES","VJMsg\30 S30.7604.1.020.000 | VJMsg\30 11\30BLM\GGBLM\30 S30.7604.1.020.000"
"30 S30.7603.1.010.000","2","2","NO","VJMsg\30 S30.7603.1.010.000 | VJMsg\QL30\30 S30.7603.1.010.000"
"43-8-0.6-190","2","1","YES","VJMsg\43-8-0.6-190 | VJMsg\30红牌\43-8-0.6-190"
"43-8-0.6-160","2","1","YES","VJMsg\43-8-0.6-160 | VJMsg\30红牌\43-8-0.6-160"
"36-.11.0446.3.400.001XL-1","2","1","YES","VJMsg\36-.11.0446.3.400.001XL-1 | VJMsg\制造件\36-.11.0446.3.400.001XL-1"
"30 S30.7410.1.045.000","2","1","YES","VJMsg\30 S30.7410.1.045.000 | VJMsg\30 11\30 直管\ZG30黑\30 S30.7410.1.045.000"
"30 S30.7410.1.040.000","2","1","YES","VJMsg\30 S30.7410.1.040.000 | VJMsg\30 11\30 直管\ZG30黑\30 S30.7410.1.040.000"
"30 S30.7410.1.035.000","2","2","NO","VJMsg\30 S30.7410.1.035.000 | VJMsg\30 11\30 直管\ZG30黑\30 S30.7410.1.035.000"
"30 S30.7601.1.010.000","2","2","NO","VJMsg\30 S30.7601.1.010.000 | VJMsg\QL30\30 S30.7601.1.010.000"
"30 S30.7410.1.055.000","2","1","YES","VJMsg\30 S30.7410.1.055.000 | VJMsg\30 11\30 直管\ZG30黑\30 S30.7410.1.055.000"
"30 S30.7410.1.050.000","2","1","YES","VJMsg\30 S30.7410.1.050.000 | VJMsg\30 11\30 直管\ZG30黑\30 S30.7410.1.050.000"
"30 11.5314.3.720.944","2","1","YES","VJMsg\30 11.5314.3.720.944 | VJMsg\30 11\30 11.5314\720\30 11.5314.3.720.944"
"30 11.5314.3.720.949","2","1","YES","VJMsg\30 11.5314.3.720.949 | VJMsg\30 11\30 11.5314\720\30 11.5314.3.720.949"
"30 11.5314.3.720.950","2","1","YES","VJMsg\30 11.5314.3.720.950 | VJMsg\30 11\30 11.5314\720\30 11.5314.3.720.950"
"30 11.5314.3.720.926","2","1","YES","VJMsg\30 11.5314.3.720.926 | VJMsg\30 11\30 11.5314\720\LV\30 11.5314.3.720.926"
"30 11.5314.3.720.927","2","1","YES","VJMsg\30 11.5314.3.720.927 | VJMsg\30 11\30 11.5314\720\LV\30 11.5314.3.720.927"
"30 11.5314.3.720.928","2","1","YES","VJMsg\30 11.5314.3.720.928 | VJMsg\30 11\30 11.5314\720\LV\30 11.5314.3.720.928"
"30 11.5314.3.720.965","2","1","YES","VJMsg\30 11.5314.3.720.965 | VJMsg\30 11\30 11.5314\720\LV\30 11.5314.3.720.965"
"30 11.5314.3.720.967","2","1","YES","VJMsg\30 11.5314.3.720.967 | VJMsg\30 11\30 11.5314\720\LV\30 11.5314.3.720.967"
"30 11.5314.3.720.969","2","1","YES","VJMsg\30 11.5314.3.720.969 | VJMsg\30 11\30 11.5314\720\30 11.5314.3.720.969"
"30 11.5314.3.720.955","2","1","YES","VJMsg\30 11.5314.3.720.955 | VJMsg\30 11\30 11.5314\720\30 11.5314.3.720.955"
"30 11.5314.3.720.960","2","1","YES","VJMsg\30 11.5314.3.720.960 | VJMsg\30 11\30 11.5314\720\30 11.5314.3.720.960"
"30 11.5314.3.720.961","2","1","YES","VJMsg\30 11.5314.3.720.961 | VJMsg\30 11\30 11.5314\720\30 11.5314.3.720.961"
"30 S30.5334.1.315.945","2","1","YES","VJMsg\30 S30.5334.1.315.945 | VJMsg\QL30\S30.5334\30 S30.5334.1.315.945"
"30 S30.5334.1.315.910","2","1","YES","VJMsg\30 S30.5334.1.315.910 | VJMsg\QL30\S30.5334\30 S30.5334.1.315.910"
"30 S30.5334.1.315.909","2","1","YES","VJMsg\30 S30.5334.1.315.909 | VJMsg\QL30\S30.5334\30 S30.5334.1.315.909"
"30 S30.5334.1.315.989","2","1","YES","VJMsg\30 S30.5334.1.315.989 | VJMsg\QL30\S30.5334\30 S30.5334.1.315.989"
"30 S30.5334.1.315.988","2","1","YES","VJMsg\30 S30.5334.1.315.988 | VJMsg\QL30\S30.5334\30 S30.5334.1.315.988"
"30 S30.5334.1.315.966","2","1","YES","VJMsg\30 S30.5334.1.315.966 | VJMsg\QL30\S30.5334\30 S30.5334.1.315.966"
"30 S30.5334.1.315.903","2","1","YES","VJMsg\30 S30.5334.1.315.903 | VJMsg\QL30\S30.5334\30 S30.5334.1.315.903"
"30 11.5314.3.710.994","2","1","YES","VJMsg\30 11.5314.3.710.994 | VJMsg\30 11\30 11.5314\710\30 11.5314.3.710.994"
"30 11.5314.3.710.995","2","1","YES","VJMsg\30 11.5314.3.710.995 | VJMsg\30 11\30 11.5314\710\30 11.5314.3.710.995"
"30 S30.5334.1.315.907","2","1","YES","VJMsg\30 S30.5334.1.315.907 | VJMsg\QL30\S30.5334\30 S30.5334.1.315.907"
"30 S30.5334.1.315.906","2","1","YES","VJMsg\30 S30.5334.1.315.906 | VJMsg\QL30\S30.5334\30 S30.5334.1.315.906"
"30 S30.5334.1.315.905","2","1","YES","VJMsg\30 S30.5334.1.315.905 | VJMsg\QL30\S30.5334\30 S30.5334.1.315.905"
"30 11.5314.K.035.936","2","1","YES","VJMsg\30 11.5314.K.035.936 | VJMsg\30 11\30 11.5314\035\30 11.5314.K.035.936"
"30 11.5314.K.035.937","2","1","YES","VJMsg\30 11.5314.K.035.937 | VJMsg\30 11\30 11.5314\035\30 11.5314.K.035.937"
"30 11.7698.3.015.901","2","2","NO","VJMsg\30 11.7698.3.015.901 | VJMsg\30 11\30 铝管\银粉LG\30 11.7698.3.015.901"
"30 11.5314.K.035.935","2","1","YES","VJMsg\30 11.5314.K.035.935 | VJMsg\30 11\30 11.5314\035\30 11.5314.K.035.935"
"30 11.7698.K.050.901","2","1","YES","VJMsg\30 11.7698.K.050.901 | VJMsg\30 11\30 11.7698\30 11.7698.K.050.901"
"30 11.7698.K.020.000","2","1","YES","VJMsg\30 11.7698.K.020.000 | VJMsg\30 11\30 11.7698\30 11.7698.K.020.000"
"30 11.7603.И.060.000","2","1","YES","VJMsg\30 11.7603.И.060.000 | VJMsg\30 11\30 11.7603\30 11.7603.И.060.000"
"30 11.7603.И.055.901","2","1","YES","VJMsg\30 11.7603.И.055.901 | VJMsg\30 11\30 11.7603\30 11.7603.И.055.901"
"30 11.5314.K.035.938","2","1","YES","VJMsg\30 11.5314.K.035.938 | VJMsg\30 11\30 11.5314\035\30 11.5314.K.035.938"
"30 11.7698.3.015.000","2","1","YES","VJMsg\30 11.7698.3.015.000 | VJMsg\30 11\30 11.7698\30 11.7698.3.015.000"
"30 11.7604.K.040.000","2","1","YES","VJMsg\30 11.7604.K.040.000 | VJMsg\30 11\30BLM\GGBLM\30 11.7604.K.040.000"
"30 11.7603.И.060.901","2","1","YES","VJMsg\30 11.7603.И.060.901 | VJMsg\30 11\30 11.7603\30 11.7603.И.060.901"
"30 11.7698.K.135.000","2","1","YES","VJMsg\30 11.7698.K.135.000 | VJMsg\30 11\30 11.7698\30 11.7698.K.135.000"
"30 11.7698.K.130.000","2","1","YES","VJMsg\30 11.7698.K.130.000 | VJMsg\结构部空调管\30 11.7698.K.130.000"
"30 11.7698.K.125.000","2","1","YES","VJMsg\30 11.7698.K.125.000 | VJMsg\结构部空调管\30 11.7698.K.125.000"
"30 11.7698.K.145.000","2","1","YES","VJMsg\30 11.7698.K.145.000 | VJMsg\结构部空调管\30 11.7698.K.145.000"
"30 11.7698.K.140.000","2","1","YES","VJMsg\30 11.7698.K.140.000 | VJMsg\结构部空调管\30 11.7698.K.140.000"
"30 11.7698.K.135.901","2","2","NO","VJMsg\30 11.7698.K.135.901 | VJMsg\结构部空调管\30 11.7698.K.135.901"
"30 11.5314.K.035.934","2","1","YES","VJMsg\30 11.5314.K.035.934 | VJMsg\30 11\30 11.5314\035\30 11.5314.K.035.934"
"30 11.7698.K.080.000","2","2","NO","VJMsg\30 11.7698.K.080.000 | VJMsg\30 11\30 11.7698\30 11.7698.K.080.000"
"30 11.7698.K.070.000","2","1","YES","VJMsg\30 11.7698.K.070.000 | VJMsg\30 11\30 11.7698\30 11.7698.K.070.000"
"30 11.7698.K.105.903","2","1","YES","VJMsg\30 11.7698.K.105.903 | VJMsg\30 11\30 11.7698\30 11.7698.K.105.903"
"30 11.5314.K.035.929","2","1","YES","VJMsg\30 11.5314.K.035.929 | VJMsg\30 11\30 11.5314\035\30 11.5314.K.035.929"
"30 11.5314.K.035.930","2","1","YES","VJMsg\30 11.5314.K.035.930 | VJMsg\30 11\30 11.5314\035\30 11.5314.K.035.930"
"30 11.7603.3.070.939","2","1","YES","VJMsg\30 11.7603.3.070.939 | VJMsg\30 11\GG7601\30 11.7603.3.070.939"
"30 11.5314.K.035.972","2","1","YES","VJMsg\30 11.5314.K.035.972 | VJMsg\30 11\30 11.5314\035\30 11.5314.K.035.972"
"30 11.7603.1.060.000","2","1","YES","VJMsg\30 11.7603.1.060.000 | VJMsg\30 11\30 11.7603\30 11.7603.1.060.000"
"30 11.7603.3.070.945","2","1","YES","VJMsg\30 11.7603.3.070.945 | VJMsg\30 11\GG7601\30 11.7603.3.070.945"
"30 11.7603.3.070.943","2","1","YES","VJMsg\30 11.7603.3.070.943 | VJMsg\30 11\GG7601\30 11.7603.3.070.943"
"30 11.7603.3.070.941","2","1","YES","VJMsg\30 11.7603.3.070.941 | VJMsg\30 11\GG7601\30 11.7603.3.070.941"
"30 11.7602.У.820.000","2","1","YES","VJMsg\30 11.7602.У.820.000 | VJMsg\30 11\30 11.7602\30 11.7602.У.820.000"
"30 11.7602.У.025.000","2","1","YES","VJMsg\30 11.7602.У.025.000 | VJMsg\30 11\30 11.7602\30 11.7602.У.025.000"
"30 11.7602.И.265.000","2","1","YES","VJMsg\30 11.7602.И.265.000 | VJMsg\30 11\30 11.7602\30 11.7602.И.265.000"
"30 11.7603.1.020.901","2","1","YES","VJMsg\30 11.7603.1.020.901 | VJMsg\30 11\30 铝管\银粉LG\30 11.7603.1.020.901"
"30 11.5314.K.035.974","2","1","YES","VJMsg\30 11.5314.K.035.974 | VJMsg\30 11\30 11.5314\035\30 11.5314.K.035.974"
"30 11.5314.K.035.982","2","1","YES","VJMsg\30 11.5314.K.035.982 | VJMsg\30 11\30 11.5314\035\30 11.5314.K.035.982"
"30 11.5314.K.035.960","2","1","YES","VJMsg\30 11.5314.K.035.960 | VJMsg\30 11\30 11.5314\035\30 11.5314.K.035.960"
"30 11.7603.K.840.000","2","1","YES","VJMsg\30 11.7603.K.840.000 | VJMsg\30 11\30 11.7603\30 11.7603.K.840.000"
"30 11.7603.K.835.000","2","1","YES","VJMsg\30 11.7603.K.835.000 | VJMsg\30 11\30 铝管\浅灰LG\30 11.7603.K.835.000"
"30 11.7603.N.060.901","2","1","YES","VJMsg\30 11.7603.N.060.901 | VJMsg\30 11\30 11.7603\30 11.7603.N.060.901"
"30 11.5314.K.035.947","2","1","YES","VJMsg\30 11.5314.K.035.947 | VJMsg\30 11\30 11.5314\035\30 11.5314.K.035.947"
"30 11.7603.N.045.000","2","1","YES","VJMsg\30 11.7603.N.045.000 | VJMsg\30 11\30 11.7603\30 11.7603.N.045.000"
"30 11.7603.5.070.939","2","1","YES","VJMsg\30 11.7603.5.070.939 | VJMsg\30 11\GG7601\30 11.7603.5.070.939"
"30 11.7603.3.070.951","2","1","YES","VJMsg\30 11.7603.3.070.951 | VJMsg\30 11\GG7601\30 11.7603.3.070.951"
"30 11.7603.3.070.947","2","1","YES","VJMsg\30 11.7603.3.070.947 | VJMsg\30 11\GG7601\30 11.7603.3.070.947"
"30 11.5314.K.035.961","2","1","YES","VJMsg\30 11.5314.K.035.961 | VJMsg\30 11\30 11.5314\035\30 11.5314.K.035.961"
"30 11.5314.K.035.964","2","1","YES","VJMsg\30 11.5314.K.035.964 | VJMsg\30 11\30 11.5314\035\30 11.5314.K.035.964"
"30 11.5314.K.035.969","2","1","YES","VJMsg\30 11.5314.K.035.969 | VJMsg\30 11\30 11.5314\035\30 11.5314.K.035.969"
"30 11.5314.K.035.928","2","1","YES","VJMsg\30 11.5314.K.035.928 | VJMsg\30 11\30 11.5314\035\30 11.5314.K.035.928"
"30 11.5314.7.215.941","2","1","YES","VJMsg\30 11.5314.7.215.941 | VJMsg\30 11\30 铝管\LG5314  30浅灰\30 11.5314.7.215.941"
"30 11.5314.7.215.942","2","1","YES","VJMsg\30 11.5314.7.215.942 | VJMsg\30 11\30 11.5314\215\30 11.5314.7.215.942"
"30 11.5314.7.215.943","2","1","YES","VJMsg\30 11.5314.7.215.943 | VJMsg\30 11\30 11.5314\215\30 11.5314.7.215.943"
"30 11.5314.7.215.937","2","1","YES","VJMsg\30 11.5314.7.215.937 | VJMsg\30 11\30 11.5314\215\30 11.5314.7.215.937"
"30 11.5314.7.215.938","2","1","YES","VJMsg\30 11.5314.7.215.938 | VJMsg\30 11\30 11.5314\215\30 11.5314.7.215.938"
"30 11.5314.7.215.940","2","1","YES","VJMsg\30 11.5314.7.215.940 | VJMsg\30 11\30 11.5314\215\30 11.5314.7.215.940"
"30 11.5314.7.215.948","2","1","YES","VJMsg\30 11.5314.7.215.948 | VJMsg\30 11\30 11.5314\215\30 11.5314.7.215.948"
"30 11.5314.7.215.949","2","1","YES","VJMsg\30 11.5314.7.215.949 | VJMsg\30 11\30 铝管\LG5314  30浅灰\30 11.5314.7.215.949"
"30 11.5314.7.215.951","2","1","YES","VJMsg\30 11.5314.7.215.951 | VJMsg\30 11\30 11.5314\215\30 11.5314.7.215.951"
"30 11.5314.7.215.944","2","1","YES","VJMsg\30 11.5314.7.215.944 | VJMsg\30 11\30 11.5314\215\30 11.5314.7.215.944"
"30 11.5314.7.215.946","2","1","YES","VJMsg\30 11.5314.7.215.946 | VJMsg\30 11\30 铝管\LG5314  30浅灰\30 11.5314.7.215.946"
"30 11.5314.7.215.947","2","1","YES","VJMsg\30 11.5314.7.215.947 | VJMsg\30 11\30 11.5314\215\30 11.5314.7.215.947"
"30 11.5314.7.210.989","2","1","YES","VJMsg\30 11.5314.7.210.989 | VJMsg\30 11\30 11.5314\210\30 11.5314.7.210.989"
"30 11.5314.7.215.927","2","1","YES","VJMsg\30 11.5314.7.215.927 | VJMsg\30 11\30 11.5314\215\30 11.5314.7.215.927"
"30 11.5314.7.215.928","2","1","YES","VJMsg\30 11.5314.7.215.928 | VJMsg\30 11\30 11.5314\215\30 11.5314.7.215.928"
"30 11.5314.7.210.984","2","1","YES","VJMsg\30 11.5314.7.210.984 | VJMsg\30 11\30 11.5314\210\30 11.5314.7.210.984"
"30 11.5314.7.210.985","2","1","YES","VJMsg\30 11.5314.7.210.985 | VJMsg\30 11\30 铝管\LG5314  30浅灰\30 11.5314.7.210.985"
"30 11.5314.7.210.987","2","1","YES","VJMsg\30 11.5314.7.210.987 | VJMsg\30 11\30 11.5314\210\30 11.5314.7.210.987"
"30 11.5314.7.215.934","2","1","YES","VJMsg\30 11.5314.7.215.934 | VJMsg\30 11\30 11.5314\215\30 11.5314.7.215.934"
"30 11.5314.7.215.935","2","1","YES","VJMsg\30 11.5314.7.215.935 | VJMsg\30 11\30 11.5314\215\30 11.5314.7.215.935"
"30 11.5314.7.215.936","2","1","YES","VJMsg\30 11.5314.7.215.936 | VJMsg\30 11\30 11.5314\215\30 11.5314.7.215.936"
"30 11.5314.7.215.929","2","1","YES","VJMsg\30 11.5314.7.215.929 | VJMsg\30 11\30 11.5314\215\30 11.5314.7.215.929"
"30 11.5314.7.215.930","2","1","YES","VJMsg\30 11.5314.7.215.930 | VJMsg\30 11\30 11.5314\215\30 11.5314.7.215.930"
"30 11.5314.7.215.933","2","1","YES","VJMsg\30 11.5314.7.215.933 | VJMsg\30 11\30 11.5314\215\30 11.5314.7.215.933"
"30 11.5314.b.800.903","2","1","YES","VJMsg\30 11.5314.b.800.903 | VJMsg\30 11\30 11.5314\新建文件夹\30 11.5314.b.800.903"
"30 11.5314.K.035.905","2","1","YES","VJMsg\30 11.5314.K.035.905 | VJMsg\30 11\30 11.5314\035\30 11.5314.K.035.905"
"30 11.5314.K.035.906","2","1","YES","VJMsg\30 11.5314.K.035.906 | VJMsg\30 11\30 11.5314\035\30 11.5314.K.035.906"
"30 11.5314.7.655.922","2","1","YES","VJMsg\30 11.5314.7.655.922 | VJMsg\30 11\30 11.5314\655\30 11.5314.7.655.922"
"30 11.5314.b.700.901","2","1","YES","VJMsg\30 11.5314.b.700.901 | VJMsg\30 11\30 11.5314\新建文件夹\30 11.5314.b.700.901"
"30 11.5314.b.700.906","2","1","YES","VJMsg\30 11.5314.b.700.906 | VJMsg\30 11\30 11.5314\新建文件夹\30 11.5314.b.700.906"
"30 11.5314.K.035.919","2","1","YES","VJMsg\30 11.5314.K.035.919 | VJMsg\30 11\30 11.5314\035\30 11.5314.K.035.919"
"30 11.7800.K.025.902","2","1","YES","VJMsg\30 11.7800.K.025.902 | VJMsg\30 11\30 6700\30 11.7800.K.025.902"
"30 11.7750.4.800.090","2","1","YES","VJMsg\30 11.7750.4.800.090 | VJMsg\30 11\30 11.7698\30 11.7750.4.800.090"
"30 11.5314.K.035.909","2","2","NO","VJMsg\30 11.5314.K.035.909 | VJMsg\30 11\30 11.5314\035\30 11.5314.K.035.909"
"30 11.7801.K.030.000","2","1","YES","VJMsg\30 11.7801.K.030.000 | VJMsg\30 11\30氧气管\30 11.7801.K.030.000"
"30 11.5314.K.035.910","2","1","YES","VJMsg\30 11.5314.K.035.910 | VJMsg\30 11\30 11.5314\035\30 11.5314.K.035.910"
"30 11.5314.7.305.903","2","1","YES","VJMsg\30 11.5314.7.305.903 | VJMsg\30红牌\5314.305\30 11.5314.7.305.903"
"30 11.5314.7.305.905","2","1","YES","VJMsg\30 11.5314.7.305.905 | VJMsg\30红牌\5314.305\30 11.5314.7.305.905"
"30 11.5314.7.305.906","2","1","YES","VJMsg\30 11.5314.7.305.906 | VJMsg\30红牌\5314.305\30 11.5314.7.305.906"
"30 11.5314.7.300.913","2","1","YES","VJMsg\30 11.5314.7.300.913 | VJMsg\30 11\30 11.5314\30 11.5314.7.300.913"
"30 11.5314.7.300.915","2","1","YES","VJMsg\30 11.5314.7.300.915 | VJMsg\30 11\30 11.5314\30 11.5314.7.300.915"
"30 11.5314.7.305.902","2","1","YES","VJMsg\30 11.5314.7.305.902 | VJMsg\30红牌\5314.305\30 11.5314.7.305.902"
"30 11.5314.7.655.917","2","1","YES","VJMsg\30 11.5314.7.655.917 | VJMsg\30 11\30 11.5314\655\30 11.5314.7.655.917"
"30 11.5314.7.655.918","2","1","YES","VJMsg\30 11.5314.7.655.918 | VJMsg\30 11\30 11.5314\655\30 11.5314.7.655.918"
"30 11.5314.7.655.919","2","1","YES","VJMsg\30 11.5314.7.655.919 | VJMsg\30 11\30 11.5314\655\30 11.5314.7.655.919"
"30 11.5314.7.305.907","2","1","YES","VJMsg\30 11.5314.7.305.907 | VJMsg\30红牌\5314.305\30 11.5314.7.305.907"
"30 11.5314.7.305.908","2","1","YES","VJMsg\30 11.5314.7.305.908 | VJMsg\30红牌\5314.305\30 11.5314.7.305.908"
"30 11.5314.7.550.901","2","2","NO","VJMsg\30 11.5314.7.550.901 | VJMsg\30红牌\5314\30 11.5314.7.550.901"
"43-8-0.6-280","2","1","YES","VJMsg\43-8-0.6-280 | VJMsg\30红牌\43-8-0.6-280"
"30 11.5314.3.325.943","2","1","YES","VJMsg\30 11.5314.3.325.943 | VJMsg\30 11\30 11.5314\325\30 11.5314.3.325.943"
"30 11.5314.3.325.945","2","1","YES","VJMsg\30 11.5314.3.325.945 | VJMsg\30 11\30 11.5314\325\30 11.5314.3.325.945"
"30 11.5314.3.325.954","2","1","YES","VJMsg\30 11.5314.3.325.954 | VJMsg\30 11\30 11.5314\325\30 11.5314.3.325.954"
"30 11.5314.3.325.929","2","1","YES","VJMsg\30 11.5314.3.325.929 | VJMsg\30 11\30 11.5314\325\30 11.5314.3.325.929"
"30 11.5314.3.325.930","2","1","YES","VJMsg\30 11.5314.3.325.930 | VJMsg\30 11\30 11.5314\325\30 11.5314.3.325.930"
"30 11.5314.3.325.939","2","1","YES","VJMsg\30 11.5314.3.325.939 | VJMsg\30 11\30 11.5314\325\30 11.5314.3.325.939"
"30 11.5314.3.330.905","2","1","YES","VJMsg\30 11.5314.3.330.905 | VJMsg\30 11\30 11.5314\330\30 11.5314.3.330.905"
"30 11.5314.3.330.906","2","1","YES","VJMsg\30 11.5314.3.330.906 | VJMsg\30 11\30 11.5314\330\30 11.5314.3.330.906"
"30 11.5314.3.330.909","2","1","YES","VJMsg\30 11.5314.3.330.909 | VJMsg\30红牌\5314.330\30 11.5314.3.330.909"
"30 11.5314.3.325.960","2","1","YES","VJMsg\30 11.5314.3.325.960 | VJMsg\30 11\30 11.5314\325\30 11.5314.3.325.960"
"30 11.5314.3.325.963","2","1","YES","VJMsg\30 11.5314.3.325.963 | VJMsg\30 11\30 11.5314\325\30 11.5314.3.325.963"
"30 11.5314.3.325.986","2","1","YES","VJMsg\30 11.5314.3.325.986 | VJMsg\30红牌\5314.330\30 11.5314.3.325.986"
"30 11.5314.3.325.922","2","2","NO","VJMsg\30 11.5314.3.325.922 | VJMsg\30 11\30 11.5314\325\30 11.5314.3.325.922"
"J11B.5314.B.305.908","2","1","YES","VJMsg\J11B.5314.B.305.908 | VJMsg\11B红牌\305\J11B.5314.B.305.908"
"J11B.5314.B.305.907","2","1","YES","VJMsg\J11B.5314.B.305.907 | VJMsg\11B红牌\305\J11B.5314.B.305.907"
"30 11.5314.3.325.912","2","1","YES","VJMsg\30 11.5314.3.325.912 | VJMsg\30 11\30 11.5314\325\30 11.5314.3.325.912"
"30 11.5314.3.325.913","2","1","YES","VJMsg\30 11.5314.3.325.913 | VJMsg\30 11\30 11.5314\325\30 11.5314.3.325.913"
"30 11.5314.3.325.918","2","1","YES","VJMsg\30 11.5314.3.325.918 | VJMsg\30 11\30 11.5314\325\30 11.5314.3.325.918"
"J11B.5314.B.305.902","2","1","YES","VJMsg\J11B.5314.B.305.902 | VJMsg\11B红牌\305\J11B.5314.B.305.902"
"30 11.5314.3.325.926","2","1","YES","VJMsg\30 11.5314.3.325.926 | VJMsg\30 11\30 11.5314\325\30 11.5314.3.325.926"
"30 11.5314.3.325.928","2","1","YES","VJMsg\30 11.5314.3.325.928 | VJMsg\30 11\30 11.5314\325\30 11.5314.3.325.928"
"J11B.5314.B.305.906","2","1","YES","VJMsg\J11B.5314.B.305.906 | VJMsg\11B红牌\305\J11B.5314.B.305.906"
"J11B.5314.B.305.905","2","1","YES","VJMsg\J11B.5314.B.305.905 | VJMsg\11B红牌\305\J11B.5314.B.305.905"
"J11B.5314.B.305.903","2","1","YES","VJMsg\J11B.5314.B.305.903 | VJMsg\11B红牌\305\J11B.5314.B.305.903"
"30 11.5314.3.330.953","2","1","YES","VJMsg\30 11.5314.3.330.953 | VJMsg\30红牌\5314.330\30 11.5314.3.330.953"
"30 11.5314.3.330.954","2","1","YES","VJMsg\30 11.5314.3.330.954 | VJMsg\30 11\30 11.5314\330\30 11.5314.3.330.954"
"30 11.5314.3.330.956","2","1","YES","VJMsg\30 11.5314.3.330.956 | VJMsg\30 11\30 11.5314\330\30 11.5314.3.330.956"
"30 11.5314.3.330.930","2","1","YES","VJMsg\30 11.5314.3.330.930 | VJMsg\30 11\30 11.5314\330\30 11.5314.3.330.930"
"30 11.5314.3.330.951","2","1","YES","VJMsg\30 11.5314.3.330.951 | VJMsg\30 11\30 11.5314\330\30 11.5314.3.330.951"
"30 11.5314.3.330.952","2","2","NO","VJMsg\30 11.5314.3.330.952 | VJMsg\30 11\30 铝管\LG5314  30浅灰\30 11.5314.3.330.952"
"30 11.5314.3.330.966","2","1","YES","VJMsg\30 11.5314.3.330.966 | VJMsg\30 11\30 11.5314\330\30 11.5314.3.330.966"
"30 11.5314.3.330.967","2","1","YES","VJMsg\30 11.5314.3.330.967 | VJMsg\30 11\30 11.5314\330\30 11.5314.3.330.967"
"30 11.5314.3.330.968","2","1","YES","VJMsg\30 11.5314.3.330.968 | VJMsg\30 11\30 11.5314\330\30 11.5314.3.330.968"
"30 11.5314.3.330.958","2","1","YES","VJMsg\30 11.5314.3.330.958 | VJMsg\30 11\30 11.5314\330\30 11.5314.3.330.958"
"30 11.5314.3.330.959","2","1","YES","VJMsg\30 11.5314.3.330.959 | VJMsg\30 11\30 11.5314\330\30 11.5314.3.330.959"
"30 11.5314.3.330.965","2","1","YES","VJMsg\30 11.5314.3.330.965 | VJMsg\30 11\30 11.5314\330\30 11.5314.3.330.965"
"30 11.5314.3.330.919","2","1","YES","VJMsg\30 11.5314.3.330.919 | VJMsg\30红牌\5314.330\30 11.5314.3.330.919"
"30 11.5314.3.330.920","2","1","YES","VJMsg\30 11.5314.3.330.920 | VJMsg\30红牌\5314.330\30 11.5314.3.330.920"
"30 11.5314.3.330.921","2","1","YES","VJMsg\30 11.5314.3.330.921 | VJMsg\30红牌\5314.330\30 11.5314.3.330.921"
"30 11.5314.3.330.915","2","1","YES","VJMsg\30 11.5314.3.330.915 | VJMsg\30红牌\5314.330\30 11.5314.3.330.915"
"30 11.5314.3.330.916","2","1","YES","VJMsg\30 11.5314.3.330.916 | VJMsg\30红牌\5314.330\30 11.5314.3.330.916"
"30 11.5314.3.330.918","2","1","YES","VJMsg\30 11.5314.3.330.918 | VJMsg\30红牌\5314.330\30 11.5314.3.330.918"
"30 11.5314.3.330.926","2","1","YES","VJMsg\30 11.5314.3.330.926 | VJMsg\30 11\30 11.5314\330\30 11.5314.3.330.926"
"30 11.5314.3.330.927","2","1","YES","VJMsg\30 11.5314.3.330.927 | VJMsg\30 11\30 11.5314\330\30 11.5314.3.330.927"
"30 11.5314.3.330.929","2","1","YES","VJMsg\30 11.5314.3.330.929 | VJMsg\30 11\30 11.5314\330\30 11.5314.3.330.929"
"30 11.5314.3.330.922","2","1","YES","VJMsg\30 11.5314.3.330.922 | VJMsg\30 11\30 11.5314\330\30 11.5314.3.330.922"
"30 11.5314.3.330.924","2","1","YES","VJMsg\30 11.5314.3.330.924 | VJMsg\30 11\30 11.5314\330\30 11.5314.3.330.924"
"30 11.5314.3.330.925","2","1","YES","VJMsg\30 11.5314.3.330.925 | VJMsg\30 11\30 11.5314\330\30 11.5314.3.330.925"
"30 11.5314.3.325.911","2","1","YES","VJMsg\30 11.5314.3.325.911 | VJMsg\30 11\30 11.5314\325\30 11.5314.3.325.911"
"J11B.5314.B.330.918","2","1","YES","VJMsg\J11B.5314.B.330.918 | VJMsg\11B红牌\黄\J11B.5314.B.330.918"
"J11B.5314.B.330.916","2","1","YES","VJMsg\J11B.5314.B.330.916 | VJMsg\11B红牌\黄\J11B.5314.B.330.916"
"J11B.5314.B.330.915","2","1","YES","VJMsg\J11B.5314.B.330.915 | VJMsg\11B红牌\黄\J11B.5314.B.330.915"
"J11B.5314.B.330.921","2","1","YES","VJMsg\J11B.5314.B.330.921 | VJMsg\11B红牌\黄\J11B.5314.B.330.921"
"J11B.5314.B.330.920","2","1","YES","VJMsg\J11B.5314.B.330.920 | VJMsg\11B红牌\黄\J11B.5314.B.330.920"
"J11B.5314.B.330.919","2","1","YES","VJMsg\J11B.5314.B.330.919 | VJMsg\11B红牌\黄\J11B.5314.B.330.919"
"30 11.0740.K.295.967","2","1","YES","VJMsg\30 11.0740.K.295.967 | VJMsg\30 11\30 直管\浅灰\ZG0740浅灰\30 11.0740.K.295.967"
"30 11.0740.K.295.971","2","1","YES","VJMsg\30 11.0740.K.295.971 | VJMsg\QL30\0740LAN\30 11.0740.K.295.971"
"J11B.5314.B.325.986","2","1","YES","VJMsg\J11B.5314.B.325.986 | VJMsg\11B红牌\黄\J11B.5314.B.325.986"
"30 11.0740.K.295.952","2","1","YES","VJMsg\30 11.0740.K.295.952 | VJMsg\30 11\30 直管\ZGBPQ\ZGLAN\30 11.0740.K.295.952"
"30 11.0740.K.295.954","2","1","YES","VJMsg\30 11.0740.K.295.954 | VJMsg\30 11\30 直管\ZGBPQ\ZGLAN\30 11.0740.K.295.954"
"J11B.5314.B.330.909","2","1","YES","VJMsg\J11B.5314.B.330.909 | VJMsg\11B红牌\黄\J11B.5314.B.330.909"
"J11B.5314.B.330.964","2","1","YES","VJMsg\J11B.5314.B.330.964 | VJMsg\11B红牌\黄\J11B.5314.B.330.964"
"30 11.0740.K.295.924","2","1","YES","VJMsg\30 11.0740.K.295.924 | VJMsg\30 11\30 直管\ZGBPQ\ZGLAN\30 11.0740.K.295.924"
"30 11.0740.K.295.925","2","1","YES","VJMsg\30 11.0740.K.295.925 | VJMsg\30 11\30 直管\ZGBPQ\ZGLAN\30 11.0740.K.295.925"
"30 11.0740.K.295.916","2","1","YES","VJMsg\30 11.0740.K.295.916 | VJMsg\30 11\30 直管\ZGBPQ\ZGLAN\30 11.0740.K.295.916"
"30 11.0740.K.295.920","2","1","YES","VJMsg\30 11.0740.K.295.920 | VJMsg\30 11\30 直管\浅灰\ZG0740浅灰\30 11.0740.K.295.920"
"30 11.0740.K.295.921","2","1","YES","VJMsg\30 11.0740.K.295.921 | VJMsg\QL30\0740LAN\30 11.0740.K.295.921"
"30 11.0740.K.295.940","2","1","YES","VJMsg\30 11.0740.K.295.940 | VJMsg\30 11\30 直管\ZGBPQ\ZGLAN\30 11.0740.K.295.940"
"30 11.0740.K.295.941","2","1","YES","VJMsg\30 11.0740.K.295.941 | VJMsg\30 11\30 直管\ZGBPQ\ZGLAN\30 11.0740.K.295.941"
"30 11.0740.K.295.947","2","1","YES","VJMsg\30 11.0740.K.295.947 | VJMsg\30 11\30 直管\ZGBPQ\ZGLAN\30 11.0740.K.295.947"
"30 11.0740.K.295.926","2","1","YES","VJMsg\30 11.0740.K.295.926 | VJMsg\30 11\30 直管\浅灰\ZG0740浅灰\30 11.0740.K.295.926"
"30 11.0740.K.295.928","2","1","YES","VJMsg\30 11.0740.K.295.928 | VJMsg\30 11\30 直管\浅灰\ZG0740浅灰\30 11.0740.K.295.928"
"J11B.5314.B.330.953","2","1","YES","VJMsg\J11B.5314.B.330.953 | VJMsg\11B红牌\黄\J11B.5314.B.330.953"
"30 11.5001.K.750.000","2","1","YES","VJMsg\30 11.5001.K.750.000 | VJMsg\钛合金\30 11.5001.K.750.000"
"30 11.5001.K.800.000","2","1","YES","VJMsg\30 11.5001.K.800.000 | VJMsg\钛合金\30 11.5001.K.800.000"
"30 11.5002.3.050.000","2","1","YES","VJMsg\30 11.5002.3.050.000 | VJMsg\钛合金\30 11.5002.3.050.000"
"30 11.0745.K.815.909","2","1","YES","VJMsg\30 11.0745.K.815.909 | VJMsg\QL30\QK\30 11.0745.K.815.909"
"30 11.0745.K.815.913","2","1","YES","VJMsg\30 11.0745.K.815.913 | VJMsg\QL30\QK\30 11.0745.K.815.913"
"30 11.5001.K.650.000","2","2","NO","VJMsg\30 11.5001.K.650.000 | VJMsg\钛合金\30 11.5001.K.650.000"
"30 11.5203.3.600.901","2","1","YES","VJMsg\30 11.5203.3.600.901 | VJMsg\钛合金\30 11.5203.3.600.901"
"30 11.5203.3.600.903","2","1","YES","VJMsg\30 11.5203.3.600.903 | VJMsg\钛合金\30 11.5203.3.600.903"
"30 11.5203.3.600.905","2","1","YES","VJMsg\30 11.5203.3.600.905 | VJMsg\钛合金\30 11.5203.3.600.905"
"30 11.5103.3.500.901","2","1","YES","VJMsg\30 11.5103.3.500.901 | VJMsg\钛合金\30 11.5103.3.500.901"
"30 11.5103.3.500.903","2","1","YES","VJMsg\30 11.5103.3.500.903 | VJMsg\钛合金\30 11.5103.3.500.903"
"30 11.5203.3.500.901","2","1","YES","VJMsg\30 11.5203.3.500.901 | VJMsg\钛合金\30 11.5203.3.500.901"
"30 11.0740.K.295.980","2","1","YES","VJMsg\30 11.0740.K.295.980 | VJMsg\QL30\0740LAN\30 11.0740.K.295.980"
"30 11.0740.K.295.982","2","1","YES","VJMsg\30 11.0740.K.295.982 | VJMsg\QL30\QH\30 11.0740.K.295.982"
"30 11.0740.K.295.988","2","1","YES","VJMsg\30 11.0740.K.295.988 | VJMsg\30 11\30 直管\ZGBPQ\ZGLAN\30 11.0740.K.295.988"
"30 11.0740.K.295.973","2","1","YES","VJMsg\30 11.0740.K.295.973 | VJMsg\QL30\0740LAN\30 11.0740.K.295.973"
"30 11.0740.K.295.975","2","1","YES","VJMsg\30 11.0740.K.295.975 | VJMsg\QL30\0740LAN\30 11.0740.K.295.975"
"30 11.0740.K.295.977","2","1","YES","VJMsg\30 11.0740.K.295.977 | VJMsg\QL30\0740LAN\30 11.0740.K.295.977"
"30 11.0740.K.755.904","2","1","YES","VJMsg\30 11.0740.K.755.904 | VJMsg\30 11\30 11.0740\30 11.0740.K.755.904"
"30 11.0740.K.755.906","2","1","YES","VJMsg\30 11.0740.K.755.906 | VJMsg\30 11\30 11.0740\30 11.0740.K.755.906"
"30 11.0745.K.005.909","2","1","YES","VJMsg\30 11.0745.K.005.909 | VJMsg\30 11\30 直管\30 11.0745.K.005.909"
"30 11.0740.K.295.993","2","1","YES","VJMsg\30 11.0740.K.295.993 | VJMsg\30 11\30 直管\浅灰\ZG0740浅灰\30 11.0740.K.295.993"
"30 11.0740.K.295.997","2","1","YES","VJMsg\30 11.0740.K.295.997 | VJMsg\30 11\30 直管\浅灰\ZG0740浅灰\30 11.0740.K.295.997"
"30 11.0740.K.755.902","2","1","YES","VJMsg\30 11.0740.K.755.902 | VJMsg\30 11\30 直管\ZGBPQ\ZGLAN\30 11.0740.K.755.902"
"30 11.5314.3.615.904","2","1","YES","VJMsg\30 11.5314.3.615.904 | VJMsg\30 11\30 11.5314\3.610 3.615\30 11.5314.3.615.904"
"30 11.5314.3.615.905","2","1","YES","VJMsg\30 11.5314.3.615.905 | VJMsg\30 11\30 11.5314\3.610 3.615\30 11.5314.3.615.905"
"30 11.5314.3.710.924","2","1","YES","VJMsg\30 11.5314.3.710.924 | VJMsg\30 11\30 11.5314\710\30 11.5314.3.710.924"
"30 11.5314.3.610.976","2","1","YES","VJMsg\30 11.5314.3.610.976 | VJMsg\30 11\30 11.5314\3.610 3.615\30 11.5314.3.610.976"
"30 11.5314.3.610.977","2","1","YES","VJMsg\30 11.5314.3.610.977 | VJMsg\30 11\30 11.5314\3.610 3.615\30 11.5314.3.610.977"
"30 11.5314.3.615.903","2","1","YES","VJMsg\30 11.5314.3.615.903 | VJMsg\30 11\30 11.5314\3.610 3.615\30 11.5314.3.615.903"
"30 11.5314.3.710.981","2","1","YES","VJMsg\30 11.5314.3.710.981 | VJMsg\30 11\30 11.5314\710\30 11.5314.3.710.981"
"30 11.5314.3.710.982","2","1","YES","VJMsg\30 11.5314.3.710.982 | VJMsg\30 11\30 11.5314\710\30 11.5314.3.710.982"
"J11B.5309.B.707.900","2","1","YES","VJMsg\J11B.5309.B.707.900 | VJMsg\制造件\J11B.5309.B.707.900"
"30 11.5314.3.710.925","2","1","YES","VJMsg\30 11.5314.3.710.925 | VJMsg\30 11\30 11.5314\710\30 11.5314.3.710.925"
"30 11.5314.3.710.928","2","1","YES","VJMsg\30 11.5314.3.710.928 | VJMsg\30 11\30 11.5314\710\30 11.5314.3.710.928"
"30 11.5314.3.710.929","2","1","YES","VJMsg\30 11.5314.3.710.929 | VJMsg\30 11\30 11.5314\710\30 11.5314.3.710.929"
"30 11.5314.3.410.958","2","1","YES","VJMsg\30 11.5314.3.410.958 | VJMsg\30 11\30 11.5314\410\30 11.5314.3.410.958"
"30 11.5314.3.410.961","2","1","YES","VJMsg\30 11.5314.3.410.961 | VJMsg\30 11\30 11.5314\410\30 11.5314.3.410.961"
"30 11.5314.3.445.902","2","1","YES","VJMsg\30 11.5314.3.445.902 | VJMsg\30 11\30 铝管\LG5314  30浅灰\30 11.5314.3.445.902"
"30 11.5314.3.410.945","2","2","NO","VJMsg\30 11.5314.3.410.945 | VJMsg\30 11\30 11.5314\410\30 11.5314.3.410.945"
"30 11.5314.3.410.955","2","1","YES","VJMsg\30 11.5314.3.410.955 | VJMsg\30 11\30 11.5314\410\30 11.5314.3.410.955"
"30 11.5314.3.410.957","2","1","YES","VJMsg\30 11.5314.3.410.957 | VJMsg\30 11\30 11.5314\410\30 11.5314.3.410.957"
"30 11.5314.3.445.921","2","1","YES","VJMsg\30 11.5314.3.445.921 | VJMsg\30 11\30 11.5314\445\30 11.5314.3.445.921"
"30 11.5314.3.445.922","2","1","YES","VJMsg\30 11.5314.3.445.922 | VJMsg\30 11\30 11.5314\445\30 11.5314.3.445.922"
"30 11.5314.3.610.909","2","1","YES","VJMsg\30 11.5314.3.610.909 | VJMsg\30 11\30 11.5314\3.610 3.615\30 11.5314.3.610.909"
"30 11.5314.3.445.906","2","1","YES","VJMsg\30 11.5314.3.445.906 | VJMsg\30 11\30 11.5314\445\30 11.5314.3.445.906"
"30 11.5314.3.445.910","2","1","YES","VJMsg\30 11.5314.3.445.910 | VJMsg\30 11\30 11.5314\445\30 11.5314.3.445.910"
"30 11.5314.3.445.914","2","1","YES","VJMsg\30 11.5314.3.445.914 | VJMsg\30 11\30 11.5314\445\30 11.5314.3.445.914"
"30 11.5314.3.710.984","2","1","YES","VJMsg\30 11.5314.3.710.984 | VJMsg\30 11\30 11.5314\710\30 11.5314.3.710.984"
"30 11.5314.3.710.985","2","1","YES","VJMsg\30 11.5314.3.710.985 | VJMsg\30 11\30 11.5314\710\30 11.5314.3.710.985"
"30 11.5314.3.710.986","2","1","YES","VJMsg\30 11.5314.3.710.986 | VJMsg\30 11\30 11.5314\710\30 11.5314.3.710.986"
"J11B.0745.B.815.929","2","1","YES","VJMsg\J11B.0745.B.815.929 | VJMsg\J11B钢管\0745QK\J11B.0745.B.815.929"
"J11B.0745.B.100.000","2","1","YES","VJMsg\J11B.0745.B.100.000 | VJMsg\J11B钢管\0745QK\J11B.0745.B.100.000"
"30 11.5314.3.710.983","2","1","YES","VJMsg\30 11.5314.3.710.983 | VJMsg\30 11\30 11.5314\710\30 11.5314.3.710.983"
"J11B.0740.B.805.941","2","2","NO","VJMsg\J11B.0740.B.805.941 | VJMsg\J11B钢管\新建文件夹\J11B.0740.B.805.941"
"J11B.0740.B.095.000","2","1","YES","VJMsg\J11B.0740.B.095.000 | VJMsg\机电部\J11B.0740.B.095.000"
"43-8-0.6-290","2","1","YES","VJMsg\43-8-0.6-290 | VJMsg\30红牌\43-8-0.6-290"
"30 11.5314.3.710.987","2","1","YES","VJMsg\30 11.5314.3.710.987 | VJMsg\30 11\30 11.5314\710\30 11.5314.3.710.987"
"30 11.5314.3.710.988","2","1","YES","VJMsg\30 11.5314.3.710.988 | VJMsg\30 11\30 11.5314\710\30 11.5314.3.710.988"
"J11B.0740.B.805.975","2","1","YES","VJMsg\J11B.0740.B.805.975 | VJMsg\J11B钢管\新建文件夹\J11B.0740.B.805.975"
"J11B.5203.B.500.903","2","1","YES","VJMsg\J11B.5203.B.500.903 | VJMsg\钛合金\J11B\J11B.5203.B.500.903"
"J11B.5002.B.170.000","2","1","YES","VJMsg\J11B.5002.B.170.000 | VJMsg\钛合金\J11B\J11B.5002.B.170.000"
"J11B.5002.B.050.000","2","2","NO","VJMsg\J11B.5002.B.050.000 | VJMsg\钛合金\J11B\J11B.5002.B.050.000"
"J11B.5203.B.600.913","2","1","YES","VJMsg\J11B.5203.B.600.913 | VJMsg\钛合金\J11B\J11B.5203.B.600.913"
"J11B.5203.B.600.905","2","1","YES","VJMsg\J11B.5203.B.600.905 | VJMsg\钛合金\J11B\J11B.5203.B.600.905"
"J11B.5203.B.500.905","2","1","YES","VJMsg\J11B.5203.B.500.905 | VJMsg\钛合金\J11B\J11B.5203.B.500.905"
"J11B.0745.B.815.943","2","1","YES","VJMsg\J11B.0745.B.815.943 | VJMsg\J11B钢管\0745QK\J11B.0745.B.815.943"
"J11B.0745.B.815.942","2","1","YES","VJMsg\J11B.0745.B.815.942 | VJMsg\J11B钢管\0745QK\J11B.0745.B.815.942"
"J11B.0745.B.815.939","2","1","YES","VJMsg\J11B.0745.B.815.939 | VJMsg\J11B钢管\0745QK\J11B.0745.B.815.939"
"J11B.5001.B.500.901","2","2","NO","VJMsg\J11B.5001.B.500.901 | VJMsg\钛合金\J11B\J11B.5001.B.500.901"
"J11B.4930.B.020.000","2","1","YES","VJMsg\J11B.4930.B.020.000 | VJMsg\钛合金\J11B\J11B.4930.B.020.000"
"J11B.4930.B.015.000","2","1","YES","VJMsg\J11B.4930.B.015.000 | VJMsg\钛合金\J11B\J11B.4930.B.015.000"
"30 11.5314.3.410.912","2","1","YES","VJMsg\30 11.5314.3.410.912 | VJMsg\30 11\30 11.5314\410\30 11.5314.3.410.912"
"30 11.5314.3.335.920","2","1","YES","VJMsg\30 11.5314.3.335.920 | VJMsg\30 11\30 11.5314\335\LV\30 11.5314.3.335.920"
"30 11.5314.3.335.966","2","1","YES","VJMsg\30 11.5314.3.335.966 | VJMsg\30 11\30 11.5314\335\LV\30 11.5314.3.335.966"
"30 11.5314.3.400.939","2","2","NO","VJMsg\30 11.5314.3.400.939 | VJMsg\30 11\30 11.5314\新建文件夹 (2)\30 11.5314.3.400.939"
"30 11.5314.3.335.916","2","1","YES","VJMsg\30 11.5314.3.335.916 | VJMsg\30 11\30 铝管\LG5314  30浅灰\30 11.5314.3.335.916"
"30 11.5314.3.335.917","2","1","YES","VJMsg\30 11.5314.3.335.917 | VJMsg\30 11\30 铝管\LG5314  30浅灰\30 11.5314.3.335.917"
"30 11.5314.3.335.918","2","1","YES","VJMsg\30 11.5314.3.335.918 | VJMsg\30 11\30 铝管\LG5314  30浅灰\30 11.5314.3.335.918"
"J11B.5314.B.035.932","2","1","YES","VJMsg\J11B.5314.B.035.932 | VJMsg\J11B钢管\5314.B.035\035\二\J11B.5314.B.035.932"
"J11B.5314.B.035.931","2","1","YES","VJMsg\J11B.5314.B.035.931 | VJMsg\J11B钢管\5314.B.035\035\LV\J11B.5314.B.035.931"
"J11B.5314.B.035.930","2","1","YES","VJMsg\J11B.5314.B.035.930 | VJMsg\J11B钢管\5314.B.035\035\零\J11B.5314.B.035.930"
"30 11.5314.3.400.940","2","1","YES","VJMsg\30 11.5314.3.400.940 | VJMsg\30 11\30 11.5314\410\30 11.5314.3.400.940"
"J11B.5314.B.035.937","2","1","YES","VJMsg\J11B.5314.B.035.937 | VJMsg\J11B钢管\5314.B.035\035\LV\J11B.5314.B.035.937"
"J11B.5314.B.035.933","2","1","YES","VJMsg\J11B.5314.B.035.933 | VJMsg\J11B钢管\5314.B.035\035\三\J11B.5314.B.035.933"
"30 11.5314.3.330.977","2","1","YES","VJMsg\30 11.5314.3.330.977 | VJMsg\30 11\30 11.5314\330\30 11.5314.3.330.977"
"30 11.5314.3.330.981","2","1","YES","VJMsg\30 11.5314.3.330.981 | VJMsg\30 11\30 11.5314\330\30 11.5314.3.330.981"
"30 11.5314.3.330.986","2","1","YES","VJMsg\30 11.5314.3.330.986 | VJMsg\30 11\30 11.5314\330\30 11.5314.3.330.986"
"30 11.5314.3.330.970","2","1","YES","VJMsg\30 11.5314.3.330.970 | VJMsg\30 11\30 11.5314\330\30 11.5314.3.330.970"
"30 11.5314.3.330.974","2","1","YES","VJMsg\30 11.5314.3.330.974 | VJMsg\30 11\30 11.5314\330\30 11.5314.3.330.974"
"30 11.5314.3.330.976","2","1","YES","VJMsg\30 11.5314.3.330.976 | VJMsg\30 11\30 11.5314\330\30 11.5314.3.330.976"
"30 11.5314.3.335.911","2","1","YES","VJMsg\30 11.5314.3.335.911 | VJMsg\30 11\30 11.5314\335\30 11.5314.3.335.911"
"30 11.5314.3.335.912","2","1","YES","VJMsg\30 11.5314.3.335.912 | VJMsg\30 11\30 11.5314\335\30 11.5314.3.335.912"
"30 11.5314.3.335.915","2","1","YES","VJMsg\30 11.5314.3.335.915 | VJMsg\30 11\30 铝管\LG5314  30浅灰\30 11.5314.3.335.915"
"30 11.5314.3.335.905","2","1","YES","VJMsg\30 11.5314.3.335.905 | VJMsg\30 11\30 11.5314\335\30 11.5314.3.335.905"
"30 11.5314.3.335.907","2","1","YES","VJMsg\30 11.5314.3.335.907 | VJMsg\30 11\30 11.5314\335\30 11.5314.3.335.907"
"30 11.5314.3.335.908","2","1","YES","VJMsg\30 11.5314.3.335.908 | VJMsg\30 11\30 11.5314\335\30 11.5314.3.335.908"
"J11B.5314.B.035.914","2","1","YES","VJMsg\J11B.5314.B.035.914 | VJMsg\J11B钢管\5314.B.035\035\LV\J11B.5314.B.035.914"
"J11B.5314.B.035.913","2","1","YES","VJMsg\J11B.5314.B.035.913 | VJMsg\J11B钢管\5314.B.035\035\LV\J11B.5314.B.035.913"
"J11B.5314.B.035.912","2","1","YES","VJMsg\J11B.5314.B.035.912 | VJMsg\J11B钢管\5314.B.035\035\LV\J11B.5314.B.035.912"
"J11B.5314.B.035.917","2","1","YES","VJMsg\J11B.5314.B.035.917 | VJMsg\J11B钢管\5314.B.035\035\七\J11B.5314.B.035.917"
"J11B.5314.B.035.916","2","1","YES","VJMsg\J11B.5314.B.035.916 | VJMsg\J11B钢管\5314.B.035\035\六\J11B.5314.B.035.916"
"J11B.5314.B.035.915","2","1","YES","VJMsg\J11B.5314.B.035.915 | VJMsg\J11B钢管\5314.B.035\035\五\J11B.5314.B.035.915"
"30 11.5314.3.410.901","2","1","YES","VJMsg\30 11.5314.3.410.901 | VJMsg\30 11\30 11.5314\410\30 11.5314.3.410.901"
"30 11.5314.3.410.903","2","1","YES","VJMsg\30 11.5314.3.410.903 | VJMsg\30 11\30 11.5314\410\30 11.5314.3.410.903"
"30 11.5314.3.410.907","2","1","YES","VJMsg\30 11.5314.3.410.907 | VJMsg\30 11\30 11.5314\410\30 11.5314.3.410.907"
"J11B.5314.B.035.911","2","1","YES","VJMsg\J11B.5314.B.035.911 | VJMsg\J11B钢管\5314.B.035\035\LV\J11B.5314.B.035.911"
"J11B.5314.B.035.904","2","1","YES","VJMsg\J11B.5314.B.035.904 | VJMsg\J11B钢管\5314.B.035\035\四\J11B.5314.B.035.904"
"J11B.5314.B.035.903","2","1","YES","VJMsg\J11B.5314.B.035.903 | VJMsg\J11B钢管\5314.B.035\035\三\J11B.5314.B.035.903"
"J11B.5314.B.035.926","2","1","YES","VJMsg\J11B.5314.B.035.926 | VJMsg\J11B钢管\5314.B.035\035\六\J11B.5314.B.035.926"
"J11B.5314.B.035.925","2","1","YES","VJMsg\J11B.5314.B.035.925 | VJMsg\J11B钢管\5314.B.035\035\五\J11B.5314.B.035.925"
"J11B.5314.B.035.924","2","1","YES","VJMsg\J11B.5314.B.035.924 | VJMsg\J11B钢管\5314.B.035\035\四\J11B.5314.B.035.924"
"J11B.5314.B.035.929","2","1","YES","VJMsg\J11B.5314.B.035.929 | VJMsg\J11B钢管\5314.B.035\035\九\J11B.5314.B.035.929"
"J11B.5314.B.035.928","2","1","YES","VJMsg\J11B.5314.B.035.928 | VJMsg\J11B钢管\5314.B.035\035\八\J11B.5314.B.035.928"
"J11B.5314.B.035.927","2","1","YES","VJMsg\J11B.5314.B.035.927 | VJMsg\J11B钢管\5314.B.035\035\七\J11B.5314.B.035.927"
"J11B.5314.B.035.920","2","1","YES","VJMsg\J11B.5314.B.035.920 | VJMsg\J11B钢管\5314.B.035\035\零\J11B.5314.B.035.920"
"J11B.5314.B.035.919","2","1","YES","VJMsg\J11B.5314.B.035.919 | VJMsg\J11B钢管\5314.B.035\035\九\J11B.5314.B.035.919"
"J11B.5314.B.035.918","2","1","YES","VJMsg\J11B.5314.B.035.918 | VJMsg\J11B钢管\5314.B.035\035\八\J11B.5314.B.035.918"
"J11B.5314.B.035.923","2","1","YES","VJMsg\J11B.5314.B.035.923 | VJMsg\J11B钢管\5314.B.035\035\三\J11B.5314.B.035.923"
"J11B.5314.B.035.922","2","1","YES","VJMsg\J11B.5314.B.035.922 | VJMsg\J11B钢管\5314.B.035\035\二\J11B.5314.B.035.922"
"J11B.5314.B.035.921","2","1","YES","VJMsg\J11B.5314.B.035.921 | VJMsg\J11B钢管\5314.B.035\035\一\J11B.5314.B.035.921"
"30 11.7602.И.260.000","2","1","YES","VJMsg\30 11.7602.И.260.000 | VJMsg\30 11\30 11.7602\30 11.7602.И.260.000"
"30 11.5314.K.045.985","2","1","YES","VJMsg\30 11.5314.K.045.985 | VJMsg\30 11\30 直管\5314\30 11.5314.K.045.985"
"30 11.5314.K.045.986","2","1","YES","VJMsg\30 11.5314.K.045.986 | VJMsg\30 11\30 11.5314\045\30 11.5314.K.045.986"
"30 11.5314.K.045.987","2","1","YES","VJMsg\30 11.5314.K.045.987 | VJMsg\30 11\30 11.5314\045\30 11.5314.K.045.987"
"30 11.5314.K.045.982","2","1","YES","VJMsg\30 11.5314.K.045.982 | VJMsg\30 11\30 直管\5314\30 11.5314.K.045.982"
"30 11.5314.K.045.983","2","1","YES","VJMsg\30 11.5314.K.045.983 | VJMsg\30 11\30 直管\5314\30 11.5314.K.045.983"
"30 11.5314.K.045.984","2","1","YES","VJMsg\30 11.5314.K.045.984 | VJMsg\30 11\30 直管\5314\30 11.5314.K.045.984"
"30 11.5314.K.050.901","2","1","YES","VJMsg\30 11.5314.K.050.901 | VJMsg\30 11\30 11.5314\050\30 11.5314.K.050.901"
"30 11.5314.K.050.902","2","1","YES","VJMsg\30 11.5314.K.050.902 | VJMsg\30 11\30 11.5314\050\30 11.5314.K.050.902"
"30 11.5314.K.050.903","2","1","YES","VJMsg\30 11.5314.K.050.903 | VJMsg\30 11\30 11.5314\050\30 11.5314.K.050.903"
"30 11.5314.K.045.988","2","1","YES","VJMsg\30 11.5314.K.045.988 | VJMsg\30 11\30 11.5314\045\30 11.5314.K.045.988"
"30 11.5314.K.045.989","2","1","YES","VJMsg\30 11.5314.K.045.989 | VJMsg\30 11\30 11.5314\045\30 11.5314.K.045.989"
"30 11.5314.K.045.990","2","1","YES","VJMsg\30 11.5314.K.045.990 | VJMsg\30 11\30 直管\5314\30 11.5314.K.045.990"
"30 11.5314.K.045.972","2","1","YES","VJMsg\30 11.5314.K.045.972 | VJMsg\30 11\30 11.5314\045\30 11.5314.K.045.972"
"30 11.5314.K.045.973","2","2","NO","VJMsg\30 11.5314.K.045.973 | VJMsg\30 11\30 11.5314\045\30 11.5314.K.045.973"
"30 11.5314.K.045.974","2","1","YES","VJMsg\30 11.5314.K.045.974 | VJMsg\30 11\30 11.5314\045\30 11.5314.K.045.974"
"30 11.5314.K.045.968","2","1","YES","VJMsg\30 11.5314.K.045.968 | VJMsg\30 11\30 11.5314\045\30 11.5314.K.045.968"
"30 11.5314.K.045.969","2","2","NO","VJMsg\30 11.5314.K.045.969 | VJMsg\30 11\30 11.5314\045\30 11.5314.K.045.969"
"30 11.5314.K.045.970","2","1","YES","VJMsg\30 11.5314.K.045.970 | VJMsg\30 11\30 11.5314\045\30 11.5314.K.045.970"
"30 11.5314.K.045.979","2","1","YES","VJMsg\30 11.5314.K.045.979 | VJMsg\30 11\30 11.5314\045\30 11.5314.K.045.979"
"30 11.5314.K.045.980","2","1","YES","VJMsg\30 11.5314.K.045.980 | VJMsg\30 11\30 铝管\LG5314  30浅灰\30 11.5314.K.045.980"
"30 11.5314.K.045.981","2","1","YES","VJMsg\30 11.5314.K.045.981 | VJMsg\30 11\30 11.5314\045\30 11.5314.K.045.981"
"30 11.5314.K.045.975","2","1","YES","VJMsg\30 11.5314.K.045.975 | VJMsg\30 11\30 11.5314\045\30 11.5314.K.045.975"
"30 11.5314.K.045.976","2","1","YES","VJMsg\30 11.5314.K.045.976 | VJMsg\30 11\30 11.5314\045\30 11.5314.K.045.976"
"30 11.5314.K.045.978","2","1","YES","VJMsg\30 11.5314.K.045.978 | VJMsg\30 11\30 11.5314\045\30 11.5314.K.045.978"
"30 11.6600.3.070.902","2","1","YES","VJMsg\30 11.6600.3.070.902 | VJMsg\30 11\6600\30 11.6600.3.070.902"
"30 11.6500.5.830.000","2","1","YES","VJMsg\30 11.6500.5.830.000 | VJMsg\钛合金\30 11.6500.5.830.000"
"30 11.6400.1.015.000","2","1","YES","VJMsg\30 11.6400.1.015.000 | VJMsg\钛合金\30 11.6400.1.015.000"
"30 11.6600.3.840.913","2","1","YES","VJMsg\30 11.6600.3.840.913 | VJMsg\30 11\6600\30 11.6600.3.840.913"
"30 11.6600.3.095.000","2","1","YES","VJMsg\30 11.6600.3.095.000 | VJMsg\30 11\6600\30 11.6600.3.095.000"
"30 11.6600.3.070.905","2","1","YES","VJMsg\30 11.6600.3.070.905 | VJMsg\30 11\6600\30 11.6600.3.070.905"
"30 11.6201.3.825.911","2","1","YES","VJMsg\30 11.6201.3.825.911 | VJMsg\30 11\62006201\30 11.6201.3.825.911"
"30 11.6201.3.825.907","2","1","YES","VJMsg\30 11.6201.3.825.907 | VJMsg\30 11\62006201\30 11.6201.3.825.907"
"30 11.6201.3.820.917","2","1","YES","VJMsg\30 11.6201.3.820.917 | VJMsg\30 11\62006201\30 11.6201.3.820.917"
"30 11.6201.K.800.915","2","1","YES","VJMsg\30 11.6201.K.800.915 | VJMsg\30 11\62006201\30 11.6201.K.800.915"
"30 11.6201.3.825.919","2","1","YES","VJMsg\30 11.6201.3.825.919 | VJMsg\30 11\62006201\30 11.6201.3.825.919"
"30 11.6201.3.825.913","2","1","YES","VJMsg\30 11.6201.3.825.913 | VJMsg\30 11\62006201\30 11.6201.3.825.913"
"30 11.5314.K.050.907","2","1","YES","VJMsg\30 11.5314.K.050.907 | VJMsg\30 11\30 11.5314\050\30 11.5314.K.050.907"
"30 11.5314.K.050.908","2","1","YES","VJMsg\30 11.5314.K.050.908 | VJMsg\30 11\30 11.5314\050\30 11.5314.K.050.908"
"30 11.5314.K.050.909","2","1","YES","VJMsg\30 11.5314.K.050.909 | VJMsg\30 11\30 11.5314\050\LV\30 11.5314.K.050.909"
"30 11.5314.K.050.904","2","1","YES","VJMsg\30 11.5314.K.050.904 | VJMsg\30 11\30 11.5314\050\30 11.5314.K.050.904"
"30 11.5314.K.050.905","2","2","NO","VJMsg\30 11.5314.K.050.905 | VJMsg\30 11\30 11.5314\050\30 11.5314.K.050.905"
"30 11.5314.K.050.906","2","1","YES","VJMsg\30 11.5314.K.050.906 | VJMsg\30 11\30 11.5314\050\30 11.5314.K.050.906"
"30 11.6600.3.945.903","2","1","YES","VJMsg\30 11.6600.3.945.903 | VJMsg\30 11\6600\30 11.6600.3.945.903"
"30 11.6600.3.940.911","2","1","YES","VJMsg\30 11.6600.3.940.911 | VJMsg\30 11\6600\30 11.6600.3.940.911"
"30 11.6600.3.940.902","2","1","YES","VJMsg\30 11.6600.3.940.902 | VJMsg\30 11\6600\30 11.6600.3.940.902"
"30 11.6600.3.950.923","2","2","NO","VJMsg\30 11.6600.3.950.923 | VJMsg\30 11\6600\30 11.6600.3.950.923"
"30 11.6600.3.950.904","2","1","YES","VJMsg\30 11.6600.3.950.904 | VJMsg\30 11\6600\30 11.6600.3.950.904"
"30 11.6600.3.945.904","2","1","YES","VJMsg\30 11.6600.3.945.904 | VJMsg\30 11\6600\30 11.6600.3.945.904"
"30 11.5314.K.045.967","2","1","YES","VJMsg\30 11.5314.K.045.967 | VJMsg\30 11\30 11.5314\045\30 11.5314.K.045.967"
"30 11.6802.3.905.975","2","1","YES","VJMsg\30 11.6802.3.905.975 | VJMsg\QL30\68016802\30 11.6802.3.905.975"
"30 11.6802.3.905.973","2","1","YES","VJMsg\30 11.6802.3.905.973 | VJMsg\QL30\68016802\30 11.6802.3.905.973"
"30 11.6802.3.905.972","2","1","YES","VJMsg\30 11.6802.3.905.972 | VJMsg\QL30\68016802\30 11.6802.3.905.972"
"30 11.6802.3.905.982","2","1","YES","VJMsg\30 11.6802.3.905.982 | VJMsg\QL30\68016802\30 11.6802.3.905.982"
"30 11.6802.3.905.981","2","1","YES","VJMsg\30 11.6802.3.905.981 | VJMsg\QL30\68016802\30 11.6802.3.905.981"
"30 11.6802.3.905.979","2","1","YES","VJMsg\30 11.6802.3.905.979 | VJMsg\QL30\68016802\30 11.6802.3.905.979"
"30 11.6802.3.905.946","2","1","YES","VJMsg\30 11.6802.3.905.946 | VJMsg\QL30\68016802\30 11.6802.3.905.946"
"30 11.6802.3.900.929","2","1","YES","VJMsg\30 11.6802.3.900.929 | VJMsg\QL30\68016802\30 11.6802.3.900.929"
"30 11.6802.3.900.920","2","1","YES","VJMsg\30 11.6802.3.900.920 | VJMsg\QL30\68016802\30 11.6802.3.900.920"
"30 11.6802.3.905.959","2","1","YES","VJMsg\30 11.6802.3.905.959 | VJMsg\QL30\68016802\30 11.6802.3.905.959"
"30 11.6802.3.905.949","2","1","YES","VJMsg\30 11.6802.3.905.949 | VJMsg\QL30\68016802\30 11.6802.3.905.949"
"30 11.6802.3.905.948","2","1","YES","VJMsg\30 11.6802.3.905.948 | VJMsg\QL30\68016802\30 11.6802.3.905.948"
"30 11.5314.K.045.955","2","1","YES","VJMsg\30 11.5314.K.045.955 | VJMsg\30 11\30 11.5314\045\30 11.5314.K.045.955"
"30 11.7401.K.110.000","2","1","YES","VJMsg\30 11.7401.K.110.000 | VJMsg\30 11\30 11.7401\30 11.7401.K.110.000"
"30 11.7401.K.100.000","2","1","YES","VJMsg\30 11.7401.K.100.000 | VJMsg\30 11\30 11.7401\30 11.7401.K.100.000"
"30 11.7401.K.150.000","2","1","YES","VJMsg\30 11.7401.K.150.000 | VJMsg\30 11\30 11.7401\30 11.7401.K.150.000"
"30 11.7401.K.145.000","2","1","YES","VJMsg\30 11.7401.K.145.000 | VJMsg\30 11\30 11.7401\30 11.7401.K.145.000"
"30 11.5314.K.045.954","2","1","YES","VJMsg\30 11.5314.K.045.954 | VJMsg\30 11\30 11.5314\045\LV\30 11.5314.K.045.954"
"30 11.7401.K.027.000","2","1","YES","VJMsg\30 11.7401.K.027.000 | VJMsg\30 11\30 11.7401\30 11.7401.K.027.000"
"30 11.5314.K.045.956","2","1","YES","VJMsg\30 11.5314.K.045.956 | VJMsg\30 11\30 11.5314\045\30 11.5314.K.045.956"
"30 11.7401.7.935.000","2","1","YES","VJMsg\30 11.7401.7.935.000 | VJMsg\30 11\30 铝管\浅灰LG\30 11.7401.7.935.000"
"30 11.7401.K.090.000","2","1","YES","VJMsg\30 11.7401.K.090.000 | VJMsg\30 11\30 11.7401\30 11.7401.K.090.000"
"30 11.7401.K.060.000","2","1","YES","VJMsg\30 11.7401.K.060.000 | VJMsg\30 11\30 11.7401\30 11.7401.K.060.000"
"30 11.7401.K.035.000","2","1","YES","VJMsg\30 11.7401.K.035.000 | VJMsg\30 11\30 11.7401\30 11.7401.K.035.000"
"30 11.6801.3.000.017","2","1","YES","VJMsg\30 11.6801.3.000.017 | VJMsg\QL30\68016802\30 11.6801.3.000.017"
"30 11.5314.K.045.957","2","1","YES","VJMsg\30 11.5314.K.045.957 | VJMsg\30 11\30 11.5314\045\30 11.5314.K.045.957"
"30 11.5314.K.045.958","2","1","YES","VJMsg\30 11.5314.K.045.958 | VJMsg\30 11\30 11.5314\045\30 11.5314.K.045.958"
"30 11.6801.3.000.055","2","1","YES","VJMsg\30 11.6801.3.000.055 | VJMsg\QL30\68016802\30 11.6801.3.000.055"
"30 11.6801.3.000.053","2","1","YES","VJMsg\30 11.6801.3.000.053 | VJMsg\QL30\68016802\30 11.6801.3.000.053"
"30 11.6801.3.000.019","2","1","YES","VJMsg\30 11.6801.3.000.019 | VJMsg\QL30\68016802\30 11.6801.3.000.019"
"30 11.5314.K.045.964","2","1","YES","VJMsg\30 11.5314.K.045.964 | VJMsg\30 11\30 11.5314\045\30 11.5314.K.045.964"
"30 11.5314.K.045.965","2","1","YES","VJMsg\30 11.5314.K.045.965 | VJMsg\30 11\30 11.5314\045\30 11.5314.K.045.965"
"30 11.5314.K.045.966","2","1","YES","VJMsg\30 11.5314.K.045.966 | VJMsg\30 11\30 11.5314\045\30 11.5314.K.045.966"
"30 11.5314.K.045.960","2","1","YES","VJMsg\30 11.5314.K.045.960 | VJMsg\30 11\30 铝管\LG5314  30浅灰\30 11.5314.K.045.960"
"30 11.5314.K.045.962","2","1","YES","VJMsg\30 11.5314.K.045.962 | VJMsg\30 11\30 11.5314\045\30 11.5314.K.045.962"
"30 11.5314.K.045.963","2","1","YES","VJMsg\30 11.5314.K.045.963 | VJMsg\30 11\30 11.5314\045\30 11.5314.K.045.963"
"30 11.6801.3.840.901","2","1","YES","VJMsg\30 11.6801.3.840.901 | VJMsg\QL30\68016802\30 11.6801.3.840.901"
"30 11.6801.3.835.905","2","1","YES","VJMsg\30 11.6801.3.835.905 | VJMsg\QL30\68016802\30 11.6801.3.835.905"
"30 11.6801.3.835.901","2","1","YES","VJMsg\30 11.6801.3.835.901 | VJMsg\QL30\68016802\30 11.6801.3.835.901"
"30 11.6802.3.900.916","2","1","YES","VJMsg\30 11.6802.3.900.916 | VJMsg\QL30\68016802\30 11.6802.3.900.916"
"30 11.6801.3.850.000","2","1","YES","VJMsg\30 11.6801.3.850.000 | VJMsg\QL30\68016802\30 11.6801.3.850.000"
"30 11.6801.3.840.903","2","1","YES","VJMsg\30 11.6801.3.840.903 | VJMsg\QL30\68016802\30 11.6801.3.840.903"
"30 11.6801.3.830.913","2","2","NO","VJMsg\30 11.6801.3.830.913 | VJMsg\QL30\68016802\30 11.6801.3.830.913"
"30 11.6801.3.000.059","2","1","YES","VJMsg\30 11.6801.3.000.059 | VJMsg\QL30\68016802\30 11.6801.3.000.059"
"30 11.6801.3.000.057","2","1","YES","VJMsg\30 11.6801.3.000.057 | VJMsg\QL30\68016802\30 11.6801.3.000.057"
"30 11.6801.3.830.919","2","2","NO","VJMsg\30 11.6801.3.830.919 | VJMsg\QL30\68016802\30 11.6801.3.830.919"
"30 11.6801.3.830.917","2","2","NO","VJMsg\30 11.6801.3.830.917 | VJMsg\QL30\68016802\30 11.6801.3.830.917"
"30 11.6801.3.830.915","2","1","YES","VJMsg\30 11.6801.3.830.915 | VJMsg\QL30\68016802\30 11.6801.3.830.915"
"30 11.6160.K.620.905","2","1","YES","VJMsg\30 11.6160.K.620.905 | VJMsg\30 11\30 铝管\燃油管黄\LG6160\30 11.6160.K.620.905"
"30 11.6160.K.615.903","2","1","YES","VJMsg\30 11.6160.K.615.903 | VJMsg\30 11\30 铝管\燃油管黄\LG6160\30 11.6160.K.615.903"
"30 11.6160.K.605.901","2","1","YES","VJMsg\30 11.6160.K.605.901 | VJMsg\30 11\30 铝管\燃油管黄\LG6160\30 11.6160.K.605.901"
"30 11.6160.K.815.905","2","1","YES","VJMsg\30 11.6160.K.815.905 | VJMsg\30 11\6160\30 11.6160.K.815.905"
"30 11.6160.K.810.901","2","1","YES","VJMsg\30 11.6160.K.810.901 | VJMsg\30 11\30 铝管\燃油管黄\LG6160\30 11.6160.K.810.901"
"30 11.5314.K.300.915","2","1","YES","VJMsg\30 11.5314.K.300.915 | VJMsg\30 11\30 11.5314\300\30 11.5314.K.300.915"
"30 11.6160.K.530.901","2","1","YES","VJMsg\30 11.6160.K.530.901 | VJMsg\30 11\30 铝管\燃油管黄\LG6160\30 11.6160.K.530.901"
"30 11.6160.K.520.000","2","1","YES","VJMsg\30 11.6160.K.520.000 | VJMsg\30 11\30 铝管\燃油管黄\LG6160\30 11.6160.K.520.000"
"30 11.6160.K.515.906","2","1","YES","VJMsg\30 11.6160.K.515.906 | VJMsg\30 11\30 直管\HUANG\ZG6160\30 11.6160.K.515.906"
"30 11.6160.K.600.000","2","1","YES","VJMsg\30 11.6160.K.600.000 | VJMsg\30 11\30 直管\HUANG\ZG6160\30 11.6160.K.600.000"
"30 11.6160.K.540.000","2","1","YES","VJMsg\30 11.6160.K.540.000 | VJMsg\30 11\30 铝管\燃油管黄\LG6160\30 11.6160.K.540.000"
"30 11.6160.K.535.903","2","1","YES","VJMsg\30 11.6160.K.535.903 | VJMsg\30 11\30 铝管\燃油管黄\LG6160\30 11.6160.K.535.903"
"30 11.6170.3.300.911","2","1","YES","VJMsg\30 11.6170.3.300.911 | VJMsg\30 11\30 11.6170\30 11.6170.3.300.911"
"30 11.6170.3.175.903","2","1","YES","VJMsg\30 11.6170.3.175.903 | VJMsg\30 11\30 11.6170\30 11.6170.3.175.903"
"30 11.6160.K.875.000","2","2","NO","VJMsg\30 11.6160.K.875.000 | VJMsg\30 11\30 铝管\燃油管黄\LG6160\30 11.6160.K.875.000"
"30 11.6170.3.540.000","2","1","YES","VJMsg\30 11.6170.3.540.000 | VJMsg\30 11\30 11.6170\30 11.6170.3.540.000"
"30 11.6170.3.510.903","2","1","YES","VJMsg\30 11.6170.3.510.903 | VJMsg\30 11\30 11.6170\30 11.6170.3.510.903"
"30 11.6170.3.505.901","2","1","YES","VJMsg\30 11.6170.3.505.901 | VJMsg\30 11\30 11.6170\30 11.6170.3.505.901"
"30 11.6160.K.855.909","2","1","YES","VJMsg\30 11.6160.K.855.909 | VJMsg\30 11\30 直管\HUANG\ZG6160\30 11.6160.K.855.909"
"30 11.6160.K.830.901","2","1","YES","VJMsg\30 11.6160.K.830.901 | VJMsg\30 11\30 铝管\燃油管黄\LG6160\30 11.6160.K.830.901"
"30 11.6160.K.815.907","2","1","YES","VJMsg\30 11.6160.K.815.907 | VJMsg\30 11\30 铝管\燃油管黄\LG6160\30 11.6160.K.815.907"
"30 11.6160.K.855.915","2","1","YES","VJMsg\30 11.6160.K.855.915 | VJMsg\30 11\30 直管\HUANG\ZG6160\30 11.6160.K.855.915"
"30 11.6160.K.855.913","2","1","YES","VJMsg\30 11.6160.K.855.913 | VJMsg\30 11\30 直管\HUANG\ZG6160\30 11.6160.K.855.913"
"30 11.6160.K.855.911","2","1","YES","VJMsg\30 11.6160.K.855.911 | VJMsg\30 11\30 直管\HUANG\ZG6160\30 11.6160.K.855.911"
"30 11.6160.K.505.921","2","1","YES","VJMsg\30 11.6160.K.505.921 | VJMsg\30 11\6160\30 11.6160.K.505.921"
"30 11.6160.K.505.915","2","1","YES","VJMsg\30 11.6160.K.505.915 | VJMsg\30 11\30 铝管\燃油管黄\LG6160\30 11.6160.K.505.915"
"30 11.6160.K.505.911","2","1","YES","VJMsg\30 11.6160.K.505.911 | VJMsg\30 11\30 铝管\燃油管黄\LG6160\30 11.6160.K.505.911"
"30 11.6160.K.505.929","2","1","YES","VJMsg\30 11.6160.K.505.929 | VJMsg\30 11\6160\30 11.6160.K.505.929"
"30 11.6160.K.505.925","2","1","YES","VJMsg\30 11.6160.K.505.925 | VJMsg\30 11\6160\30 11.6160.K.505.925"
"30 11.6160.K.505.923","2","1","YES","VJMsg\30 11.6160.K.505.923 | VJMsg\30 11\6160\30 11.6160.K.505.923"
"30 11.6160.5.025.907","2","1","YES","VJMsg\30 11.6160.5.025.907 | VJMsg\QL30\HUANG\30 11.6160.5.025.907"
"30 11.6160.5.025.905","2","1","YES","VJMsg\30 11.6160.5.025.905 | VJMsg\30 11\6160\30 11.6160.5.025.905"
"30 11.6140.K.835.000","2","1","YES","VJMsg\30 11.6140.K.835.000 | VJMsg\30 11\30 铝管\燃油管不 喷漆\30 11.6140.K.835.000"
"30 11.6160.K.505.907","2","1","YES","VJMsg\30 11.6160.K.505.907 | VJMsg\30 11\30 铝管\燃油管黄\LG6160\30 11.6160.K.505.907"
"30 11.6160.K.505.901","2","1","YES","VJMsg\30 11.6160.K.505.901 | VJMsg\30 11\30 铝管\燃油管黄\LG6160\30 11.6160.K.505.901"
"30 11.6160.7.855.909","2","1","YES","VJMsg\30 11.6160.7.855.909 | VJMsg\30 11\6160\30 11.6160.7.855.909"
"30 11.6160.K.510.943","2","1","YES","VJMsg\30 11.6160.K.510.943 | VJMsg\30 11\6160\30 11.6160.K.510.943"
"30 11.6160.K.510.935","2","1","YES","VJMsg\30 11.6160.K.510.935 | VJMsg\30 11\6160\30 11.6160.K.510.935"
"30 11.6160.K.510.931","2","1","YES","VJMsg\30 11.6160.K.510.931 | VJMsg\30 11\6160\30 11.6160.K.510.931"
"30 11.6160.K.515.903","2","1","YES","VJMsg\30 11.6160.K.515.903 | VJMsg\30 11\30 直管\HUANG\ZG6160\30 11.6160.K.515.903"
"30 11.5314.K.300.916","2","1","YES","VJMsg\30 11.5314.K.300.916 | VJMsg\30 11\30 11.5314\300\30 11.5314.K.300.916"
"30 11.6160.K.510.945","2","1","YES","VJMsg\30 11.6160.K.510.945 | VJMsg\30 11\6160\30 11.6160.K.510.945"
"30 11.6160.K.510.923","2","1","YES","VJMsg\30 11.6160.K.510.923 | VJMsg\30 11\6160\30 11.6160.K.510.923"
"30 11.6160.K.510.921","2","1","YES","VJMsg\30 11.6160.K.510.921 | VJMsg\30 11\6160\30 11.6160.K.510.921"
"30 11.6160.K.510.906","2","1","YES","VJMsg\30 11.6160.K.510.906 | VJMsg\30 11\6160\30 11.6160.K.510.906"
"30 11.6160.K.510.929","2","1","YES","VJMsg\30 11.6160.K.510.929 | VJMsg\30 11\6160\30 11.6160.K.510.929"
"30 11.6160.K.510.927","2","1","YES","VJMsg\30 11.6160.K.510.927 | VJMsg\30 11\6160\30 11.6160.K.510.927"
"30 11.6160.K.510.925","2","1","YES","VJMsg\30 11.6160.K.510.925 | VJMsg\30 11\6160\30 11.6160.K.510.925"
"30 11.6170.3.830.903","2","1","YES","VJMsg\30 11.6170.3.830.903 | VJMsg\QL30\6170\30 11.6170.3.830.903"
"30 11.5314.K.050.921","2","1","YES","VJMsg\30 11.5314.K.050.921 | VJMsg\30 11\30 11.5314\050\30 11.5314.K.050.921"
"30 11.5314.K.050.922","2","1","YES","VJMsg\30 11.5314.K.050.922 | VJMsg\30 11\30 11.5314\050\30 11.5314.K.050.922"
"30 11.5314.K.050.923","2","1","YES","VJMsg\30 11.5314.K.050.923 | VJMsg\30 11\30 11.5314\050\30 11.5314.K.050.923"
"30 11.5314.K.050.918","2","1","YES","VJMsg\30 11.5314.K.050.918 | VJMsg\30 11\30 铝管\LG5314  30浅灰\30 11.5314.K.050.918"
"30 11.5314.K.050.919","2","1","YES","VJMsg\30 11.5314.K.050.919 | VJMsg\30 11\30 11.5314\050\30 11.5314.K.050.919"
"30 11.5314.K.050.920","2","1","YES","VJMsg\30 11.5314.K.050.920 | VJMsg\30 11\30 11.5314\050\30 11.5314.K.050.920"
"30 11.5314.K.300.913","2","1","YES","VJMsg\30 11.5314.K.300.913 | VJMsg\30 11\30 11.5314\300\30 11.5314.K.300.913"
"30 11.5314.K.300.914","2","1","YES","VJMsg\30 11.5314.K.300.914 | VJMsg\30 11\30 11.5314\300\30 11.5314.K.300.914"
"30 11.6170.K.940.000","2","1","YES","VJMsg\30 11.6170.K.940.000 | VJMsg\30 11\30 11.6170\30 11.6170.K.940.000"
"30 11.5314.K.300.902","2","1","YES","VJMsg\30 11.5314.K.300.902 | VJMsg\30 11\30 11.5314\300\30 11.5314.K.300.902"
"30 11.5314.K.300.903","2","1","YES","VJMsg\30 11.5314.K.300.903 | VJMsg\30 11\30 11.5314\300\30 11.5314.K.300.903"
"30 11.5314.K.300.905","2","1","YES","VJMsg\30 11.5314.K.300.905 | VJMsg\30 11\30 11.5314\300\30 11.5314.K.300.905"
"30 11.6201.3.810.925","2","1","YES","VJMsg\30 11.6201.3.810.925 | VJMsg\30 11\62006201\30 11.6201.3.810.925"
"30 11.6201.3.800.917","2","1","YES","VJMsg\30 11.6201.3.800.917 | VJMsg\30 11\62006201\30 11.6201.3.800.917"
"30 11.6201.3.000.025","2","1","YES","VJMsg\30 11.6201.3.000.025 | VJMsg\30 11\62006201\30 11.6201.3.000.025"
"30 11.6201.3.820.915","2","1","YES","VJMsg\30 11.6201.3.820.915 | VJMsg\30 11\62006201\30 11.6201.3.820.915"
"30 11.6201.3.820.913","2","1","YES","VJMsg\30 11.6201.3.820.913 | VJMsg\30 11\62006201\30 11.6201.3.820.913"
"30 11.6201.3.810.927","2","1","YES","VJMsg\30 11.6201.3.810.927 | VJMsg\30 11\62006201\30 11.6201.3.810.927"
"30 11.5314.K.050.914","2","2","NO","VJMsg\30 11.5314.K.050.914 | VJMsg\30 11\30 11.5314\050\30 11.5314.K.050.914"
"30 11.5314.K.050.915","2","1","YES","VJMsg\30 11.5314.K.050.915 | VJMsg\30 11\30 11.5314\050\30 11.5314.K.050.915"
"30 11.5314.K.050.917","2","1","YES","VJMsg\30 11.5314.K.050.917 | VJMsg\30 11\30 11.5314\050\30 11.5314.K.050.917"
"30 11.5314.K.050.911","2","2","NO","VJMsg\30 11.5314.K.050.911 | VJMsg\30 11\30 11.5314\050\30 11.5314.K.050.911"
"30 11.5314.K.050.912","2","1","YES","VJMsg\30 11.5314.K.050.912 | VJMsg\30 11\30 11.5314\050\30 11.5314.K.050.912"
"30 11.5314.K.050.913","2","1","YES","VJMsg\30 11.5314.K.050.913 | VJMsg\30 11\30 11.5314\050\30 11.5314.K.050.913"
"30 11.6170.3.835.964","2","1","YES","VJMsg\30 11.6170.3.835.964 | VJMsg\QL30\6170\30 11.6170.3.835.964"
"30 11.6170.3.835.957","2","1","YES","VJMsg\30 11.6170.3.835.957 | VJMsg\QL30\6170\30 11.6170.3.835.957"
"30 11.6170.3.835.955","2","1","YES","VJMsg\30 11.6170.3.835.955 | VJMsg\QL30\6170\30 11.6170.3.835.955"
"30 11.6170.3.975.901","2","1","YES","VJMsg\30 11.6170.3.975.901 | VJMsg\30 11\30 11.6170\30 11.6170.3.975.901"
"30 11.6170.3.835.979","2","1","YES","VJMsg\30 11.6170.3.835.979 | VJMsg\QL30\6170\30 11.6170.3.835.979"
"30 11.6170.3.835.977","2","1","YES","VJMsg\30 11.6170.3.835.977 | VJMsg\QL30\6170\30 11.6170.3.835.977"
"30 11.6170.3.835.933","2","1","YES","VJMsg\30 11.6170.3.835.933 | VJMsg\QL30\6170\30 11.6170.3.835.933"
"30 11.6170.3.830.941","2","1","YES","VJMsg\30 11.6170.3.830.941 | VJMsg\QL30\6170\30 11.6170.3.830.941"
"30 11.6170.3.830.907","2","1","YES","VJMsg\30 11.6170.3.830.907 | VJMsg\QL30\6170\30 11.6170.3.830.907"
"30 11.6170.3.835.951","2","2","NO","VJMsg\30 11.6170.3.835.951 | VJMsg\QL30\6170\30 11.6170.3.835.951"
"30 11.6170.3.835.948","2","1","YES","VJMsg\30 11.6170.3.835.948 | VJMsg\QL30\6170\30 11.6170.3.835.948"
"30 11.6170.3.835.943","2","1","YES","VJMsg\30 11.6170.3.835.943 | VJMsg\QL30\6170\30 11.6170.3.835.943"
"30 11.6170.K.835.901","2","2","NO","VJMsg\30 11.6170.K.835.901 | VJMsg\30 11\30 11.6170\30 11.6170.K.835.901"
"30 11.6170.K.835.000","2","1","YES","VJMsg\30 11.6170.K.835.000 | VJMsg\30 11\30 11.6170\30 11.6170.K.835.000"
"30 11.6170.K.825.000","2","1","YES","VJMsg\30 11.6170.K.825.000 | VJMsg\QL30\6170\30 11.6170.K.825.000"
"30 11.6170.K.925.000","2","1","YES","VJMsg\30 11.6170.K.925.000 | VJMsg\QL30\6170\30 11.6170.K.925.000"
"30 11.6170.K.855.000","2","2","NO","VJMsg\30 11.6170.K.855.000 | VJMsg\30 11\30 11.6170\30 11.6170.K.855.000"
"30 11.6170.K.845.000","2","1","YES","VJMsg\30 11.6170.K.845.000 | VJMsg\30 11\30 11.6170\30 11.6170.K.845.000"
"30 11.6170.K.805.903","2","1","YES","VJMsg\30 11.6170.K.805.903 | VJMsg\QL30\6170\30 11.6170.K.805.903"
"30 11.6170.K.045.901","2","1","YES","VJMsg\30 11.6170.K.045.901 | VJMsg\QL30\6170\30 11.6170.K.045.901"
"30 11.6170.7.015.000","2","1","YES","VJMsg\30 11.6170.7.015.000 | VJMsg\30 11\30 11.6170\30 11.6170.7.015.000"
"30 11.6170.K.815.000","2","1","YES","VJMsg\30 11.6170.K.815.000 | VJMsg\QL30\6170\30 11.6170.K.815.000"
"30 11.6170.K.805.905","2","1","YES","VJMsg\30 11.6170.K.805.905 | VJMsg\QL30\6170\30 11.6170.K.805.905"
"30 11.6170.K.805.904","2","1","YES","VJMsg\30 11.6170.K.805.904 | VJMsg\QL30\6170\30 11.6170.K.805.904"
"30 11.7401.K.155.000","2","1","YES","VJMsg\30 11.7401.K.155.000 | VJMsg\30 11\30 11.7401\30 11.7401.K.155.000"
"30 11.7420.K.060.989","2","1","YES","VJMsg\30 11.7420.K.060.989 | VJMsg\30 11\7420\30 11.7420.K.060.989"
"30 11.5314.K.045.902","2","1","YES","VJMsg\30 11.5314.K.045.902 | VJMsg\30 11\30 11.5314\045\30 11.5314.K.045.902"
"30 11.7420.K.060.985","2","1","YES","VJMsg\30 11.7420.K.060.985 | VJMsg\30 11\7420\30 11.7420.K.060.985"
"30 11.7420.K.815.000","2","1","YES","VJMsg\30 11.7420.K.815.000 | VJMsg\30 11\30 铝管\7420绿\30 11.7420.K.815.000"
"30 11.7420.K.405.911","2","1","YES","VJMsg\30 11.7420.K.405.911 | VJMsg\30 11\30 铝管\7420绿\不喷漆\30 11.7420.K.405.911"
"30 11.7420.K.405.905","2","1","YES","VJMsg\30 11.7420.K.405.905 | VJMsg\30 11\30 铝管\7420绿\不喷漆\30 11.7420.K.405.905"
"30 11.7420.K.060.977","2","1","YES","VJMsg\30 11.7420.K.060.977 | VJMsg\30 11\7420\30 11.7420.K.060.977"
"30 11.7420.K.060.976","2","1","YES","VJMsg\30 11.7420.K.060.976 | VJMsg\30 11\30 铝管\7420绿\30 11.7420.K.060.976"
"30 11.7420.K.060.975","2","1","YES","VJMsg\30 11.7420.K.060.975 | VJMsg\30 11\7420\30 11.7420.K.060.975"
"30 11.7420.K.060.984","2","1","YES","VJMsg\30 11.7420.K.060.984 | VJMsg\30 11\7420\30 11.7420.K.060.984"
"30 11.7420.K.060.982","2","1","YES","VJMsg\30 11.7420.K.060.982 | VJMsg\30 11\7420\30 11.7420.K.060.982"
"30 11.7420.K.060.979","2","1","YES","VJMsg\30 11.7420.K.060.979 | VJMsg\30 11\30 铝管\7420绿\30 11.7420.K.060.979"
"30 11.7520.K.110.918","2","1","YES","VJMsg\30 11.7520.K.110.918 | VJMsg\QL30\LV\30 11.7520.K.110.918"
"30 11.7520.K.110.917","2","1","YES","VJMsg\30 11.7520.K.110.917 | VJMsg\QL30\LV\30 11.7520.K.110.917"
"30 11.7520.K.110.913","2","1","YES","VJMsg\30 11.7520.K.110.913 | VJMsg\QL30\LV\30 11.7520.K.110.913"
"30 11.7601.4.830.919","2","1","YES","VJMsg\30 11.7601.4.830.919 | VJMsg\30 11\30 直管\ZGQHL\30 11.7601.4.830.919"
"30 11.5314.K.040.930","2","1","YES","VJMsg\30 11.5314.K.040.930 | VJMsg\30 11\30 11.5314\040\30 11.5314.K.040.930"
"30 11.7520.K.110.920","2","2","NO","VJMsg\30 11.7520.K.110.920 | VJMsg\QL30\LV\30 11.7520.K.110.920"
"30 11.7420.K.875.000","2","1","YES","VJMsg\30 11.7420.K.875.000 | VJMsg\30 11\30 铝管\7420绿\30 11.7420.K.875.000"
"30 11.7420.K.870.000","2","1","YES","VJMsg\30 11.7420.K.870.000 | VJMsg\30 11\7420\30 11.7420.K.870.000"
"30 11.5314.K.045.901","2","1","YES","VJMsg\30 11.5314.K.045.901 | VJMsg\30 11\30 11.5314\045\30 11.5314.K.045.901"
"30 11.7520.K.105.918","2","1","YES","VJMsg\30 11.7520.K.105.918 | VJMsg\30 11\7420\30 11.7520.K.105.918"
"30 11.7420.K.975.000","2","1","YES","VJMsg\30 11.7420.K.975.000 | VJMsg\30 11\7420\30 11.7420.K.975.000"
"30 11.7420.K.895.000","2","2","NO","VJMsg\30 11.7420.K.895.000 | VJMsg\30 11\30 铝管\7420绿\30 11.7420.K.895.000"
"30 11.7420.K.060.934","2","1","YES","VJMsg\30 11.7420.K.060.934 | VJMsg\30 11\30 直管\7420LV\30 11.7420.K.060.934"
"30 11.7420.K.060.933","2","1","YES","VJMsg\30 11.7420.K.060.933 | VJMsg\30 11\7420\30 11.7420.K.060.933"
"30 11.7420.K.060.931","2","1","YES","VJMsg\30 11.7420.K.060.931 | VJMsg\30 11\7420\30 11.7420.K.060.931"
"30 11.7420.K.060.942","2","1","YES","VJMsg\30 11.7420.K.060.942 | VJMsg\30 11\30 铝管\7420绿\30 11.7420.K.060.942"
"30 11.5314.K.045.904","2","1","YES","VJMsg\30 11.5314.K.045.904 | VJMsg\30 11\30 11.5314\045\30 11.5314.K.045.904"
"30 11.7420.K.060.936","2","2","NO","VJMsg\30 11.7420.K.060.936 | VJMsg\30 11\7420\30 11.7420.K.060.936"
"30 11.7420.K.060.925","2","1","YES","VJMsg\30 11.7420.K.060.925 | VJMsg\30 11\30 直管\7420LV\30 11.7420.K.060.925"
"30 11.7420.K.060.924","2","1","YES","VJMsg\30 11.7420.K.060.924 | VJMsg\30 11\30 直管\7420LV\30 11.7420.K.060.924"
"30 11.7420.K.060.917","2","1","YES","VJMsg\30 11.7420.K.060.917 | VJMsg\30 11\30 铝管\7420绿\30 11.7420.K.060.917"
"30 11.7420.K.060.928","2","1","YES","VJMsg\30 11.7420.K.060.928 | VJMsg\30 11\7420\30 11.7420.K.060.928"
"30 11.7420.K.060.927","2","1","YES","VJMsg\30 11.7420.K.060.927 | VJMsg\30 11\7420\30 11.7420.K.060.927"
"30 11.5314.K.045.907","2","1","YES","VJMsg\30 11.5314.K.045.907 | VJMsg\30 11\30 11.5314\045\30 11.5314.K.045.907"
"30 11.7420.K.060.965","2","1","YES","VJMsg\30 11.7420.K.060.965 | VJMsg\30 11\30 铝管\7420绿\30 11.7420.K.060.965"
"30 11.7420.K.060.963","2","1","YES","VJMsg\30 11.7420.K.060.963 | VJMsg\30 11\30 铝管\7420绿\30 11.7420.K.060.963"
"30 11.7420.K.060.962","2","1","YES","VJMsg\30 11.7420.K.060.962 | VJMsg\30 11\30 直管\7420LV\30 11.7420.K.060.962"
"30 11.7420.K.060.971","2","1","YES","VJMsg\30 11.7420.K.060.971 | VJMsg\30 11\30 铝管\7420绿\30 11.7420.K.060.971"
"30 11.7420.K.060.970","2","1","YES","VJMsg\30 11.7420.K.060.970 | VJMsg\30 11\30 铝管\7420绿\30 11.7420.K.060.970"
"30 11.7420.K.060.968","2","1","YES","VJMsg\30 11.7420.K.060.968 | VJMsg\30 11\30 铝管\7420绿\30 11.7420.K.060.968"
"30 11.5314.K.045.903","2","1","YES","VJMsg\30 11.5314.K.045.903 | VJMsg\30 11\30 11.5314\045\30 11.5314.K.045.903"
"30 11.7420.K.060.948","2","1","YES","VJMsg\30 11.7420.K.060.948 | VJMsg\30 11\30 铝管\7420绿\30 11.7420.K.060.948"
"30 11.7420.K.060.944","2","1","YES","VJMsg\30 11.7420.K.060.944 | VJMsg\30 11\30 直管\7420LV\30 11.7420.K.060.944"
"30 11.7420.K.060.960","2","1","YES","VJMsg\30 11.7420.K.060.960 | VJMsg\30 11\7420\30 11.7420.K.060.960"
"30 11.7420.K.060.958","2","2","NO","VJMsg\30 11.7420.K.060.958 | VJMsg\30 11\30 直管\7420LV\30 11.7420.K.060.958"
"30 11.7420.K.060.954","2","1","YES","VJMsg\30 11.7420.K.060.954 | VJMsg\30 11\30 铝管\7420绿\30 11.7420.K.060.954"
"30 11.7601.4.830.921","2","1","YES","VJMsg\30 11.7601.4.830.921 | VJMsg\30 11\30 直管\ZGQHL\30 11.7601.4.830.921"
"30 11.7602.K.805.903","2","1","YES","VJMsg\30 11.7602.K.805.903 | VJMsg\30 11\30 直管\ZGYF\30 11.7602.K.805.903"
"30 11.7602.K.805.901","2","1","YES","VJMsg\30 11.7602.K.805.901 | VJMsg\30 11\30 直管\ZGYF\30 11.7602.K.805.901"
"30 11.7602.K.230.901","2","1","YES","VJMsg\30 11.7602.K.230.901 | VJMsg\30 11\30 11.7602\30 11.7602.K.230.901"
"30 11.7602.K.855.901","2","2","NO","VJMsg\30 11.7602.K.855.901 | VJMsg\30 11\30 铝管\银粉LG\30 11.7602.K.855.901"
"30 11.5314.K.040.907","2","1","YES","VJMsg\30 11.5314.K.040.907 | VJMsg\30 11\30 11.5314\040\30 11.5314.K.040.907"
"30 11.7602.K.840.000","2","1","YES","VJMsg\30 11.7602.K.840.000 | VJMsg\30 11\30 11.7602\30 11.7602.K.840.000"
"30 11.7602.K.180.901","2","1","YES","VJMsg\30 11.7602.K.180.901 | VJMsg\30 11\30 11.7602\30 11.7602.K.180.901"
"30 11.7602.K.040.000","2","1","YES","VJMsg\30 11.7602.K.040.000 | VJMsg\30 11\30 11.7602\30 11.7602.K.040.000"
"30 11.5314.K.040.910","2","1","YES","VJMsg\30 11.5314.K.040.910 | VJMsg\30 11\30 11.5314\040\30 11.5314.K.040.910"
"30 11.5314.K.040.908","2","1","YES","VJMsg\30 11.5314.K.040.908 | VJMsg\30 11\30 11.5314\040\30 11.5314.K.040.908"
"30 11.7602.K.215.000","2","1","YES","VJMsg\30 11.7602.K.215.000 | VJMsg\30 11\30 11.7602\30 11.7602.K.215.000"
"30 11.5314.K.040.909","2","1","YES","VJMsg\30 11.5314.K.040.909 | VJMsg\30 11\30 11.5314\040\30 11.5314.K.040.909"
"30 11.7602.И.035.000","2","1","YES","VJMsg\30 11.7602.И.035.000 | VJMsg\30 11\30 铝管\银粉LG\30 11.7602.И.035.000"
"30 11.7602.K.940.901","2","1","YES","VJMsg\30 11.7602.K.940.901 | VJMsg\30 11\30 11.7602\30 11.7602.K.940.901"
"30 11.7602.K.935.000","2","1","YES","VJMsg\30 11.7602.K.935.000 | VJMsg\30 11\30 11.7602\30 11.7602.K.935.000"
"30 11.5314.K.035.984","2","1","YES","VJMsg\30 11.5314.K.035.984 | VJMsg\30 11\30 11.5314\035\30 11.5314.K.035.984"
"30 11.7602.И.075.000","2","1","YES","VJMsg\30 11.7602.И.075.000 | VJMsg\30 11\30 11.7602\30 11.7602.И.075.000"
"30 11.7602.И.055.901","2","1","YES","VJMsg\30 11.7602.И.055.901 | VJMsg\30 11\30 铝管\银粉LG\30 11.7602.И.055.901"
"30 11.7602.K.875.000","2","1","YES","VJMsg\30 11.7602.K.875.000 | VJMsg\30 11\30 11.7602\30 11.7602.K.875.000"
"30 11.7602.K.870.000","2","1","YES","VJMsg\30 11.7602.K.870.000 | VJMsg\30 11\30 11.7602\30 11.7602.K.870.000"
"30 11.5314.K.040.904","2","1","YES","VJMsg\30 11.5314.K.040.904 | VJMsg\30 11\30 11.5314\040\30 11.5314.K.040.904"
"30 11.7602.K.925.000","2","2","NO","VJMsg\30 11.7602.K.925.000 | VJMsg\30 11\30 铝管\银粉LG\30 11.7602.K.925.000"
"30 11.7602.K.915.903","2","1","YES","VJMsg\30 11.7602.K.915.903 | VJMsg\30 11\30 11.7602\30 11.7602.K.915.903"
"30 11.5314.K.035.992","2","1","YES","VJMsg\30 11.5314.K.035.992 | VJMsg\30 11\30 11.5314\035\30 11.5314.K.035.992"
"30 11.7601.K.710.000","2","1","YES","VJMsg\30 11.7601.K.710.000 | VJMsg\30 11\30 11.7601\30 11.7601.K.710.000"
"30 11.7601.K.665.000","2","1","YES","VJMsg\30 11.7601.K.665.000 | VJMsg\30 11\30 11.7601\30 11.7601.K.665.000"
"30 11.7601.K.660.902","2","1","YES","VJMsg\30 11.7601.K.660.902 | VJMsg\30 11\30 11.7601\30 11.7601.K.660.902"
"30 11.7601.K.805.908","2","1","YES","VJMsg\30 11.7601.K.805.908 | VJMsg\30 11\GG7601\30 11.7601.K.805.908"
"30 11.5314.K.040.923","2","1","YES","VJMsg\30 11.5314.K.040.923 | VJMsg\30 11\30 11.5314\040\30 11.5314.K.040.923"
"30 11.5314.K.040.924","2","1","YES","VJMsg\30 11.5314.K.040.924 | VJMsg\30 11\30 铝管\LG5314  30浅灰\30 11.5314.K.040.924"
"30 11.7601.K.050.901","2","1","YES","VJMsg\30 11.7601.K.050.901 | VJMsg\30 11\30 11.7601\30 11.7601.K.050.901"
"30 11.7601.7.570.925","2","1","YES","VJMsg\30 11.7601.7.570.925 | VJMsg\30 11\30 直管\浅灰\30 11.7601.7.570.925"
"30 11.7601.7.570.923","2","1","YES","VJMsg\30 11.7601.7.570.923 | VJMsg\30 11\30 直管\浅灰\30 11.7601.7.570.923"
"30 11.7601.K.660.901","2","1","YES","VJMsg\30 11.7601.K.660.901 | VJMsg\30 11\30 11.7601\30 11.7601.K.660.901"
"30 11.5314.K.040.925","2","1","YES","VJMsg\30 11.5314.K.040.925 | VJMsg\30 11\30 铝管\LG5314  30浅灰\30 11.5314.K.040.925"
"30 11.7601.K.050.902","2","1","YES","VJMsg\30 11.7601.K.050.902 | VJMsg\30 11\30 11.7601\30 11.7601.K.050.902"
"30 11.7601.K.935.000","2","1","YES","VJMsg\30 11.7601.K.935.000 | VJMsg\30 11\30 11.7601\30 11.7601.K.935.000"
"30 11.5314.K.040.913","2","1","YES","VJMsg\30 11.5314.K.040.913 | VJMsg\30 11\30 11.5314\040\30 11.5314.K.040.913"
"30 11.7601.K.885.000","2","1","YES","VJMsg\30 11.7601.K.885.000 | VJMsg\30 11\30 11.7601\30 11.7601.K.885.000"
"30 11.7601.И.530.901","2","1","YES","VJMsg\30 11.7601.И.530.901 | VJMsg\30 11\30 11.7601\30 11.7601.И.530.901"
"30 11.5314.K.040.911","2","1","YES","VJMsg\30 11.5314.K.040.911 | VJMsg\30 11\30 11.5314\040\30 11.5314.K.040.911"
"30 11.5314.K.040.912","2","1","YES","VJMsg\30 11.5314.K.040.912 | VJMsg\30 11\30 11.5314\040\30 11.5314.K.040.912"
"30 11.7601.K.830.000","2","1","YES","VJMsg\30 11.7601.K.830.000 | VJMsg\30 11\30 11.7601\30 11.7601.K.830.000"
"30 11.7601.K.820.000","2","1","YES","VJMsg\30 11.7601.K.820.000 | VJMsg\30 11\30 11.7601\30 11.7601.K.820.000"
"30 11.5314.K.040.921","2","1","YES","VJMsg\30 11.5314.K.040.921 | VJMsg\30 11\30 直管\5314\30 11.5314.K.040.921"
"30 11.7601.K.880.000","2","1","YES","VJMsg\30 11.7601.K.880.000 | VJMsg\30 11\30 11.7601\30 11.7601.K.880.000"
"30 11.5314.K.040.917","2","1","YES","VJMsg\30 11.5314.K.040.917 | VJMsg\30 11\30 直管\5314\30 11.5314.K.040.917"
"30 11.5314.K.040.919","2","1","YES","VJMsg\30 11.5314.K.040.919 | VJMsg\30 11\30 直管\5314\30 11.5314.K.040.919"
"30 11.5314.K.045.922","2","1","YES","VJMsg\30 11.5314.K.045.922 | VJMsg\30 11\30 11.5314\045\30 11.5314.K.045.922"
"30 11.5314.K.045.923","2","1","YES","VJMsg\30 11.5314.K.045.923 | VJMsg\30 11\30 11.5314\045\30 11.5314.K.045.923"
"30 11.5314.K.045.926","2","1","YES","VJMsg\30 11.5314.K.045.926 | VJMsg\30 11\30 11.5314\045\30 11.5314.K.045.926"
"30 11.5314.K.045.918","2","1","YES","VJMsg\30 11.5314.K.045.918 | VJMsg\30 11\30 11.5314\045\30 11.5314.K.045.918"
"30 11.5314.K.045.920","2","1","YES","VJMsg\30 11.5314.K.045.920 | VJMsg\30 11\30 11.5314\045\30 11.5314.K.045.920"
"30 11.5314.K.045.921","2","1","YES","VJMsg\30 11.5314.K.045.921 | VJMsg\30 11\30 11.5314\045\30 11.5314.K.045.921"
"30 11.5314.K.045.932","2","1","YES","VJMsg\30 11.5314.K.045.932 | VJMsg\30 11\30 11.5314\045\30 11.5314.K.045.932"
"30 11.7401.K.850.000","2","1","YES","VJMsg\30 11.7401.K.850.000 | VJMsg\30 11\30 11.7401\30 11.7401.K.850.000"
"30 11.5314.K.045.935","2","1","YES","VJMsg\30 11.5314.K.045.935 | VJMsg\30 11\30 11.5314\045\30 11.5314.K.045.935"
"30 11.5314.K.045.928","2","1","YES","VJMsg\30 11.5314.K.045.928 | VJMsg\30 11\30 11.5314\045\30 11.5314.K.045.928"
"30 11.5314.K.045.929","2","1","YES","VJMsg\30 11.5314.K.045.929 | VJMsg\30 11\30 11.5314\045\30 11.5314.K.045.929"
"30 11.5314.K.045.930","2","1","YES","VJMsg\30 11.5314.K.045.930 | VJMsg\30 11\30 11.5314\045\30 11.5314.K.045.930"
"30 11.7404.K.855.000","2","1","YES","VJMsg\30 11.7404.K.855.000 | VJMsg\30 11\30 11.7404\30 11.7404.K.855.000"
"30 11.7404.K.850.000","2","1","YES","VJMsg\30 11.7404.K.850.000 | VJMsg\30 11\30 11.7404\30 11.7404.K.850.000"
"30 11.7404.K.845.000","2","1","YES","VJMsg\30 11.7404.K.845.000 | VJMsg\30 11\30 11.7404\30 11.7404.K.845.000"
"30 11.7404.K.885.000","2","1","YES","VJMsg\30 11.7404.K.885.000 | VJMsg\30 11\30 11.7404\30 11.7404.K.885.000"
"30 11.5314.K.045.916","2","1","YES","VJMsg\30 11.5314.K.045.916 | VJMsg\30 11\30 11.5314\045\30 11.5314.K.045.916"
"30 11.7404.K.860.000","2","1","YES","VJMsg\30 11.7404.K.860.000 | VJMsg\30 11\30 11.7404\30 11.7404.K.860.000"
"30 11.7404.K.120.000","2","1","YES","VJMsg\30 11.7404.K.120.000 | VJMsg\30 11\30 11.7404\30 11.7404.K.120.000"
"30 11.7404.K.020.000","2","1","YES","VJMsg\30 11.7404.K.020.000 | VJMsg\30 11\30 11.7404\30 11.7404.K.020.000"
"30 11.5314.K.045.917","2","1","YES","VJMsg\30 11.5314.K.045.917 | VJMsg\30 11\30 11.5314\045\30 11.5314.K.045.917"
"30 11.7404.K.835.911","2","1","YES","VJMsg\30 11.7404.K.835.911 | VJMsg\30 11\30 11.7404\30 11.7404.K.835.911"
"30 11.7404.K.835.909","2","1","YES","VJMsg\30 11.7404.K.835.909 | VJMsg\30 11\30 11.7404\30 11.7404.K.835.909"
"30 11.7404.K.835.903","2","1","YES","VJMsg\30 11.7404.K.835.903 | VJMsg\30 11\30 11.7404\30 11.7404.K.835.903"
"30 11.7401.K.245.000","2","1","YES","VJMsg\30 11.7401.K.245.000 | VJMsg\30 11\30 11.7401\30 11.7401.K.245.000"
"30 11.7401.K.240.000","2","1","YES","VJMsg\30 11.7401.K.240.000 | VJMsg\30 11\30 11.7401\30 11.7401.K.240.000"
"30 11.5314.K.045.947","2","1","YES","VJMsg\30 11.5314.K.045.947 | VJMsg\30 11\30 11.5314\045\30 11.5314.K.045.947"
"30 11.7401.K.260.000","2","1","YES","VJMsg\30 11.7401.K.260.000 | VJMsg\30 11\30 11.7401\30 11.7401.K.260.000"
"30 11.7401.K.255.000","2","1","YES","VJMsg\30 11.7401.K.255.000 | VJMsg\30 11\30 11.7401\30 11.7401.K.255.000"
"30 11.7401.K.250.000","2","1","YES","VJMsg\30 11.7401.K.250.000 | VJMsg\30 11\30 11.7401\30 11.7401.K.250.000"
"30 11.7401.K.205.000","2","1","YES","VJMsg\30 11.7401.K.205.000 | VJMsg\30 11\30 11.7401\30 11.7401.K.205.000"
"30 11.5314.K.045.951","2","1","YES","VJMsg\30 11.5314.K.045.951 | VJMsg\30 11\30 11.5314\045\30 11.5314.K.045.951"
"30 11.5314.K.045.953","2","1","YES","VJMsg\30 11.5314.K.045.953 | VJMsg\30 11\30 11.5314\045\LV\30 11.5314.K.045.953"
"30 11.5314.K.045.949","2","2","NO","VJMsg\30 11.5314.K.045.949 | VJMsg\30 11\30 11.5314\045\30 11.5314.K.045.949"
"30 11.7401.K.225.000","2","1","YES","VJMsg\30 11.7401.K.225.000 | VJMsg\30 11\30 11.7401\30 11.7401.K.225.000"
"30 11.5314.K.045.950","2","1","YES","VJMsg\30 11.5314.K.045.950 | VJMsg\30 11\30 11.5314\045\30 11.5314.K.045.950"
"30 11.5314.K.045.938","2","1","YES","VJMsg\30 11.5314.K.045.938 | VJMsg\30 11\30 11.5314\045\30 11.5314.K.045.938"
"30 11.5314.K.045.939","2","1","YES","VJMsg\30 11.5314.K.045.939 | VJMsg\30 11\30 11.5314\045\30 11.5314.K.045.939"
"30 11.7401.K.530.000","2","1","YES","VJMsg\30 11.7401.K.530.000 | VJMsg\30 11\30 11.7401\30 11.7401.K.530.000"
"30 11.7401.K.825.000","2","1","YES","VJMsg\30 11.7401.K.825.000 | VJMsg\30 11\30 11.7401\30 11.7401.K.825.000"
"30 11.5314.K.045.936","2","1","YES","VJMsg\30 11.5314.K.045.936 | VJMsg\30 11\30 11.5314\045\30 11.5314.K.045.936"
"30 11.5314.K.045.937","2","1","YES","VJMsg\30 11.5314.K.045.937 | VJMsg\30 11\30 直管\5314\30 11.5314.K.045.937"
"30 11.5314.K.045.942","2","1","YES","VJMsg\30 11.5314.K.045.942 | VJMsg\30 11\30 11.5314\045\30 11.5314.K.045.942"
"30 11.5314.K.045.943","2","1","YES","VJMsg\30 11.5314.K.045.943 | VJMsg\30 11\30 11.5314\045\30 11.5314.K.045.943"
"30 11.5314.K.045.944","2","1","YES","VJMsg\30 11.5314.K.045.944 | VJMsg\30 11\30 11.5314\045\30 11.5314.K.045.944"
"30 11.7401.K.300.000","2","1","YES","VJMsg\30 11.7401.K.300.000 | VJMsg\30 11\30 11.7401\30 11.7401.K.300.000"
"30 11.7401.K.290.000","2","1","YES","VJMsg\30 11.7401.K.290.000 | VJMsg\30 11\30 11.7401\30 11.7401.K.290.000"
"30 11.5314.K.045.941","2","1","YES","VJMsg\30 11.5314.K.045.941 | VJMsg\30 11\30 11.5314\045\30 11.5314.K.045.941"
"30 11.7404.K.890.000","2","1","YES","VJMsg\30 11.7404.K.890.000 | VJMsg\30 11\30 11.7404\30 11.7404.K.890.000"
"30 11.7420.3.170.000","2","1","YES","VJMsg\30 11.7420.3.170.000 | VJMsg\30 11\7420\30 11.7420.3.170.000"
"30 11.5314.K.045.912","2","1","YES","VJMsg\30 11.5314.K.045.912 | VJMsg\30 11\30 11.5314\045\30 11.5314.K.045.912"
"30 11.7410.K.945.996","2","1","YES","VJMsg\30 11.7410.K.945.996 | VJMsg\30 11\7410\30 11.7410.K.945.996"
"30 11.7420.3.965.923","2","1","YES","VJMsg\30 11.7420.3.965.923 | VJMsg\30 11\7420\30 11.7420.3.965.923"
"30 11.7420.3.965.920","2","1","YES","VJMsg\30 11.7420.3.965.920 | VJMsg\30 11\30 铝管\7420绿\不喷漆\30 11.7420.3.965.920"
"30 11.7420.3.965.918","2","1","YES","VJMsg\30 11.7420.3.965.918 | VJMsg\30 11\30 铝管\7420绿\不喷漆\30 11.7420.3.965.918"
"30 11.7410.K.945.985","2","1","YES","VJMsg\30 11.7410.K.945.985 | VJMsg\30 11\30 直管\ZG30黑\30 11.7410.K.945.985"
"30 11.5314.K.045.913","2","1","YES","VJMsg\30 11.5314.K.045.913 | VJMsg\30 11\30 11.5314\045\30 11.5314.K.045.913"
"30 11.7410.K.945.981","2","1","YES","VJMsg\30 11.7410.K.945.981 | VJMsg\30 11\7410\30 11.7410.K.945.981"
"30 11.7410.K.945.995","2","1","YES","VJMsg\30 11.7410.K.945.995 | VJMsg\30 11\30 直管\ZG30黑\30 11.7410.K.945.995"
"30 11.7410.K.945.989","2","1","YES","VJMsg\30 11.7410.K.945.989 | VJMsg\30 11\30 直管\ZG30黑\30 11.7410.K.945.989"
"30 11.7410.K.945.987","2","1","YES","VJMsg\30 11.7410.K.945.987 | VJMsg\30 11\7410\30 11.7410.K.945.987"
"30 11.7420.K.060.906","2","1","YES","VJMsg\30 11.7420.K.060.906 | VJMsg\30 11\30 铝管\7420绿\30 11.7420.K.060.906"
"30 11.7420.K.060.904","2","1","YES","VJMsg\30 11.7420.K.060.904 | VJMsg\30 11\30 铝管\7420绿\30 11.7420.K.060.904"
"30 11.7420.K.060.901","2","1","YES","VJMsg\30 11.7420.K.060.901 | VJMsg\30 11\30 铝管\7420绿\30 11.7420.K.060.901"
"30 11.7420.K.060.916","2","1","YES","VJMsg\30 11.7420.K.060.916 | VJMsg\30 11\7420\30 11.7420.K.060.916"
"30 11.7420.K.060.914","2","1","YES","VJMsg\30 11.7420.K.060.914 | VJMsg\30 11\30 铝管\7420绿\30 11.7420.K.060.914"
"30 11.7420.K.060.912","2","1","YES","VJMsg\30 11.7420.K.060.912 | VJMsg\30 11\30 直管\7420LV\30 11.7420.K.060.912"
"30 11.7420.3.965.928","2","1","YES","VJMsg\30 11.7420.3.965.928 | VJMsg\30 11\30 铝管\7420绿\不喷漆\30 11.7420.3.965.928"
"30 11.5314.K.045.910","2","1","YES","VJMsg\30 11.5314.K.045.910 | VJMsg\30 11\30 11.5314\045\30 11.5314.K.045.910"
"30 11.5314.K.045.911","2","1","YES","VJMsg\30 11.5314.K.045.911 | VJMsg\30 11\30 11.5314\045\30 11.5314.K.045.911"
"30 11.5314.K.045.908","2","1","YES","VJMsg\30 11.5314.K.045.908 | VJMsg\30 11\30 11.5314\045\30 11.5314.K.045.908"
"30 11.7420.3.965.931","2","1","YES","VJMsg\30 11.7420.3.965.931 | VJMsg\30 11\7420\30 11.7420.3.965.931"
"30 11.7420.3.965.930","2","1","YES","VJMsg\30 11.7420.3.965.930 | VJMsg\30 11\7420\30 11.7420.3.965.930"
"30 11.7410.K.945.908","2","1","YES","VJMsg\30 11.7410.K.945.908 | VJMsg\30 11\30 直管\ZG30黑\30 11.7410.K.945.908"
"30 11.7410.K.945.906","2","1","YES","VJMsg\30 11.7410.K.945.906 | VJMsg\30 11\7410\30 11.7410.K.945.906"
"30 11.7410.K.945.904","2","1","YES","VJMsg\30 11.7410.K.945.904 | VJMsg\30 11\30 直管\ZG30黑\30 11.7410.K.945.904"
"30 11.7410.K.945.916","2","1","YES","VJMsg\30 11.7410.K.945.916 | VJMsg\30 11\30 直管\ZG30黑\30 11.7410.K.945.916"
"30 11.7410.K.945.915","2","1","YES","VJMsg\30 11.7410.K.945.915 | VJMsg\30 11\30 直管\ZG30黑\30 11.7410.K.945.915"
"30 11.7410.K.945.911","2","1","YES","VJMsg\30 11.7410.K.945.911 | VJMsg\30 11\7410\30 11.7410.K.945.911"
"30 11.7410.3.925.939","2","1","YES","VJMsg\30 11.7410.3.925.939 | VJMsg\30 11\7410\30 11.7410.3.925.939"
"30 11.7410.3.925.935","2","1","YES","VJMsg\30 11.7410.3.925.935 | VJMsg\30 11\7410\30 11.7410.3.925.935"
"30 11.5314.K.045.915","2","1","YES","VJMsg\30 11.5314.K.045.915 | VJMsg\30 11\30 11.5314\045\30 11.5314.K.045.915"
"30 11.5314.K.045.914","2","1","YES","VJMsg\30 11.5314.K.045.914 | VJMsg\30 11\30 11.5314\045\30 11.5314.K.045.914"
"30 11.7410.3.945.921","2","1","YES","VJMsg\30 11.7410.3.945.921 | VJMsg\30 11\7410\30 11.7410.3.945.921"
"30 11.7410.3.925.942","2","1","YES","VJMsg\30 11.7410.3.925.942 | VJMsg\30 11\30 直管\ZG30黑\30 11.7410.3.925.942"
"30 11.7410.K.945.932","2","1","YES","VJMsg\30 11.7410.K.945.932 | VJMsg\30 11\30 直管\ZG30黑\30 11.7410.K.945.932"
"30 11.7410.K.945.930","2","1","YES","VJMsg\30 11.7410.K.945.930 | VJMsg\30 11\7410\30 11.7410.K.945.930"
"30 11.7410.K.945.928","2","1","YES","VJMsg\30 11.7410.K.945.928 | VJMsg\30 11\7410\30 11.7410.K.945.928"
"30 11.7410.K.945.967","2","1","YES","VJMsg\30 11.7410.K.945.967 | VJMsg\30 11\30 直管\ZG30黑\30 11.7410.K.945.967"
"30 11.7410.K.945.949","2","1","YES","VJMsg\30 11.7410.K.945.949 | VJMsg\30 11\7410\30 11.7410.K.945.949"
"30 11.7410.K.945.933","2","1","YES","VJMsg\30 11.7410.K.945.933 | VJMsg\30 11\7410\30 11.7410.K.945.933"
"30 11.7410.K.945.921","2","1","YES","VJMsg\30 11.7410.K.945.921 | VJMsg\30 11\7410\30 11.7410.K.945.921"
"30 11.7410.K.945.920","2","1","YES","VJMsg\30 11.7410.K.945.920 | VJMsg\30 11\30 直管\ZG30黑\30 11.7410.K.945.920"
"30 11.7410.K.945.918","2","1","YES","VJMsg\30 11.7410.K.945.918 | VJMsg\30 11\7410\30 11.7410.K.945.918"
"30 11.7410.K.945.926","2","1","YES","VJMsg\30 11.7410.K.945.926 | VJMsg\30 11\7410\30 11.7410.K.945.926"
"30 11.7410.K.945.924","2","1","YES","VJMsg\30 11.7410.K.945.924 | VJMsg\30 11\7410\30 11.7410.K.945.924"
"30 11.7410.K.945.922","2","1","YES","VJMsg\30 11.7410.K.945.922 | VJMsg\30 11\30 直管\ZG30黑\30 11.7410.K.945.922"
